season,year,round,match_type,final_stage,is_final,home_team,away_team,home_score,away_score,winner,margin,result_type,match_day,match_date,month,match_time,attendance,venue,covid_affected,included_in_main_analysis
2012,2012,1,Home & Away,Not applicable,False,Greater Western Sydney,Sydney,37,100,Sydney,63,Win,Sat,2012-03-24,March,7:20 PM,38203,Stadium Australia,False,True
2012,2012,1,Home & Away,Not applicable,False,Richmond,Carlton,81,125,Carlton,44,Win,Thu,2012-03-29,March,7:45 PM,78285,M.C.G.,False,True
2012,2012,1,Home & Away,Not applicable,False,Hawthorn,Collingwood,137,115,Hawthorn,22,Win,Fri,2012-03-30,March,7:50 PM,78466,M.C.G.,False,True
2012,2012,1,Home & Away,Not applicable,False,Melbourne,Brisbane Lions,78,119,Brisbane Lions,41,Win,Sat,2012-03-31,March,1:45 PM,33473,M.C.G.,False,True
2012,2012,1,Home & Away,Not applicable,False,Gold Coast,Adelaide,68,137,Adelaide,69,Win,Sat,2012-03-31,March,3:45 PM,12790,Carrara,False,True
2012,2012,1,Home & Away,Not applicable,False,Fremantle,Geelong,105,101,Fremantle,4,Win,Sat,2012-03-31,March,4:45 PM,34601,Subiaco,False,True
2012,2012,1,Home & Away,Not applicable,False,North Melbourne,Essendon,102,104,Essendon,2,Win,Sat,2012-03-31,March,7:45 PM,45818,Docklands,False,True
2012,2012,1,Home & Away,Not applicable,False,Western Bulldogs,West Coast,87,136,West Coast,49,Win,Sun,2012-04-01,April,1:10 PM,24977,Docklands,False,True
2012,2012,1,Home & Away,Not applicable,False,Port Adelaide,St Kilda,89,85,Port Adelaide,4,Win,Sun,2012-04-01,April,4:10 PM,21179,Football Park,False,True
2012,2012,2,Home & Away,Not applicable,False,Brisbane Lions,Carlton,63,154,Carlton,91,Win,Thu,2012-04-05,April,7:40 PM,25913,Gabba,False,True
2012,2012,2,Home & Away,Not applicable,False,Essendon,Port Adelaide,111,86,Essendon,25,Win,Sat,2012-04-07,April,1:45 PM,34118,Docklands,False,True
2012,2012,2,Home & Away,Not applicable,False,Sydney,Fremantle,94,81,Sydney,13,Win,Sat,2012-04-07,April,2:10 PM,22242,S.C.G.,False,True
2012,2012,2,Home & Away,Not applicable,False,West Coast,Melbourne,166,58,West Coast,108,Win,Sat,2012-04-07,April,2:40 PM,35674,Subiaco,False,True
2012,2012,2,Home & Away,Not applicable,False,Adelaide,Western Bulldogs,82,64,Adelaide,18,Win,Sat,2012-04-07,April,7:10 PM,34021,Football Park,False,True
2012,2012,2,Home & Away,Not applicable,False,Collingwood,Richmond,85,64,Collingwood,21,Win,Sat,2012-04-07,April,7:40 PM,57268,M.C.G.,False,True
2012,2012,2,Home & Away,Not applicable,False,North Melbourne,Greater Western Sydney,183,54,North Melbourne,129,Win,Sun,2012-04-08,April,1:10 PM,11127,Bellerive Oval,False,True
2012,2012,2,Home & Away,Not applicable,False,St Kilda,Gold Coast,139,47,St Kilda,92,Win,Sun,2012-04-08,April,4:40 PM,21078,Docklands,False,True
2012,2012,2,Home & Away,Not applicable,False,Geelong,Hawthorn,92,90,Geelong,2,Win,Mon,2012-04-09,April,3:10 PM,69231,M.C.G.,False,True
2012,2012,3,Home & Away,Not applicable,False,Carlton,Collingwood,122,62,Carlton,60,Win,Fri,2012-04-13,April,7:50 PM,84259,M.C.G.,False,True
2012,2012,3,Home & Away,Not applicable,False,Richmond,Melbourne,133,74,Richmond,59,Win,Sat,2012-04-14,April,1:45 PM,49826,M.C.G.,False,True
2012,2012,3,Home & Away,Not applicable,False,Port Adelaide,Sydney,83,105,Sydney,22,Win,Sat,2012-04-14,April,1:40 PM,19032,Football Park,False,True
2012,2012,3,Home & Away,Not applicable,False,Fremantle,Brisbane Lions,64,35,Fremantle,29,Win,Sat,2012-04-14,April,2:40 PM,33473,Subiaco,False,True
2012,2012,3,Home & Away,Not applicable,False,Gold Coast,Essendon,88,105,Essendon,17,Win,Sat,2012-04-14,April,7:40 PM,17069,Carrara,False,True
2012,2012,3,Home & Away,Not applicable,False,Western Bulldogs,St Kilda,40,103,St Kilda,63,Win,Sat,2012-04-14,April,7:40 PM,28971,Docklands,False,True
2012,2012,3,Home & Away,Not applicable,False,Greater Western Sydney,West Coast,69,150,West Coast,81,Win,Sun,2012-04-15,April,1:10 PM,6875,Blacktown,False,True
2012,2012,3,Home & Away,Not applicable,False,Hawthorn,Adelaide,140,84,Hawthorn,56,Win,Sun,2012-04-15,April,3:15 PM,33524,M.C.G.,False,True
2012,2012,3,Home & Away,Not applicable,False,North Melbourne,Geelong,131,114,North Melbourne,17,Win,Sun,2012-04-15,April,4:40 PM,29630,Docklands,False,True
2012,2012,4,Home & Away,Not applicable,False,St Kilda,Fremantle,79,92,Fremantle,13,Win,Fri,2012-04-20,April,7:50 PM,30172,Docklands,False,True
2012,2012,4,Home & Away,Not applicable,False,Carlton,Essendon,79,109,Essendon,30,Win,Sat,2012-04-21,April,1:45 PM,73172,M.C.G.,False,True
2012,2012,4,Home & Away,Not applicable,False,Collingwood,Port Adelaide,97,73,Collingwood,24,Win,Sat,2012-04-21,April,2:10 PM,30741,Docklands,False,True
2012,2012,4,Home & Away,Not applicable,False,Adelaide,Greater Western Sydney,96,50,Adelaide,46,Win,Sat,2012-04-21,April,4:10 PM,28261,Football Park,False,True
2012,2012,4,Home & Away,Not applicable,False,West Coast,Hawthorn,51,46,West Coast,5,Win,Sat,2012-04-21,April,5:40 PM,40080,Subiaco,False,True
2012,2012,4,Home & Away,Not applicable,False,Brisbane Lions,Gold Coast,111,46,Brisbane Lions,65,Win,Sat,2012-04-21,April,7:40 PM,21980,Gabba,False,True
2012,2012,4,Home & Away,Not applicable,False,Geelong,Richmond,75,65,Geelong,10,Win,Sun,2012-04-22,April,1:10 PM,21952,Kardinia Park,False,True
2012,2012,4,Home & Away,Not applicable,False,Sydney,North Melbourne,113,77,Sydney,36,Win,Sun,2012-04-22,April,3:15 PM,21049,S.C.G.,False,True
2012,2012,4,Home & Away,Not applicable,False,Melbourne,Western Bulldogs,67,88,Western Bulldogs,21,Win,Sun,2012-04-22,April,4:40 PM,33565,M.C.G.,False,True
2012,2012,5,Home & Away,Not applicable,False,Collingwood,Essendon,80,79,Collingwood,1,Win,Wed,2012-04-25,April,2:40 PM,86932,M.C.G.,False,True
2012,2012,5,Home & Away,Not applicable,False,Fremantle,Carlton,57,65,Carlton,8,Win,Fri,2012-04-27,April,6:45 PM,38847,Subiaco,False,True
2012,2012,5,Home & Away,Not applicable,False,Greater Western Sydney,Western Bulldogs,62,104,Western Bulldogs,42,Win,Sat,2012-04-28,April,1:45 PM,9128,Manuka Oval,False,True
2012,2012,5,Home & Away,Not applicable,False,North Melbourne,Gold Coast,127,93,North Melbourne,34,Win,Sat,2012-04-28,April,4:40 PM,17680,Docklands,False,True
2012,2012,5,Home & Away,Not applicable,False,Melbourne,St Kilda,66,84,St Kilda,18,Win,Sat,2012-04-28,April,7:40 PM,24877,M.C.G.,False,True
2012,2012,5,Home & Away,Not applicable,False,Brisbane Lions,Geelong,41,79,Geelong,38,Win,Sat,2012-04-28,April,7:45 PM,15534,Gabba,False,True
2012,2012,5,Home & Away,Not applicable,False,Hawthorn,Sydney,69,106,Sydney,37,Win,Sun,2012-04-29,April,1:10 PM,19217,York Park,False,True
2012,2012,5,Home & Away,Not applicable,False,Richmond,West Coast,97,107,West Coast,10,Win,Sun,2012-04-29,April,3:15 PM,28464,Docklands,False,True
2012,2012,5,Home & Away,Not applicable,False,Adelaide,Port Adelaide,110,91,Adelaide,19,Win,Sun,2012-04-29,April,4:10 PM,41649,Football Park,False,True
2012,2012,6,Home & Away,Not applicable,False,Western Bulldogs,Collingwood,77,98,Collingwood,21,Win,Fri,2012-05-04,May,7:50 PM,38155,Docklands,False,True
2012,2012,6,Home & Away,Not applicable,False,Essendon,Brisbane Lions,129,62,Essendon,67,Win,Sat,2012-05-05,May,1:40 PM,36361,Docklands,False,True
2012,2012,6,Home & Away,Not applicable,False,Geelong,Melbourne,119,76,Geelong,43,Win,Sat,2012-05-05,May,1:45 PM,18010,Kardinia Park,False,True
2012,2012,6,Home & Away,Not applicable,False,Gold Coast,Fremantle,87,94,Fremantle,7,Win,Sat,2012-05-05,May,4:40 PM,11670,Carrara,False,True
2012,2012,6,Home & Away,Not applicable,False,Sydney,Adelaide,94,99,Adelaide,5,Win,Sat,2012-05-05,May,7:40 PM,23969,S.C.G.,False,True
2012,2012,6,Home & Away,Not applicable,False,St Kilda,Hawthorn,88,123,Hawthorn,35,Win,Sat,2012-05-05,May,7:40 PM,42290,M.C.G.,False,True
2012,2012,6,Home & Away,Not applicable,False,Carlton,Greater Western Sydney,110,43,Carlton,67,Win,Sun,2012-05-06,May,1:10 PM,28213,Docklands,False,True
2012,2012,6,Home & Away,Not applicable,False,Port Adelaide,Richmond,54,91,Richmond,37,Win,Sun,2012-05-06,May,2:45 PM,18522,Football Park,False,True
2012,2012,6,Home & Away,Not applicable,False,West Coast,North Melbourne,120,95,West Coast,25,Win,Sun,2012-05-06,May,2:40 PM,37202,Subiaco,False,True
2012,2012,7,Home & Away,Not applicable,False,Melbourne,Hawthorn,49,115,Hawthorn,66,Win,Fri,2012-05-11,May,7:50 PM,36430,M.C.G.,False,True
2012,2012,7,Home & Away,Not applicable,False,Adelaide,Geelong,122,72,Adelaide,50,Win,Sat,2012-05-12,May,12:45 PM,35535,Football Park,False,True
2012,2012,7,Home & Away,Not applicable,False,Greater Western Sydney,Gold Coast,94,67,Greater Western Sydney,27,Win,Sat,2012-05-12,May,1:40 PM,8603,Manuka Oval,False,True
2012,2012,7,Home & Away,Not applicable,False,Richmond,Sydney,91,62,Richmond,29,Win,Sat,2012-05-12,May,4:40 PM,40352,M.C.G.,False,True
2012,2012,7,Home & Away,Not applicable,False,Brisbane Lions,Collingwood,58,116,Collingwood,58,Win,Sat,2012-05-12,May,7:40 PM,27926,Gabba,False,True
2012,2012,7,Home & Away,Not applicable,False,Essendon,West Coast,113,52,Essendon,61,Win,Sat,2012-05-12,May,7:40 PM,43260,Docklands,False,True
2012,2012,7,Home & Away,Not applicable,False,North Melbourne,Western Bulldogs,83,101,Western Bulldogs,18,Win,Sun,2012-05-13,May,1:10 PM,20885,Docklands,False,True
2012,2012,7,Home & Away,Not applicable,False,Fremantle,Port Adelaide,87,47,Fremantle,40,Win,Sun,2012-05-13,May,2:40 PM,30079,Subiaco,False,True
2012,2012,7,Home & Away,Not applicable,False,St Kilda,Carlton,122,98,St Kilda,24,Win,Mon,2012-05-14,May,7:40 PM,38823,Docklands,False,True
2012,2012,8,Home & Away,Not applicable,False,Collingwood,Geelong,96,84,Collingwood,12,Win,Fri,2012-05-18,May,7:50 PM,75650,M.C.G.,False,True
2012,2012,8,Home & Away,Not applicable,False,Port Adelaide,North Melbourne,95,93,Port Adelaide,2,Win,Sat,2012-05-19,May,1:15 PM,14508,Football Park,False,True
2012,2012,8,Home & Away,Not applicable,False,Hawthorn,Fremantle,119,63,Hawthorn,56,Win,Sat,2012-05-19,May,2:10 PM,12959,York Park,False,True
2012,2012,8,Home & Away,Not applicable,False,Sydney,Melbourne,138,37,Sydney,101,Win,Sat,2012-05-19,May,4:40 PM,20818,S.C.G.,False,True
2012,2012,8,Home & Away,Not applicable,False,Western Bulldogs,Gold Coast,72,34,Western Bulldogs,38,Win,Sat,2012-05-19,May,7:10 PM,8724,Marrara Oval,False,True
2012,2012,8,Home & Away,Not applicable,False,Essendon,Richmond,128,109,Essendon,19,Win,Sat,2012-05-19,May,7:50 PM,80900,M.C.G.,False,True
2012,2012,8,Home & Away,Not applicable,False,Brisbane Lions,Greater Western Sydney,132,40,Brisbane Lions,92,Win,Sun,2012-05-20,May,1:10 PM,16049,Gabba,False,True
2012,2012,8,Home & Away,Not applicable,False,Carlton,Adelaide,55,124,Adelaide,69,Win,Sun,2012-05-20,May,3:15 PM,35917,Docklands,False,True
2012,2012,8,Home & Away,Not applicable,False,West Coast,St Kilda,121,91,West Coast,30,Win,Sun,2012-05-20,May,2:40 PM,38174,Subiaco,False,True
2012,2012,9,Home & Away,Not applicable,False,Western Bulldogs,Geelong,75,95,Geelong,20,Win,Fri,2012-05-25,May,7:50 PM,29118,Docklands,False,True
2012,2012,9,Home & Away,Not applicable,False,Richmond,Hawthorn,137,75,Richmond,62,Win,Sat,2012-05-26,May,1:45 PM,51617,M.C.G.,False,True
2012,2012,9,Home & Away,Not applicable,False,Gold Coast,Port Adelaide,70,118,Port Adelaide,48,Win,Sat,2012-05-26,May,2:10 PM,12416,Carrara,False,True
2012,2012,9,Home & Away,Not applicable,False,St Kilda,Sydney,111,83,St Kilda,28,Win,Sat,2012-05-26,May,4:40 PM,34737,Docklands,False,True
2012,2012,9,Home & Away,Not applicable,False,Adelaide,Collingwood,49,75,Collingwood,26,Win,Sat,2012-05-26,May,7:10 PM,44238,Football Park,False,True
2012,2012,9,Home & Away,Not applicable,False,Greater Western Sydney,Essendon,53,119,Essendon,66,Win,Sat,2012-05-26,May,7:40 PM,11887,Sydney Showground,False,True
2012,2012,9,Home & Away,Not applicable,False,North Melbourne,Brisbane Lions,112,96,North Melbourne,16,Win,Sun,2012-05-27,May,1:10 PM,19988,Docklands,False,True
2012,2012,9,Home & Away,Not applicable,False,Carlton,Melbourne,107,49,Carlton,58,Win,Sun,2012-05-27,May,3:15 PM,28371,M.C.G.,False,True
2012,2012,9,Home & Away,Not applicable,False,West Coast,Fremantle,84,36,West Coast,48,Win,Sun,2012-05-27,May,2:40 PM,40905,Subiaco,False,True
2012,2012,10,Home & Away,Not applicable,False,St Kilda,Richmond,113,121,Richmond,8,Win,Fri,2012-06-01,June,7:50 PM,49337,Docklands,False,True
2012,2012,10,Home & Away,Not applicable,False,Geelong,Greater Western Sydney,126,61,Geelong,65,Win,Sat,2012-06-02,June,1:45 PM,17243,Kardinia Park,False,True
2012,2012,10,Home & Away,Not applicable,False,Hawthorn,North Melbourne,174,59,Hawthorn,115,Win,Sat,2012-06-02,June,2:10 PM,16143,York Park,False,True
2012,2012,10,Home & Away,Not applicable,False,Fremantle,Adelaide,82,111,Adelaide,29,Win,Sat,2012-06-02,June,2:40 PM,31392,Subiaco,False,True
2012,2012,10,Home & Away,Not applicable,False,Port Adelaide,Carlton,99,45,Port Adelaide,54,Win,Sat,2012-06-02,June,7:10 PM,24746,Football Park,False,True
2012,2012,10,Home & Away,Not applicable,False,Essendon,Melbourne,52,58,Melbourne,6,Win,Sat,2012-06-02,June,7:40 PM,42987,M.C.G.,False,True
2012,2012,10,Home & Away,Not applicable,False,Brisbane Lions,West Coast,102,100,Brisbane Lions,2,Win,Sun,2012-06-03,June,1:10 PM,15546,Gabba,False,True
2012,2012,10,Home & Away,Not applicable,False,Sydney,Western Bulldogs,132,40,Sydney,92,Win,Sun,2012-06-03,June,3:15 PM,13505,S.C.G.,False,True
2012,2012,10,Home & Away,Not applicable,False,Collingwood,Gold Coast,149,52,Collingwood,97,Win,Sun,2012-06-03,June,4:40 PM,36913,M.C.G.,False,True
2012,2012,11,Home & Away,Not applicable,False,Carlton,Geelong,85,97,Geelong,12,Win,Fri,2012-06-08,June,7:50 PM,47632,Docklands,False,True
2012,2012,11,Home & Away,Not applicable,False,Richmond,Fremantle,66,78,Fremantle,12,Win,Sat,2012-06-09,June,1:40 PM,43801,M.C.G.,False,True
2012,2012,11,Home & Away,Not applicable,False,Gold Coast,St Kilda,49,144,St Kilda,95,Win,Sat,2012-06-09,June,4:40 PM,12534,Carrara,False,True
2012,2012,11,Home & Away,Not applicable,False,Essendon,Sydney,82,86,Sydney,4,Win,Sat,2012-06-09,June,7:40 PM,42785,Docklands,False,True
2012,2012,11,Home & Away,Not applicable,False,Port Adelaide,Hawthorn,62,108,Hawthorn,46,Win,Sun,2012-06-10,June,4:10 PM,26638,Football Park,False,True
2012,2012,11,Home & Away,Not applicable,False,Melbourne,Collingwood,87,129,Collingwood,42,Win,Mon,2012-06-11,June,3:15 PM,64250,M.C.G.,False,True
2012,2012,12,Home & Away,Not applicable,False,West Coast,Carlton,79,69,West Coast,10,Win,Thu,2012-06-14,June,5:40 PM,34224,Subiaco,False,True
2012,2012,12,Home & Away,Not applicable,False,Adelaide,St Kilda,115,111,Adelaide,4,Win,Fri,2012-06-15,June,8:10 PM,36394,Football Park,False,True
2012,2012,12,Home & Away,Not applicable,False,Greater Western Sydney,Richmond,74,86,Richmond,12,Win,Sat,2012-06-16,June,2:10 PM,7538,Sydney Showground,False,True
2012,2012,12,Home & Away,Not applicable,False,Gold Coast,North Melbourne,80,87,North Melbourne,7,Win,Sat,2012-06-16,June,7:40 PM,10170,Carrara,False,True
2012,2012,12,Home & Away,Not applicable,False,Hawthorn,Brisbane Lions,135,70,Hawthorn,65,Win,Sun,2012-06-17,June,1:10 PM,35492,M.C.G.,False,True
2012,2012,12,Home & Away,Not applicable,False,Western Bulldogs,Port Adelaide,95,57,Western Bulldogs,38,Win,Sun,2012-06-17,June,4:40 PM,16036,Docklands,False,True
2012,2012,13,Home & Away,Not applicable,False,Sydney,Geelong,80,74,Sydney,6,Win,Fri,2012-06-22,June,7:50 PM,27400,S.C.G.,False,True
2012,2012,13,Home & Away,Not applicable,False,Western Bulldogs,Brisbane Lions,56,114,Brisbane Lions,58,Win,Sat,2012-06-23,June,1:40 PM,20146,Docklands,False,True
2012,2012,13,Home & Away,Not applicable,False,Collingwood,West Coast,85,82,Collingwood,3,Win,Sat,2012-06-23,June,4:40 PM,62957,M.C.G.,False,True
2012,2012,13,Home & Away,Not applicable,False,Fremantle,Essendon,89,113,Essendon,24,Win,Sat,2012-06-23,June,5:40 PM,34567,Subiaco,False,True
2012,2012,13,Home & Away,Not applicable,False,Melbourne,Greater Western Sydney,135,57,Melbourne,78,Win,Sun,2012-06-24,June,3:15 PM,20070,M.C.G.,False,True
2012,2012,13,Home & Away,Not applicable,False,North Melbourne,Adelaide,121,89,North Melbourne,32,Win,Sun,2012-06-24,June,4:40 PM,18866,Docklands,False,True
2012,2012,14,Home & Away,Not applicable,False,Carlton,Hawthorn,70,120,Hawthorn,50,Win,Fri,2012-06-29,June,7:50 PM,65047,M.C.G.,False,True
2012,2012,14,Home & Away,Not applicable,False,Collingwood,Fremantle,107,78,Collingwood,29,Win,Sat,2012-06-30,June,1:45 PM,44891,M.C.G.,False,True
2012,2012,14,Home & Away,Not applicable,False,Adelaide,Richmond,106,87,Adelaide,19,Win,Sat,2012-06-30,June,1:40 PM,33780,Football Park,False,True
2012,2012,14,Home & Away,Not applicable,False,West Coast,Gold Coast,166,40,West Coast,126,Win,Sat,2012-06-30,June,2:40 PM,34592,Subiaco,False,True
2012,2012,14,Home & Away,Not applicable,False,Essendon,Western Bulldogs,140,56,Essendon,84,Win,Sat,2012-06-30,June,7:40 PM,40824,Docklands,False,True
2012,2012,14,Home & Away,Not applicable,False,Sydney,Greater Western Sydney,132,38,Sydney,94,Win,Sat,2012-06-30,June,7:40 PM,22565,Stadium Australia,False,True
2012,2012,14,Home & Away,Not applicable,False,Geelong,Port Adelaide,99,61,Geelong,38,Win,Sun,2012-07-01,July,1:10 PM,13736,Kardinia Park,False,True
2012,2012,14,Home & Away,Not applicable,False,Brisbane Lions,Melbourne,122,61,Brisbane Lions,61,Win,Sun,2012-07-01,July,3:15 PM,22144,Gabba,False,True
2012,2012,14,Home & Away,Not applicable,False,St Kilda,North Melbourne,103,136,North Melbourne,33,Win,Sun,2012-07-01,July,4:40 PM,33106,Docklands,False,True
2012,2012,15,Home & Away,Not applicable,False,Collingwood,Carlton,62,85,Carlton,23,Win,Fri,2012-07-06,July,7:50 PM,75890,M.C.G.,False,True
2012,2012,15,Home & Away,Not applicable,False,North Melbourne,West Coast,84,86,West Coast,2,Win,Sat,2012-07-07,July,1:45 PM,14113,Bellerive Oval,False,True
2012,2012,15,Home & Away,Not applicable,False,Melbourne,Richmond,78,101,Richmond,23,Win,Sat,2012-07-07,July,2:10 PM,46773,M.C.G.,False,True
2012,2012,15,Home & Away,Not applicable,False,Sydney,Brisbane Lions,110,63,Sydney,47,Win,Sat,2012-07-07,July,4:40 PM,19419,S.C.G.,False,True
2012,2012,15,Home & Away,Not applicable,False,Port Adelaide,Adelaide,58,116,Adelaide,58,Win,Sat,2012-07-07,July,7:10 PM,34829,Football Park,False,True
2012,2012,15,Home & Away,Not applicable,False,St Kilda,Essendon,133,62,St Kilda,71,Win,Sat,2012-07-07,July,7:40 PM,45838,Docklands,False,True
2012,2012,15,Home & Away,Not applicable,False,Hawthorn,Greater Western Sydney,193,31,Hawthorn,162,Win,Sun,2012-07-08,July,1:10 PM,26518,M.C.G.,False,True
2012,2012,15,Home & Away,Not applicable,False,Gold Coast,Geelong,96,110,Geelong,14,Win,Sun,2012-07-08,July,3:15 PM,15824,Carrara,False,True
2012,2012,15,Home & Away,Not applicable,False,Fremantle,Western Bulldogs,95,57,Fremantle,38,Win,Sun,2012-07-08,July,2:40 PM,30420,Subiaco,False,True
2012,2012,16,Home & Away,Not applicable,False,North Melbourne,Carlton,149,96,North Melbourne,53,Win,Fri,2012-07-13,July,7:50 PM,46423,Docklands,False,True
2012,2012,16,Home & Away,Not applicable,False,Melbourne,Fremantle,83,117,Fremantle,34,Win,Sat,2012-07-14,July,1:45 PM,13284,Docklands,False,True
2012,2012,16,Home & Away,Not applicable,False,Port Adelaide,Essendon,77,127,Essendon,50,Win,Sat,2012-07-14,July,1:40 PM,17344,Football Park,False,True
2012,2012,16,Home & Away,Not applicable,False,Richmond,Gold Coast,88,90,Gold Coast,2,Win,Sat,2012-07-14,July,4:40 PM,10961,Cazaly's Stadium,False,True
2012,2012,16,Home & Away,Not applicable,False,Geelong,Collingwood,79,110,Collingwood,31,Win,Sat,2012-07-14,July,7:40 PM,61717,M.C.G.,False,True
2012,2012,16,Home & Away,Not applicable,False,Brisbane Lions,St Kilda,92,105,St Kilda,13,Win,Sat,2012-07-14,July,7:40 PM,19228,Gabba,False,True
2012,2012,16,Home & Away,Not applicable,False,Greater Western Sydney,Adelaide,59,178,Adelaide,119,Win,Sun,2012-07-15,July,1:10 PM,7669,Sydney Showground,False,True
2012,2012,16,Home & Away,Not applicable,False,Western Bulldogs,Hawthorn,44,116,Hawthorn,72,Win,Sun,2012-07-15,July,3:15 PM,24754,Docklands,False,True
2012,2012,16,Home & Away,Not applicable,False,West Coast,Sydney,69,121,Sydney,52,Win,Sun,2012-07-15,July,2:40 PM,39152,Subiaco,False,True
2012,2012,17,Home & Away,Not applicable,False,Geelong,Essendon,134,67,Geelong,67,Win,Fri,2012-07-20,July,7:50 PM,50066,Docklands,False,True
2012,2012,17,Home & Away,Not applicable,False,Collingwood,Hawthorn,91,138,Hawthorn,47,Win,Sat,2012-07-21,July,1:45 PM,83714,M.C.G.,False,True
2012,2012,17,Home & Away,Not applicable,False,Adelaide,West Coast,124,75,Adelaide,49,Win,Sat,2012-07-21,July,1:40 PM,40724,Football Park,False,True
2012,2012,17,Home & Away,Not applicable,False,Gold Coast,Brisbane Lions,48,59,Brisbane Lions,11,Win,Sat,2012-07-21,July,4:40 PM,16550,Carrara,False,True
2012,2012,17,Home & Away,Not applicable,False,Melbourne,Port Adelaide,56,84,Port Adelaide,28,Win,Sat,2012-07-21,July,7:10 PM,6714,Marrara Oval,False,True
2012,2012,17,Home & Away,Not applicable,False,Western Bulldogs,Carlton,84,102,Carlton,18,Win,Sat,2012-07-21,July,7:40 PM,24615,Docklands,False,True
2012,2012,17,Home & Away,Not applicable,False,Sydney,St Kilda,105,76,Sydney,29,Win,Sun,2012-07-22,July,1:10 PM,26834,S.C.G.,False,True
2012,2012,17,Home & Away,Not applicable,False,Richmond,North Melbourne,99,103,North Melbourne,4,Win,Sun,2012-07-22,July,3:15 PM,47432,M.C.G.,False,True
2012,2012,17,Home & Away,Not applicable,False,Fremantle,Greater Western Sydney,132,37,Fremantle,95,Win,Sun,2012-07-22,July,2:40 PM,28767,Subiaco,False,True
2012,2012,18,Home & Away,Not applicable,False,Essendon,Hawthorn,86,180,Hawthorn,94,Win,Fri,2012-07-27,July,7:50 PM,44899,Docklands,False,True
2012,2012,18,Home & Away,Not applicable,False,Geelong,Adelaide,102,75,Geelong,27,Win,Sat,2012-07-28,July,1:45 PM,18377,Kardinia Park,False,True
2012,2012,18,Home & Away,Not applicable,False,North Melbourne,Melbourne,127,73,North Melbourne,54,Win,Sat,2012-07-28,July,2:10 PM,20816,Docklands,False,True
2012,2012,18,Home & Away,Not applicable,False,Greater Western Sydney,Collingwood,54,174,Collingwood,120,Win,Sat,2012-07-28,July,4:40 PM,8102,Sydney Showground,False,True
2012,2012,18,Home & Away,Not applicable,False,Carlton,Richmond,95,91,Carlton,4,Win,Sat,2012-07-28,July,7:40 PM,46013,M.C.G.,False,True
2012,2012,18,Home & Away,Not applicable,False,Gold Coast,Sydney,54,126,Sydney,72,Win,Sat,2012-07-28,July,7:40 PM,11169,Carrara,False,True
2012,2012,18,Home & Away,Not applicable,False,Port Adelaide,Fremantle,48,75,Fremantle,27,Win,Sun,2012-07-29,July,12:40 PM,14583,Football Park,False,True
2012,2012,18,Home & Away,Not applicable,False,St Kilda,Western Bulldogs,118,42,St Kilda,76,Win,Sun,2012-07-29,July,3:15 PM,23498,Docklands,False,True
2012,2012,18,Home & Away,Not applicable,False,West Coast,Brisbane Lions,175,77,West Coast,98,Win,Sun,2012-07-29,July,2:40 PM,35767,Subiaco,False,True
2012,2012,19,Home & Away,Not applicable,False,Hawthorn,Geelong,116,118,Geelong,2,Win,Fri,2012-08-03,August,7:50 PM,65287,M.C.G.,False,True
2012,2012,19,Home & Away,Not applicable,False,Western Bulldogs,North Melbourne,61,115,North Melbourne,54,Win,Sat,2012-08-04,August,1:45 PM,21599,Docklands,False,True
2012,2012,19,Home & Away,Not applicable,False,Greater Western Sydney,Port Adelaide,107,73,Greater Western Sydney,34,Win,Sat,2012-08-04,August,2:10 PM,6811,Sydney Showground,False,True
2012,2012,19,Home & Away,Not applicable,False,Fremantle,West Coast,113,48,Fremantle,65,Win,Sat,2012-08-04,August,2:40 PM,39694,Subiaco,False,True
2012,2012,19,Home & Away,Not applicable,False,Collingwood,St Kilda,91,85,Collingwood,6,Win,Sat,2012-08-04,August,7:40 PM,57873,M.C.G.,False,True
2012,2012,19,Home & Away,Not applicable,False,Brisbane Lions,Richmond,84,132,Richmond,48,Win,Sat,2012-08-04,August,7:40 PM,22193,Gabba,False,True
2012,2012,19,Home & Away,Not applicable,False,Melbourne,Gold Coast,108,66,Melbourne,42,Win,Sun,2012-08-05,August,1:10 PM,18097,M.C.G.,False,True
2012,2012,19,Home & Away,Not applicable,False,Carlton,Sydney,71,93,Sydney,22,Win,Sun,2012-08-05,August,3:15 PM,36942,Docklands,False,True
2012,2012,19,Home & Away,Not applicable,False,Adelaide,Essendon,104,100,Adelaide,4,Win,Sun,2012-08-05,August,4:10 PM,40030,Football Park,False,True
2012,2012,20,Home & Away,Not applicable,False,West Coast,Geelong,102,97,West Coast,5,Win,Fri,2012-08-10,August,6:40 PM,37812,Subiaco,False,True
2012,2012,20,Home & Away,Not applicable,False,St Kilda,Melbourne,107,82,St Kilda,25,Win,Sat,2012-08-11,August,1:45 PM,23464,M.C.G.,False,True
2012,2012,20,Home & Away,Not applicable,False,Adelaide,Fremantle,119,91,Adelaide,28,Win,Sat,2012-08-11,August,1:40 PM,35027,Football Park,False,True
2012,2012,20,Home & Away,Not applicable,False,Gold Coast,Greater Western Sydney,109,79,Gold Coast,30,Win,Sat,2012-08-11,August,4:40 PM,14657,Carrara,False,True
2012,2012,20,Home & Away,Not applicable,False,Carlton,Brisbane Lions,113,77,Carlton,36,Win,Sat,2012-08-11,August,7:40 PM,25977,Docklands,False,True
2012,2012,20,Home & Away,Not applicable,False,Sydney,Collingwood,70,78,Collingwood,8,Win,Sat,2012-08-11,August,7:40 PM,45827,Stadium Australia,False,True
2012,2012,20,Home & Away,Not applicable,False,Hawthorn,Port Adelaide,159,87,Hawthorn,72,Win,Sun,2012-08-12,August,1:10 PM,14431,York Park,False,True
2012,2012,20,Home & Away,Not applicable,False,Richmond,Western Bulldogs,150,80,Richmond,70,Win,Sun,2012-08-12,August,3:15 PM,28286,M.C.G.,False,True
2012,2012,20,Home & Away,Not applicable,False,Essendon,North Melbourne,76,100,North Melbourne,24,Win,Sun,2012-08-12,August,4:40 PM,42674,Docklands,False,True
2012,2012,21,Home & Away,Not applicable,False,Geelong,St Kilda,123,81,Geelong,42,Win,Fri,2012-08-17,August,7:50 PM,38169,Docklands,False,True
2012,2012,21,Home & Away,Not applicable,False,Essendon,Carlton,60,156,Carlton,96,Win,Sat,2012-08-18,August,1:45 PM,59381,M.C.G.,False,True
2012,2012,21,Home & Away,Not applicable,False,Greater Western Sydney,Melbourne,59,84,Melbourne,25,Win,Sat,2012-08-18,August,2:10 PM,7561,Manuka Oval,False,True
2012,2012,21,Home & Away,Not applicable,False,Fremantle,Richmond,94,72,Fremantle,22,Win,Sat,2012-08-18,August,2:40 PM,32721,Subiaco,False,True
2012,2012,21,Home & Away,Not applicable,False,Brisbane Lions,Adelaide,95,85,Brisbane Lions,10,Win,Sat,2012-08-18,August,7:40 PM,18979,Gabba,False,True
2012,2012,21,Home & Away,Not applicable,False,Collingwood,North Melbourne,61,91,North Melbourne,30,Win,Sat,2012-08-18,August,7:40 PM,44956,Docklands,False,True
2012,2012,21,Home & Away,Not applicable,False,Port Adelaide,West Coast,50,98,West Coast,48,Win,Sun,2012-08-19,August,12:40 PM,13683,Football Park,False,True
2012,2012,21,Home & Away,Not applicable,False,Western Bulldogs,Sydney,85,167,Sydney,82,Win,Sun,2012-08-19,August,3:15 PM,19396,Docklands,False,True
2012,2012,21,Home & Away,Not applicable,False,Hawthorn,Gold Coast,129,65,Hawthorn,64,Win,Sun,2012-08-19,August,4:40 PM,23098,M.C.G.,False,True
2012,2012,22,Home & Away,Not applicable,False,Richmond,Essendon,102,57,Richmond,45,Win,Fri,2012-08-24,August,7:50 PM,47590,M.C.G.,False,True
2012,2012,22,Home & Away,Not applicable,False,St Kilda,Greater Western Sydney,163,35,St Kilda,128,Win,Sat,2012-08-25,August,1:45 PM,17327,Docklands,False,True
2012,2012,22,Home & Away,Not applicable,False,Port Adelaide,Brisbane Lions,93,104,Brisbane Lions,11,Win,Sat,2012-08-25,August,1:40 PM,13953,Football Park,False,True
2012,2012,22,Home & Away,Not applicable,False,Sydney,Hawthorn,95,102,Hawthorn,7,Win,Sat,2012-08-25,August,4:40 PM,31167,S.C.G.,False,True
2012,2012,22,Home & Away,Not applicable,False,West Coast,Collingwood,107,58,West Coast,49,Win,Sat,2012-08-25,August,5:40 PM,40527,Subiaco,False,True
2012,2012,22,Home & Away,Not applicable,False,Gold Coast,Carlton,98,86,Gold Coast,12,Win,Sat,2012-08-25,August,7:40 PM,15251,Carrara,False,True
2012,2012,22,Home & Away,Not applicable,False,Geelong,Western Bulldogs,107,73,Geelong,34,Win,Sun,2012-08-26,August,1:10 PM,18047,Kardinia Park,False,True
2012,2012,22,Home & Away,Not applicable,False,North Melbourne,Fremantle,79,132,Fremantle,53,Win,Sun,2012-08-26,August,3:15 PM,26482,Docklands,False,True
2012,2012,22,Home & Away,Not applicable,False,Melbourne,Adelaide,81,150,Adelaide,69,Win,Sun,2012-08-26,August,4:40 PM,18450,M.C.G.,False,True
2012,2012,23,Home & Away,Not applicable,False,Hawthorn,West Coast,95,70,Hawthorn,25,Win,Fri,2012-08-31,August,7:50 PM,50023,M.C.G.,False,True
2012,2012,23,Home & Away,Not applicable,False,Geelong,Sydney,112,78,Geelong,34,Win,Sat,2012-09-01,September,1:45 PM,20045,Kardinia Park,False,True
2012,2012,23,Home & Away,Not applicable,False,Adelaide,Gold Coast,153,62,Adelaide,91,Win,Sat,2012-09-01,September,1:40 PM,35463,Football Park,False,True
2012,2012,23,Home & Away,Not applicable,False,Greater Western Sydney,North Melbourne,77,105,North Melbourne,28,Win,Sat,2012-09-01,September,4:40 PM,6696,Sydney Showground,False,True
2012,2012,23,Home & Away,Not applicable,False,Fremantle,Melbourne,101,40,Fremantle,61,Win,Sat,2012-09-01,September,5:40 PM,32687,Subiaco,False,True
2012,2012,23,Home & Away,Not applicable,False,Essendon,Collingwood,72,104,Collingwood,32,Win,Sat,2012-09-01,September,7:40 PM,56491,M.C.G.,False,True
2012,2012,23,Home & Away,Not applicable,False,Carlton,St Kilda,91,106,St Kilda,15,Win,Sun,2012-09-02,September,1:10 PM,31393,Docklands,False,True
2012,2012,23,Home & Away,Not applicable,False,Richmond,Port Adelaide,106,106,Draw,0,Draw,Sun,2012-09-02,September,3:15 PM,27893,M.C.G.,False,True
2012,2012,23,Home & Away,Not applicable,False,Brisbane Lions,Western Bulldogs,128,61,Brisbane Lions,67,Win,Sun,2012-09-02,September,4:40 PM,18289,Gabba,False,True
2012,2012,,Finals,Qualifying Final,True,Hawthorn,Collingwood,135,97,Hawthorn,38,Win,Fri,2012-09-07,September,7:50 PM,85639,M.C.G.,False,False
2012,2012,,Finals,Qualifying Final,True,Adelaide,Sydney,42,71,Sydney,29,Win,Sat,2012-09-08,September,2:45 PM,44849,Football Park,False,False
2012,2012,,Finals,Elimination Final,True,Geelong,Fremantle,80,96,Fremantle,16,Win,Sat,2012-09-08,September,7:45 PM,44460,M.C.G.,False,False
2012,2012,,Finals,Elimination Final,True,West Coast,North Melbourne,162,66,West Coast,96,Win,Sun,2012-09-09,September,1:15 PM,41790,Subiaco,False,False
2012,2012,,Finals,Semi Final,True,Adelaide,Fremantle,81,71,Adelaide,10,Win,Fri,2012-09-14,September,8:15 PM,31742,Football Park,False,False
2012,2012,,Finals,Semi Final,True,Collingwood,West Coast,73,60,Collingwood,13,Win,Sat,2012-09-15,September,7:45 PM,65483,M.C.G.,False,False
2012,2012,,Finals,Preliminary Final,True,Sydney,Collingwood,96,70,Sydney,26,Win,Fri,2012-09-21,September,7:50 PM,57156,Stadium Australia,False,False
2012,2012,,Finals,Preliminary Final,True,Hawthorn,Adelaide,97,92,Hawthorn,5,Win,Sat,2012-09-22,September,5:15 PM,69146,M.C.G.,False,False
2012,2012,,Finals,Grand Final,True,Hawthorn,Sydney,81,91,Sydney,10,Win,Sat,2012-09-29,September,2:30 PM,99683,M.C.G.,False,False
2013,2013,1,Home & Away,Not applicable,False,Adelaide,Essendon,82,117,Essendon,35,Win,Fri,2013-03-22,March,8:10 PM,42218,Football Park,False,True
2013,2013,1,Home & Away,Not applicable,False,Fremantle,West Coast,108,80,Fremantle,28,Win,Sat,2013-03-23,March,4:40 PM,39629,Subiaco,False,True
2013,2013,1,Home & Away,Not applicable,False,Carlton,Richmond,101,106,Richmond,5,Win,Thu,2013-03-28,March,7:45 PM,80971,M.C.G.,False,True
2013,2013,1,Home & Away,Not applicable,False,Western Bulldogs,Brisbane Lions,127,59,Western Bulldogs,68,Win,Sat,2013-03-30,March,1:40 PM,25263,Docklands,False,True
2013,2013,1,Home & Away,Not applicable,False,Greater Western Sydney,Sydney,76,106,Sydney,30,Win,Sat,2013-03-30,March,4:40 PM,23690,Stadium Australia,False,True
2013,2013,1,Home & Away,Not applicable,False,Gold Coast,St Kilda,90,77,Gold Coast,13,Win,Sat,2013-03-30,March,6:45 PM,13832,Carrara,False,True
2013,2013,1,Home & Away,Not applicable,False,Melbourne,Port Adelaide,54,133,Port Adelaide,79,Win,Sun,2013-03-31,March,1:10 PM,22924,M.C.G.,False,True
2013,2013,1,Home & Away,Not applicable,False,North Melbourne,Collingwood,87,103,Collingwood,16,Win,Sun,2013-03-31,March,4:40 PM,41040,Docklands,False,True
2013,2013,1,Home & Away,Not applicable,False,Hawthorn,Geelong,86,93,Geelong,7,Win,Mon,2013-04-01,April,3:20 PM,76300,M.C.G.,False,True
2013,2013,2,Home & Away,Not applicable,False,St Kilda,Richmond,82,99,Richmond,17,Win,Fri,2013-04-05,April,7:50 PM,56783,M.C.G.,False,True
2013,2013,2,Home & Away,Not applicable,False,Sydney,Gold Coast,114,73,Sydney,41,Win,Sat,2013-04-06,April,1:45 PM,20372,S.C.G.,False,True
2013,2013,2,Home & Away,Not applicable,False,Western Bulldogs,Fremantle,78,106,Fremantle,28,Win,Sat,2013-04-06,April,2:10 PM,19210,Docklands,False,True
2013,2013,2,Home & Away,Not applicable,False,Brisbane Lions,Adelaide,77,96,Adelaide,19,Win,Sat,2013-04-06,April,3:40 PM,21308,Gabba,False,True
2013,2013,2,Home & Away,Not applicable,False,Port Adelaide,Greater Western Sydney,134,78,Port Adelaide,56,Win,Sat,2013-04-06,April,7:10 PM,25122,Football Park,False,True
2013,2013,2,Home & Away,Not applicable,False,Essendon,Melbourne,184,36,Essendon,148,Win,Sat,2013-04-06,April,7:40 PM,51153,M.C.G.,False,True
2013,2013,2,Home & Away,Not applicable,False,Geelong,North Melbourne,112,108,Geelong,4,Win,Sun,2013-04-07,April,1:10 PM,34152,Docklands,False,True
2013,2013,2,Home & Away,Not applicable,False,Collingwood,Carlton,117,100,Collingwood,17,Win,Sun,2013-04-07,April,3:20 PM,84247,M.C.G.,False,True
2013,2013,2,Home & Away,Not applicable,False,West Coast,Hawthorn,98,148,Hawthorn,50,Win,Sun,2013-04-07,April,2:40 PM,38389,Subiaco,False,True
2013,2013,3,Home & Away,Not applicable,False,Fremantle,Essendon,68,72,Essendon,4,Win,Fri,2013-04-12,April,6:40 PM,35963,Subiaco,False,True
2013,2013,3,Home & Away,Not applicable,False,North Melbourne,Sydney,92,131,Sydney,39,Win,Sat,2013-04-13,April,1:45 PM,13223,Bellerive Oval,False,True
2013,2013,3,Home & Away,Not applicable,False,Melbourne,West Coast,83,177,West Coast,94,Win,Sat,2013-04-13,April,2:10 PM,18571,M.C.G.,False,True
2013,2013,3,Home & Away,Not applicable,False,Greater Western Sydney,St Kilda,68,140,St Kilda,72,Win,Sat,2013-04-13,April,4:40 PM,11092,Manuka Oval,False,True
2013,2013,3,Home & Away,Not applicable,False,Geelong,Carlton,119,103,Geelong,16,Win,Sat,2013-04-13,April,7:40 PM,43241,Docklands,False,True
2013,2013,3,Home & Away,Not applicable,False,Gold Coast,Brisbane Lions,92,94,Brisbane Lions,2,Win,Sat,2013-04-13,April,7:40 PM,12961,Carrara,False,True
2013,2013,3,Home & Away,Not applicable,False,Richmond,Western Bulldogs,135,68,Richmond,67,Win,Sun,2013-04-14,April,1:10 PM,44045,Docklands,False,True
2013,2013,3,Home & Away,Not applicable,False,Collingwood,Hawthorn,90,145,Hawthorn,55,Win,Sun,2013-04-14,April,3:20 PM,72254,M.C.G.,False,True
2013,2013,3,Home & Away,Not applicable,False,Port Adelaide,Adelaide,118,109,Port Adelaide,9,Win,Sun,2013-04-14,April,4:10 PM,40707,Football Park,False,True
2013,2013,4,Home & Away,Not applicable,False,Sydney,Geelong,103,124,Geelong,21,Win,Fri,2013-04-19,April,7:50 PM,31060,S.C.G.,False,True
2013,2013,4,Home & Away,Not applicable,False,Hawthorn,Fremantle,118,76,Hawthorn,42,Win,Sat,2013-04-20,April,1:45 PM,12619,York Park,False,True
2013,2013,4,Home & Away,Not applicable,False,Richmond,Collingwood,79,113,Collingwood,34,Win,Sat,2013-04-20,April,2:10 PM,81950,M.C.G.,False,True
2013,2013,4,Home & Away,Not applicable,False,St Kilda,Essendon,91,128,Essendon,37,Win,Sat,2013-04-20,April,4:40 PM,46965,Docklands,False,True
2013,2013,4,Home & Away,Not applicable,False,West Coast,Carlton,65,89,Carlton,24,Win,Sat,2013-04-20,April,5:40 PM,38674,Subiaco,False,True
2013,2013,4,Home & Away,Not applicable,False,Gold Coast,Port Adelaide,66,104,Port Adelaide,38,Win,Sat,2013-04-20,April,7:40 PM,11332,Carrara,False,True
2013,2013,4,Home & Away,Not applicable,False,Melbourne,Greater Western Sydney,144,103,Melbourne,41,Win,Sun,2013-04-21,April,1:10 PM,20018,M.C.G.,False,True
2013,2013,4,Home & Away,Not applicable,False,Adelaide,Western Bulldogs,80,28,Adelaide,52,Win,Sun,2013-04-21,April,2:50 PM,24684,Football Park,False,True
2013,2013,4,Home & Away,Not applicable,False,North Melbourne,Brisbane Lions,125,62,North Melbourne,63,Win,Sun,2013-04-21,April,4:40 PM,22776,Docklands,False,True
2013,2013,5,Home & Away,Not applicable,False,Essendon,Collingwood,121,75,Essendon,46,Win,Thu,2013-04-25,April,2:40 PM,93373,M.C.G.,False,True
2013,2013,5,Home & Away,Not applicable,False,St Kilda,Sydney,63,79,Sydney,16,Win,Thu,2013-04-25,April,7:50 PM,22546,Wellington,False,True
2013,2013,5,Home & Away,Not applicable,False,Fremantle,Richmond,81,80,Fremantle,1,Win,Fri,2013-04-26,April,6:45 PM,36365,Subiaco,False,True
2013,2013,5,Home & Away,Not applicable,False,Greater Western Sydney,Gold Coast,104,148,Gold Coast,44,Win,Sat,2013-04-27,April,1:45 PM,6832,Manuka Oval,False,True
2013,2013,5,Home & Away,Not applicable,False,Carlton,Adelaide,115,83,Carlton,32,Win,Sat,2013-04-27,April,4:40 PM,44711,M.C.G.,False,True
2013,2013,5,Home & Away,Not applicable,False,Western Bulldogs,Geelong,86,107,Geelong,21,Win,Sat,2013-04-27,April,7:40 PM,26153,Docklands,False,True
2013,2013,5,Home & Away,Not applicable,False,Port Adelaide,West Coast,84,79,Port Adelaide,5,Win,Sat,2013-04-27,April,7:15 PM,26132,Football Park,False,True
2013,2013,5,Home & Away,Not applicable,False,Brisbane Lions,Melbourne,122,94,Brisbane Lions,28,Win,Sun,2013-04-28,April,3:20 PM,19018,Gabba,False,True
2013,2013,5,Home & Away,Not applicable,False,Hawthorn,North Melbourne,99,96,Hawthorn,3,Win,Sun,2013-04-28,April,4:40 PM,42103,M.C.G.,False,True
2013,2013,6,Home & Away,Not applicable,False,Collingwood,St Kilda,103,77,Collingwood,26,Win,Fri,2013-05-03,May,7:50 PM,40071,Docklands,False,True
2013,2013,6,Home & Away,Not applicable,False,Essendon,Greater Western Sydney,120,81,Essendon,39,Win,Sat,2013-05-04,May,1:45 PM,30143,Docklands,False,True
2013,2013,6,Home & Away,Not applicable,False,North Melbourne,Port Adelaide,93,83,North Melbourne,10,Win,Sat,2013-05-04,May,2:10 PM,10265,Bellerive Oval,False,True
2013,2013,6,Home & Away,Not applicable,False,Adelaide,Hawthorn,78,89,Hawthorn,11,Win,Sat,2013-05-04,May,4:10 PM,37324,Football Park,False,True
2013,2013,6,Home & Away,Not applicable,False,Gold Coast,Fremantle,54,99,Fremantle,45,Win,Sat,2013-05-04,May,7:40 PM,10552,Carrara,False,True
2013,2013,6,Home & Away,Not applicable,False,Richmond,Geelong,87,131,Geelong,44,Win,Sat,2013-05-04,May,7:40 PM,55625,M.C.G.,False,True
2013,2013,6,Home & Away,Not applicable,False,Sydney,Brisbane Lions,115,55,Sydney,60,Win,Sun,2013-05-05,May,1:10 PM,23315,S.C.G.,False,True
2013,2013,6,Home & Away,Not applicable,False,Carlton,Melbourne,121,60,Carlton,61,Win,Sun,2013-05-05,May,3:20 PM,35286,M.C.G.,False,True
2013,2013,6,Home & Away,Not applicable,False,West Coast,Western Bulldogs,137,67,West Coast,70,Win,Sun,2013-05-05,May,2:40 PM,36163,Subiaco,False,True
2013,2013,7,Home & Away,Not applicable,False,Geelong,Essendon,113,85,Geelong,28,Win,Fri,2013-05-10,May,7:50 PM,53014,Docklands,False,True
2013,2013,7,Home & Away,Not applicable,False,Port Adelaide,Richmond,73,114,Richmond,41,Win,Sat,2013-05-11,May,1:15 PM,25372,Football Park,False,True
2013,2013,7,Home & Away,Not applicable,False,Brisbane Lions,West Coast,82,108,West Coast,26,Win,Sat,2013-05-11,May,2:10 PM,17614,Gabba,False,True
2013,2013,7,Home & Away,Not applicable,False,Western Bulldogs,North Melbourne,97,151,North Melbourne,54,Win,Sat,2013-05-11,May,4:40 PM,23690,Docklands,False,True
2013,2013,7,Home & Away,Not applicable,False,Fremantle,Collingwood,100,73,Fremantle,27,Win,Sat,2013-05-11,May,5:40 PM,37214,Subiaco,False,True
2013,2013,7,Home & Away,Not applicable,False,Hawthorn,Sydney,119,82,Hawthorn,37,Win,Sat,2013-05-11,May,7:40 PM,54725,M.C.G.,False,True
2013,2013,7,Home & Away,Not applicable,False,Greater Western Sydney,Adelaide,52,187,Adelaide,135,Win,Sun,2013-05-12,May,1:10 PM,5830,Sydney Showground,False,True
2013,2013,7,Home & Away,Not applicable,False,Melbourne,Gold Coast,54,114,Gold Coast,60,Win,Sun,2013-05-12,May,4:40 PM,13304,M.C.G.,False,True
2013,2013,7,Home & Away,Not applicable,False,St Kilda,Carlton,77,68,St Kilda,9,Win,Mon,2013-05-13,May,7:40 PM,34054,Docklands,False,True
2013,2013,8,Home & Away,Not applicable,False,West Coast,North Melbourne,90,88,West Coast,2,Win,Fri,2013-05-17,May,6:40 PM,38146,Subiaco,False,True
2013,2013,8,Home & Away,Not applicable,False,Essendon,Brisbane Lions,86,96,Brisbane Lions,10,Win,Sat,2013-05-18,May,1:45 PM,33915,Docklands,False,True
2013,2013,8,Home & Away,Not applicable,False,Hawthorn,Greater Western Sydney,140,57,Hawthorn,83,Win,Sat,2013-05-18,May,2:10 PM,10513,York Park,False,True
2013,2013,8,Home & Away,Not applicable,False,Gold Coast,Western Bulldogs,93,61,Gold Coast,32,Win,Sat,2013-05-18,May,4:40 PM,13520,Carrara,False,True
2013,2013,8,Home & Away,Not applicable,False,Collingwood,Geelong,102,96,Collingwood,6,Win,Sat,2013-05-18,May,7:40 PM,66768,M.C.G.,False,True
2013,2013,8,Home & Away,Not applicable,False,Sydney,Fremantle,70,70,Draw,0,Draw,Sat,2013-05-18,May,7:40 PM,22546,S.C.G.,False,True
2013,2013,8,Home & Away,Not applicable,False,Carlton,Port Adelaide,109,91,Carlton,18,Win,Sun,2013-05-19,May,1:10 PM,29936,Docklands,False,True
2013,2013,8,Home & Away,Not applicable,False,Richmond,Melbourne,106,72,Richmond,34,Win,Sun,2013-05-19,May,3:20 PM,39148,M.C.G.,False,True
2013,2013,8,Home & Away,Not applicable,False,Adelaide,St Kilda,87,47,Adelaide,40,Win,Sun,2013-05-19,May,4:10 PM,34605,Football Park,False,True
2013,2013,9,Home & Away,Not applicable,False,Collingwood,Sydney,55,102,Sydney,47,Win,Fri,2013-05-24,May,7:50 PM,65306,M.C.G.,False,True
2013,2013,9,Home & Away,Not applicable,False,Port Adelaide,Geelong,68,116,Geelong,48,Win,Sat,2013-05-25,May,1:15 PM,21309,Football Park,False,True
2013,2013,9,Home & Away,Not applicable,False,Greater Western Sydney,West Coast,55,155,West Coast,100,Win,Sat,2013-05-25,May,2:10 PM,6324,Sydney Showground,False,True
2013,2013,9,Home & Away,Not applicable,False,St Kilda,Western Bulldogs,101,110,Western Bulldogs,9,Win,Sat,2013-05-25,May,4:40 PM,25982,Docklands,False,True
2013,2013,9,Home & Away,Not applicable,False,Brisbane Lions,Carlton,85,98,Carlton,13,Win,Sat,2013-05-25,May,7:40 PM,24037,Gabba,False,True
2013,2013,9,Home & Away,Not applicable,False,Richmond,Essendon,62,91,Essendon,29,Win,Sat,2013-05-25,May,7:45 PM,84234,M.C.G.,False,True
2013,2013,9,Home & Away,Not applicable,False,Hawthorn,Gold Coast,118,92,Hawthorn,26,Win,Sun,2013-05-26,May,1:10 PM,28112,M.C.G.,False,True
2013,2013,9,Home & Away,Not applicable,False,North Melbourne,Adelaide,124,125,Adelaide,1,Win,Sun,2013-05-26,May,3:20 PM,23033,Docklands,False,True
2013,2013,9,Home & Away,Not applicable,False,Fremantle,Melbourne,130,40,Fremantle,90,Win,Sun,2013-05-26,May,2:40 PM,32950,Subiaco,False,True
2013,2013,10,Home & Away,Not applicable,False,Brisbane Lions,Collingwood,51,100,Collingwood,49,Win,Fri,2013-05-31,May,7:50 PM,26626,Gabba,False,True
2013,2013,10,Home & Away,Not applicable,False,Carlton,Greater Western Sydney,148,54,Carlton,94,Win,Sat,2013-06-01,June,1:45 PM,25008,Docklands,False,True
2013,2013,10,Home & Away,Not applicable,False,Adelaide,Fremantle,59,66,Fremantle,7,Win,Sat,2013-06-01,June,1:40 PM,27684,Football Park,False,True
2013,2013,10,Home & Away,Not applicable,False,Sydney,Essendon,115,71,Sydney,44,Win,Sat,2013-06-01,June,4:40 PM,29792,S.C.G.,False,True
2013,2013,10,Home & Away,Not applicable,False,Western Bulldogs,Port Adelaide,67,58,Western Bulldogs,9,Win,Sat,2013-06-01,June,7:10 PM,7850,Marrara Oval,False,True
2013,2013,10,Home & Away,Not applicable,False,Geelong,Gold Coast,123,71,Geelong,52,Win,Sat,2013-06-01,June,7:40 PM,30087,Kardinia Park,False,True
2013,2013,10,Home & Away,Not applicable,False,Melbourne,Hawthorn,48,143,Hawthorn,95,Win,Sun,2013-06-02,June,3:20 PM,28546,M.C.G.,False,True
2013,2013,10,Home & Away,Not applicable,False,North Melbourne,St Kilda,133,65,North Melbourne,68,Win,Sun,2013-06-02,June,4:40 PM,25658,Docklands,False,True
2013,2013,10,Home & Away,Not applicable,False,West Coast,Richmond,62,103,Richmond,41,Win,Mon,2013-06-03,June,5:40 PM,37781,Subiaco,False,True
2013,2013,11,Home & Away,Not applicable,False,Essendon,Carlton,77,72,Essendon,5,Win,Fri,2013-06-07,June,7:50 PM,82639,M.C.G.,False,True
2013,2013,11,Home & Away,Not applicable,False,Greater Western Sydney,Geelong,98,157,Geelong,59,Win,Sat,2013-06-08,June,1:40 PM,7809,Sydney Showground,False,True
2013,2013,11,Home & Away,Not applicable,False,Adelaide,Sydney,50,127,Sydney,77,Win,Sat,2013-06-08,June,4:10 PM,38374,Football Park,False,True
2013,2013,11,Home & Away,Not applicable,False,Gold Coast,North Melbourne,66,51,Gold Coast,15,Win,Sat,2013-06-08,June,7:40 PM,10891,Carrara,False,True
2013,2013,11,Home & Away,Not applicable,False,St Kilda,West Coast,80,84,West Coast,4,Win,Sun,2013-06-09,June,4:40 PM,23795,Docklands,False,True
2013,2013,11,Home & Away,Not applicable,False,Melbourne,Collingwood,39,122,Collingwood,83,Win,Mon,2013-06-10,June,3:20 PM,50835,M.C.G.,False,True
2013,2013,12,Home & Away,Not applicable,False,Carlton,Hawthorn,87,102,Hawthorn,15,Win,Fri,2013-06-14,June,7:50 PM,45670,Docklands,False,True
2013,2013,12,Home & Away,Not applicable,False,Richmond,Adelaide,110,72,Richmond,38,Win,Sat,2013-06-15,June,1:40 PM,43615,M.C.G.,False,True
2013,2013,12,Home & Away,Not applicable,False,Fremantle,Brisbane Lions,86,46,Fremantle,40,Win,Sat,2013-06-15,June,2:40 PM,33384,Subiaco,False,True
2013,2013,12,Home & Away,Not applicable,False,Essendon,Gold Coast,115,72,Essendon,43,Win,Sat,2013-06-15,June,7:40 PM,31452,Docklands,False,True
2013,2013,12,Home & Away,Not applicable,False,Greater Western Sydney,Port Adelaide,50,125,Port Adelaide,75,Win,Sun,2013-06-16,June,1:10 PM,6601,Sydney Showground,False,True
2013,2013,12,Home & Away,Not applicable,False,Collingwood,Western Bulldogs,99,65,Collingwood,34,Win,Sun,2013-06-16,June,4:40 PM,32253,Docklands,False,True
2013,2013,13,Home & Away,Not applicable,False,Hawthorn,West Coast,123,103,Hawthorn,20,Win,Fri,2013-06-21,June,7:50 PM,32567,Docklands,False,True
2013,2013,13,Home & Away,Not applicable,False,Port Adelaide,Sydney,72,54,Port Adelaide,18,Win,Sat,2013-06-22,June,1:10 PM,16096,Football Park,False,True
2013,2013,13,Home & Away,Not applicable,False,St Kilda,Melbourne,104,69,St Kilda,35,Win,Sat,2013-06-22,June,4:40 PM,28751,M.C.G.,False,True
2013,2013,13,Home & Away,Not applicable,False,Western Bulldogs,Richmond,61,121,Richmond,60,Win,Sat,2013-06-22,June,7:40 PM,29788,Docklands,False,True
2013,2013,13,Home & Away,Not applicable,False,Fremantle,North Melbourne,67,29,Fremantle,38,Win,Sun,2013-06-23,June,1:20 PM,31637,Subiaco,False,True
2013,2013,13,Home & Away,Not applicable,False,Brisbane Lions,Geelong,103,98,Brisbane Lions,5,Win,Sun,2013-06-23,June,4:40 PM,24164,Gabba,False,True
2013,2013,14,Home & Away,Not applicable,False,West Coast,Essendon,91,98,Essendon,7,Win,Thu,2013-06-27,June,6:10 PM,36451,Subiaco,False,True
2013,2013,14,Home & Away,Not applicable,False,Sydney,Carlton,65,43,Sydney,22,Win,Fri,2013-06-28,June,7:50 PM,25349,S.C.G.,False,True
2013,2013,14,Home & Away,Not applicable,False,Gold Coast,Adelaide,83,111,Adelaide,28,Win,Sat,2013-06-29,June,1:40 PM,13791,Carrara,False,True
2013,2013,14,Home & Away,Not applicable,False,Port Adelaide,Collingwood,86,51,Port Adelaide,35,Win,Sat,2013-06-29,June,4:10 PM,31121,Football Park,False,True
2013,2013,14,Home & Away,Not applicable,False,Melbourne,Western Bulldogs,103,100,Melbourne,3,Win,Sat,2013-06-29,June,7:40 PM,21217,M.C.G.,False,True
2013,2013,14,Home & Away,Not applicable,False,Geelong,Fremantle,85,44,Geelong,41,Win,Sat,2013-06-29,June,7:40 PM,26743,Kardinia Park,False,True
2013,2013,14,Home & Away,Not applicable,False,Hawthorn,Brisbane Lions,143,85,Hawthorn,58,Win,Sun,2013-06-30,June,1:10 PM,15796,York Park,False,True
2013,2013,14,Home & Away,Not applicable,False,North Melbourne,Greater Western Sydney,130,44,North Melbourne,86,Win,Sun,2013-06-30,June,3:20 PM,15438,Docklands,False,True
2013,2013,14,Home & Away,Not applicable,False,Richmond,St Kilda,119,55,Richmond,64,Win,Sun,2013-06-30,June,4:40 PM,52184,M.C.G.,False,True
2013,2013,15,Home & Away,Not applicable,False,Carlton,Collingwood,77,118,Collingwood,41,Win,Fri,2013-07-05,July,7:50 PM,78224,M.C.G.,False,True
2013,2013,15,Home & Away,Not applicable,False,Greater Western Sydney,Western Bulldogs,83,87,Western Bulldogs,4,Win,Sat,2013-07-06,July,1:45 PM,7132,Manuka Oval,False,True
2013,2013,15,Home & Away,Not applicable,False,North Melbourne,Richmond,128,66,North Melbourne,62,Win,Sat,2013-07-06,July,2:10 PM,45966,Docklands,False,True
2013,2013,15,Home & Away,Not applicable,False,Brisbane Lions,Gold Coast,116,83,Brisbane Lions,33,Win,Sat,2013-07-06,July,4:40 PM,27170,Gabba,False,True
2013,2013,15,Home & Away,Not applicable,False,Adelaide,West Coast,69,75,West Coast,6,Win,Sat,2013-07-06,July,7:10 PM,26426,Football Park,False,True
2013,2013,15,Home & Away,Not applicable,False,Geelong,Hawthorn,82,72,Geelong,10,Win,Sat,2013-07-06,July,7:40 PM,85197,M.C.G.,False,True
2013,2013,15,Home & Away,Not applicable,False,Melbourne,Sydney,85,116,Sydney,31,Win,Sun,2013-07-07,July,1:10 PM,26216,M.C.G.,False,True
2013,2013,15,Home & Away,Not applicable,False,Fremantle,St Kilda,100,70,Fremantle,30,Win,Sun,2013-07-07,July,1:20 PM,34064,Subiaco,False,True
2013,2013,15,Home & Away,Not applicable,False,Essendon,Port Adelaide,118,88,Essendon,30,Win,Sun,2013-07-07,July,4:40 PM,40817,Docklands,False,True
2013,2013,16,Home & Away,Not applicable,False,Collingwood,Adelaide,111,84,Collingwood,27,Win,Fri,2013-07-12,July,7:50 PM,54790,M.C.G.,False,True
2013,2013,16,Home & Away,Not applicable,False,Port Adelaide,Hawthorn,79,124,Hawthorn,45,Win,Sat,2013-07-13,July,1:15 PM,23748,Football Park,False,True
2013,2013,16,Home & Away,Not applicable,False,Geelong,Melbourne,98,30,Geelong,68,Win,Sat,2013-07-13,July,2:10 PM,23172,Kardinia Park,False,True
2013,2013,16,Home & Away,Not applicable,False,Richmond,Gold Coast,53,44,Richmond,9,Win,Sat,2013-07-13,July,4:40 PM,11197,Cazaly's Stadium,False,True
2013,2013,16,Home & Away,Not applicable,False,Carlton,St Kilda,110,74,Carlton,36,Win,Sat,2013-07-13,July,7:40 PM,30949,Docklands,False,True
2013,2013,16,Home & Away,Not applicable,False,Brisbane Lions,North Melbourne,117,105,Brisbane Lions,12,Win,Sat,2013-07-13,July,7:40 PM,18131,Gabba,False,True
2013,2013,16,Home & Away,Not applicable,False,Sydney,Greater Western Sydney,171,42,Sydney,129,Win,Sun,2013-07-14,July,1:10 PM,21757,S.C.G.,False,True
2013,2013,16,Home & Away,Not applicable,False,Western Bulldogs,Essendon,90,121,Essendon,31,Win,Sun,2013-07-14,July,3:20 PM,32500,Docklands,False,True
2013,2013,16,Home & Away,Not applicable,False,West Coast,Fremantle,93,121,Fremantle,28,Win,Sun,2013-07-14,July,2:40 PM,39839,Subiaco,False,True
2013,2013,17,Home & Away,Not applicable,False,North Melbourne,Carlton,108,109,Carlton,1,Win,Fri,2013-07-19,July,7:50 PM,37443,Docklands,False,True
2013,2013,17,Home & Away,Not applicable,False,Hawthorn,Western Bulldogs,95,76,Hawthorn,19,Win,Sat,2013-07-20,July,1:45 PM,14022,York Park,False,True
2013,2013,17,Home & Away,Not applicable,False,Greater Western Sydney,Essendon,77,116,Essendon,39,Win,Sat,2013-07-20,July,2:10 PM,10783,Sydney Showground,False,True
2013,2013,17,Home & Away,Not applicable,False,Gold Coast,Collingwood,85,78,Gold Coast,7,Win,Sat,2013-07-20,July,4:40 PM,19721,Carrara,False,True
2013,2013,17,Home & Away,Not applicable,False,Melbourne,Brisbane Lions,75,94,Brisbane Lions,19,Win,Sat,2013-07-20,July,7:10 PM,7615,Marrara Oval,False,True
2013,2013,17,Home & Away,Not applicable,False,St Kilda,Port Adelaide,92,97,Port Adelaide,5,Win,Sat,2013-07-20,July,7:40 PM,14878,Docklands,False,True
2013,2013,17,Home & Away,Not applicable,False,Richmond,Fremantle,84,57,Richmond,27,Win,Sun,2013-07-21,July,1:10 PM,40125,M.C.G.,False,True
2013,2013,17,Home & Away,Not applicable,False,Adelaide,Geelong,94,92,Adelaide,2,Win,Sun,2013-07-21,July,2:50 PM,28603,Football Park,False,True
2013,2013,17,Home & Away,Not applicable,False,West Coast,Sydney,79,113,Sydney,34,Win,Sun,2013-07-21,July,2:40 PM,35166,Subiaco,False,True
2013,2013,18,Home & Away,Not applicable,False,Essendon,Hawthorn,87,143,Hawthorn,56,Win,Fri,2013-07-26,July,7:50 PM,49505,Docklands,False,True
2013,2013,18,Home & Away,Not applicable,False,Gold Coast,Carlton,77,120,Carlton,43,Win,Sat,2013-07-27,July,1:45 PM,19460,Carrara,False,True
2013,2013,18,Home & Away,Not applicable,False,Melbourne,North Melbourne,28,150,North Melbourne,122,Win,Sat,2013-07-27,July,2:10 PM,16962,Docklands,False,True
2013,2013,18,Home & Away,Not applicable,False,Collingwood,Greater Western Sydney,106,66,Collingwood,40,Win,Sat,2013-07-27,July,4:40 PM,32691,M.C.G.,False,True
2013,2013,18,Home & Away,Not applicable,False,Fremantle,Adelaide,75,53,Fremantle,22,Win,Sat,2013-07-27,July,5:40 PM,28765,Subiaco,False,True
2013,2013,18,Home & Away,Not applicable,False,Geelong,St Kilda,137,36,Geelong,101,Win,Sat,2013-07-27,July,7:40 PM,26833,Kardinia Park,False,True
2013,2013,18,Home & Away,Not applicable,False,Port Adelaide,Brisbane Lions,71,62,Port Adelaide,9,Win,Sun,2013-07-28,July,12:40 PM,22631,Football Park,False,True
2013,2013,18,Home & Away,Not applicable,False,Western Bulldogs,West Coast,111,89,Western Bulldogs,22,Win,Sun,2013-07-28,July,3:20 PM,17019,Docklands,False,True
2013,2013,18,Home & Away,Not applicable,False,Sydney,Richmond,110,63,Sydney,47,Win,Sun,2013-07-28,July,4:40 PM,29738,S.C.G.,False,True
2013,2013,19,Home & Away,Not applicable,False,North Melbourne,Geelong,96,86,North Melbourne,10,Win,Fri,2013-08-02,August,7:50 PM,33584,Docklands,False,True
2013,2013,19,Home & Away,Not applicable,False,Greater Western Sydney,Melbourne,124,87,Greater Western Sydney,37,Win,Sat,2013-08-03,August,1:45 PM,8308,Sydney Showground,False,True
2013,2013,19,Home & Away,Not applicable,False,Hawthorn,Richmond,66,107,Richmond,41,Win,Sat,2013-08-03,August,2:10 PM,64324,M.C.G.,False,True
2013,2013,19,Home & Away,Not applicable,False,West Coast,Gold Coast,130,113,West Coast,17,Win,Sat,2013-08-03,August,2:40 PM,32140,Subiaco,False,True
2013,2013,19,Home & Away,Not applicable,False,Carlton,Fremantle,80,116,Fremantle,36,Win,Sat,2013-08-03,August,7:40 PM,30457,Docklands,False,True
2013,2013,19,Home & Away,Not applicable,False,Brisbane Lions,St Kilda,108,77,Brisbane Lions,31,Win,Sat,2013-08-03,August,7:40 PM,19856,Gabba,False,True
2013,2013,19,Home & Away,Not applicable,False,Western Bulldogs,Sydney,99,134,Sydney,35,Win,Sun,2013-08-04,August,1:10 PM,22647,Docklands,False,True
2013,2013,19,Home & Away,Not applicable,False,Adelaide,Port Adelaide,103,107,Port Adelaide,4,Win,Sun,2013-08-04,August,2:50 PM,43368,Football Park,False,True
2013,2013,19,Home & Away,Not applicable,False,Collingwood,Essendon,133,54,Collingwood,79,Win,Sun,2013-08-04,August,4:40 PM,69821,M.C.G.,False,True
2013,2013,20,Home & Away,Not applicable,False,St Kilda,Hawthorn,56,102,Hawthorn,46,Win,Fri,2013-08-09,August,7:50 PM,24765,Docklands,False,True
2013,2013,20,Home & Away,Not applicable,False,Richmond,Brisbane Lions,97,74,Richmond,23,Win,Sat,2013-08-10,August,1:45 PM,46961,M.C.G.,False,True
2013,2013,20,Home & Away,Not applicable,False,Geelong,Port Adelaide,129,104,Geelong,25,Win,Sat,2013-08-10,August,2:10 PM,24784,Kardinia Park,False,True
2013,2013,20,Home & Away,Not applicable,False,Carlton,Western Bulldogs,89,117,Western Bulldogs,28,Win,Sat,2013-08-10,August,4:40 PM,31126,Docklands,False,True
2013,2013,20,Home & Away,Not applicable,False,Sydney,Collingwood,71,100,Collingwood,29,Win,Sat,2013-08-10,August,7:40 PM,42627,Stadium Australia,False,True
2013,2013,20,Home & Away,Not applicable,False,Gold Coast,Melbourne,90,77,Gold Coast,13,Win,Sat,2013-08-10,August,7:40 PM,13840,Carrara,False,True
2013,2013,20,Home & Away,Not applicable,False,Essendon,West Coast,67,120,West Coast,53,Win,Sun,2013-08-11,August,1:10 PM,32595,Docklands,False,True
2013,2013,20,Home & Away,Not applicable,False,Adelaide,North Melbourne,79,70,Adelaide,9,Win,Sun,2013-08-11,August,2:50 PM,31801,Football Park,False,True
2013,2013,20,Home & Away,Not applicable,False,Fremantle,Greater Western Sydney,157,44,Fremantle,113,Win,Sun,2013-08-11,August,2:40 PM,31390,Subiaco,False,True
2013,2013,21,Home & Away,Not applicable,False,Hawthorn,Collingwood,119,84,Hawthorn,35,Win,Fri,2013-08-16,August,7:50 PM,71533,M.C.G.,False,True
2013,2013,21,Home & Away,Not applicable,False,Richmond,Carlton,96,106,Carlton,10,Win,Sat,2013-08-17,August,1:45 PM,60825,M.C.G.,False,True
2013,2013,21,Home & Away,Not applicable,False,Port Adelaide,Gold Coast,113,96,Port Adelaide,17,Win,Sat,2013-08-17,August,1:40 PM,18703,Football Park,False,True
2013,2013,21,Home & Away,Not applicable,False,Essendon,North Melbourne,70,115,North Melbourne,45,Win,Sat,2013-08-17,August,4:40 PM,34102,Docklands,False,True
2013,2013,21,Home & Away,Not applicable,False,West Coast,Geelong,41,107,Geelong,66,Win,Sat,2013-08-17,August,5:40 PM,34394,Subiaco,False,True
2013,2013,21,Home & Away,Not applicable,False,Brisbane Lions,Greater Western Sydney,123,63,Brisbane Lions,60,Win,Sat,2013-08-17,August,7:40 PM,13855,Gabba,False,True
2013,2013,21,Home & Away,Not applicable,False,Melbourne,Fremantle,38,133,Fremantle,95,Win,Sun,2013-08-18,August,1:10 PM,13768,M.C.G.,False,True
2013,2013,21,Home & Away,Not applicable,False,Sydney,St Kilda,118,59,Sydney,59,Win,Sun,2013-08-18,August,3:20 PM,26730,S.C.G.,False,True
2013,2013,21,Home & Away,Not applicable,False,Western Bulldogs,Adelaide,131,114,Western Bulldogs,17,Win,Sun,2013-08-18,August,4:40 PM,17159,Docklands,False,True
2013,2013,22,Home & Away,Not applicable,False,Collingwood,West Coast,101,39,Collingwood,62,Win,Fri,2013-08-23,August,7:50 PM,41198,M.C.G.,False,True
2013,2013,22,Home & Away,Not applicable,False,Adelaide,Melbourne,120,52,Adelaide,68,Win,Sat,2013-08-24,August,1:15 PM,34653,Football Park,False,True
2013,2013,22,Home & Away,Not applicable,False,North Melbourne,Hawthorn,103,117,Hawthorn,14,Win,Sat,2013-08-24,August,2:10 PM,33039,Docklands,False,True
2013,2013,22,Home & Away,Not applicable,False,Geelong,Sydney,92,48,Geelong,44,Win,Sat,2013-08-24,August,4:40 PM,28459,Kardinia Park,False,True
2013,2013,22,Home & Away,Not applicable,False,Fremantle,Port Adelaide,134,60,Fremantle,74,Win,Sat,2013-08-24,August,5:40 PM,35565,Subiaco,False,True
2013,2013,22,Home & Away,Not applicable,False,Carlton,Essendon,76,82,Essendon,6,Win,Sat,2013-08-24,August,7:40 PM,53630,M.C.G.,False,True
2013,2013,22,Home & Away,Not applicable,False,St Kilda,Gold Coast,116,70,St Kilda,46,Win,Sun,2013-08-25,August,1:10 PM,17622,Docklands,False,True
2013,2013,22,Home & Away,Not applicable,False,Greater Western Sydney,Richmond,42,163,Richmond,121,Win,Sun,2013-08-25,August,3:20 PM,12314,Sydney Showground,False,True
2013,2013,22,Home & Away,Not applicable,False,Brisbane Lions,Western Bulldogs,100,93,Brisbane Lions,7,Win,Sun,2013-08-25,August,4:40 PM,20130,Gabba,False,True
2013,2013,23,Home & Away,Not applicable,False,Sydney,Hawthorn,100,112,Hawthorn,12,Win,Fri,2013-08-30,August,7:50 PM,37980,Stadium Australia,False,True
2013,2013,23,Home & Away,Not applicable,False,St Kilda,Fremantle,112,41,St Kilda,71,Win,Sat,2013-08-31,August,1:45 PM,22476,Docklands,False,True
2013,2013,23,Home & Away,Not applicable,False,Geelong,Brisbane Lions,112,111,Geelong,1,Win,Sat,2013-08-31,August,2:10 PM,27467,Kardinia Park,False,True
2013,2013,23,Home & Away,Not applicable,False,Port Adelaide,Carlton,103,104,Carlton,1,Win,Sat,2013-08-31,August,4:10 PM,45127,Football Park,False,True
2013,2013,23,Home & Away,Not applicable,False,Essendon,Richmond,65,104,Richmond,39,Win,Sat,2013-08-31,August,7:40 PM,60979,M.C.G.,False,True
2013,2013,23,Home & Away,Not applicable,False,West Coast,Adelaide,43,129,Adelaide,86,Win,Sat,2013-08-31,August,6:10 PM,29416,Subiaco,False,True
2013,2013,23,Home & Away,Not applicable,False,Gold Coast,Greater Western Sydney,146,63,Gold Coast,83,Win,Sun,2013-09-01,September,1:10 PM,13080,Carrara,False,True
2013,2013,23,Home & Away,Not applicable,False,Collingwood,North Melbourne,114,125,North Melbourne,11,Win,Sun,2013-09-01,September,3:20 PM,50958,M.C.G.,False,True
2013,2013,23,Home & Away,Not applicable,False,Western Bulldogs,Melbourne,107,87,Western Bulldogs,20,Win,Sun,2013-09-01,September,4:40 PM,22176,Docklands,False,True
2013,2013,,Finals,Qualifying Final,True,Hawthorn,Sydney,105,51,Hawthorn,54,Win,Fri,2013-09-06,September,7:50 PM,59615,M.C.G.,False,False
2013,2013,,Finals,Qualifying Final,True,Geelong,Fremantle,72,87,Fremantle,15,Win,Sat,2013-09-07,September,2:20 PM,32458,Kardinia Park,False,False
2013,2013,,Finals,Elimination Final,True,Collingwood,Port Adelaide,63,87,Port Adelaide,24,Win,Sat,2013-09-07,September,7:45 PM,51722,M.C.G.,False,False
2013,2013,,Finals,Elimination Final,True,Richmond,Carlton,96,116,Carlton,20,Win,Sun,2013-09-08,September,3:20 PM,94690,M.C.G.,False,False
2013,2013,,Finals,Semi Final,True,Geelong,Port Adelaide,96,80,Geelong,16,Win,Fri,2013-09-13,September,7:50 PM,52744,M.C.G.,False,False
2013,2013,,Finals,Semi Final,True,Sydney,Carlton,86,62,Sydney,24,Win,Sat,2013-09-14,September,7:45 PM,37980,Stadium Australia,False,False
2013,2013,,Finals,Preliminary Final,True,Hawthorn,Geelong,102,97,Hawthorn,5,Win,Fri,2013-09-20,September,7:50 PM,85569,M.C.G.,False,False
2013,2013,,Finals,Preliminary Final,True,Fremantle,Sydney,99,74,Fremantle,25,Win,Sat,2013-09-21,September,5:45 PM,43249,Subiaco,False,False
2013,2013,,Finals,Grand Final,True,Hawthorn,Fremantle,77,62,Hawthorn,15,Win,Sat,2013-09-28,September,2:30 PM,100007,M.C.G.,False,False
2014,2014,1,Home & Away,Not applicable,False,Collingwood,Fremantle,46,116,Fremantle,70,Win,Fri,2014-03-14,March,7:50 PM,37571,Docklands,False,True
2014,2014,1,Home & Away,Not applicable,False,Greater Western Sydney,Sydney,99,67,Greater Western Sydney,32,Win,Sat,2014-03-15,March,4:40 PM,17102,Sydney Showground,False,True
2014,2014,1,Home & Away,Not applicable,False,Gold Coast,Richmond,87,69,Gold Coast,18,Win,Sat,2014-03-15,March,6:55 PM,19425,Carrara,False,True
2014,2014,1,Home & Away,Not applicable,False,Carlton,Port Adelaide,87,120,Port Adelaide,33,Win,Sun,2014-03-16,March,7:40 PM,24640,Docklands,False,True
2014,2014,1,Home & Away,Not applicable,False,Geelong,Adelaide,119,81,Geelong,38,Win,Thu,2014-03-20,March,7:10 PM,23622,Kardinia Park,False,True
2014,2014,1,Home & Away,Not applicable,False,North Melbourne,Essendon,60,99,Essendon,39,Win,Fri,2014-03-21,March,7:50 PM,42332,Docklands,False,True
2014,2014,1,Home & Away,Not applicable,False,Hawthorn,Brisbane Lions,139,91,Hawthorn,48,Win,Sat,2014-03-22,March,4:40 PM,12430,York Park,False,True
2014,2014,1,Home & Away,Not applicable,False,St Kilda,Melbourne,68,51,St Kilda,17,Win,Sat,2014-03-22,March,7:40 PM,31657,Docklands,False,True
2014,2014,1,Home & Away,Not applicable,False,West Coast,Western Bulldogs,134,69,West Coast,65,Win,Sun,2014-03-23,March,4:40 PM,36752,Subiaco,False,True
2014,2014,2,Home & Away,Not applicable,False,Richmond,Carlton,98,86,Richmond,12,Win,Thu,2014-03-27,March,7:45 PM,62037,M.C.G.,False,True
2014,2014,2,Home & Away,Not applicable,False,Essendon,Hawthorn,86,90,Hawthorn,4,Win,Fri,2014-03-28,March,7:50 PM,44163,Docklands,False,True
2014,2014,2,Home & Away,Not applicable,False,St Kilda,Greater Western Sydney,95,88,St Kilda,7,Win,Sat,2014-03-29,March,1:40 PM,19640,Docklands,False,True
2014,2014,2,Home & Away,Not applicable,False,Port Adelaide,Adelaide,127,73,Port Adelaide,54,Win,Sat,2014-03-29,March,4:15 PM,50397,Adelaide Oval,False,True
2014,2014,2,Home & Away,Not applicable,False,Fremantle,Gold Coast,87,39,Fremantle,48,Win,Sat,2014-03-29,March,4:40 PM,35583,Subiaco,False,True
2014,2014,2,Home & Away,Not applicable,False,Sydney,Collingwood,69,89,Collingwood,20,Win,Sat,2014-03-29,March,7:40 PM,32347,Stadium Australia,False,True
2014,2014,2,Home & Away,Not applicable,False,Brisbane Lions,Geelong,68,93,Geelong,25,Win,Sun,2014-03-30,March,12:10 PM,20933,Gabba,False,True
2014,2014,2,Home & Away,Not applicable,False,Melbourne,West Coast,30,123,West Coast,93,Win,Sun,2014-03-30,March,3:20 PM,22230,M.C.G.,False,True
2014,2014,2,Home & Away,Not applicable,False,Western Bulldogs,North Melbourne,54,83,North Melbourne,29,Win,Sun,2014-03-30,March,4:40 PM,28512,Docklands,False,True
2014,2014,3,Home & Away,Not applicable,False,Hawthorn,Fremantle,137,79,Hawthorn,58,Win,Fri,2014-04-04,April,7:50 PM,43583,M.C.G.,False,True
2014,2014,3,Home & Away,Not applicable,False,Western Bulldogs,Richmond,100,98,Western Bulldogs,2,Win,Sat,2014-04-05,April,1:45 PM,31724,Docklands,False,True
2014,2014,3,Home & Away,Not applicable,False,Adelaide,Sydney,71,134,Sydney,63,Win,Sat,2014-04-05,April,1:40 PM,47426,Adelaide Oval,False,True
2014,2014,3,Home & Away,Not applicable,False,Gold Coast,Brisbane Lions,114,61,Gold Coast,53,Win,Sat,2014-04-05,April,3:40 PM,16593,Carrara,False,True
2014,2014,3,Home & Away,Not applicable,False,West Coast,St Kilda,83,58,West Coast,25,Win,Sat,2014-04-05,April,4:40 PM,36448,Subiaco,False,True
2014,2014,3,Home & Away,Not applicable,False,Collingwood,Geelong,76,87,Geelong,11,Win,Sat,2014-04-05,April,7:40 PM,63152,M.C.G.,False,True
2014,2014,3,Home & Away,Not applicable,False,Greater Western Sydney,Melbourne,79,47,Greater Western Sydney,32,Win,Sun,2014-04-06,April,1:10 PM,7016,Sydney Showground,False,True
2014,2014,3,Home & Away,Not applicable,False,North Melbourne,Port Adelaide,97,90,North Melbourne,7,Win,Sun,2014-04-06,April,4:10 PM,19111,Docklands,False,True
2014,2014,3,Home & Away,Not applicable,False,Essendon,Carlton,138,57,Essendon,81,Win,Sun,2014-04-06,April,7:10 PM,62730,M.C.G.,False,True
2014,2014,4,Home & Away,Not applicable,False,Richmond,Collingwood,72,110,Collingwood,38,Win,Fri,2014-04-11,April,7:50 PM,62100,M.C.G.,False,True
2014,2014,4,Home & Away,Not applicable,False,Carlton,Melbourne,58,81,Melbourne,23,Win,Sat,2014-04-12,April,1:45 PM,37323,M.C.G.,False,True
2014,2014,4,Home & Away,Not applicable,False,Port Adelaide,Brisbane Lions,159,46,Port Adelaide,113,Win,Sat,2014-04-12,April,1:40 PM,36231,Adelaide Oval,False,True
2014,2014,4,Home & Away,Not applicable,False,Greater Western Sydney,Western Bulldogs,83,110,Western Bulldogs,27,Win,Sat,2014-04-12,April,4:40 PM,7863,Manuka Oval,False,True
2014,2014,4,Home & Away,Not applicable,False,Geelong,West Coast,107,32,Geelong,75,Win,Sat,2014-04-12,April,7:40 PM,25271,Kardinia Park,False,True
2014,2014,4,Home & Away,Not applicable,False,Gold Coast,Hawthorn,49,148,Hawthorn,99,Win,Sat,2014-04-12,April,7:40 PM,17729,Carrara,False,True
2014,2014,4,Home & Away,Not applicable,False,Sydney,North Melbourne,48,91,North Melbourne,43,Win,Sun,2014-04-13,April,1:10 PM,25505,S.C.G.,False,True
2014,2014,4,Home & Away,Not applicable,False,St Kilda,Adelaide,50,136,Adelaide,86,Win,Sun,2014-04-13,April,3:20 PM,22923,Docklands,False,True
2014,2014,4,Home & Away,Not applicable,False,Fremantle,Essendon,113,60,Fremantle,53,Win,Sun,2014-04-13,April,2:40 PM,36722,Subiaco,False,True
2014,2014,5,Home & Away,Not applicable,False,Brisbane Lions,Richmond,63,106,Richmond,43,Win,Thu,2014-04-17,April,7:50 PM,20676,Gabba,False,True
2014,2014,5,Home & Away,Not applicable,False,Collingwood,North Melbourne,93,58,Collingwood,35,Win,Sat,2014-04-19,April,1:40 PM,57116,M.C.G.,False,True
2014,2014,5,Home & Away,Not applicable,False,Sydney,Fremantle,92,75,Sydney,17,Win,Sat,2014-04-19,April,4:40 PM,25376,S.C.G.,False,True
2014,2014,5,Home & Away,Not applicable,False,West Coast,Port Adelaide,56,70,Port Adelaide,14,Win,Sat,2014-04-19,April,5:40 PM,35366,Subiaco,False,True
2014,2014,5,Home & Away,Not applicable,False,Essendon,St Kilda,65,81,St Kilda,16,Win,Sat,2014-04-19,April,7:40 PM,36041,Docklands,False,True
2014,2014,5,Home & Away,Not applicable,False,Adelaide,Greater Western Sydney,137,72,Adelaide,65,Win,Sun,2014-04-20,April,12:40 PM,44770,Adelaide Oval,False,True
2014,2014,5,Home & Away,Not applicable,False,Melbourne,Gold Coast,78,86,Gold Coast,8,Win,Sun,2014-04-20,April,3:20 PM,17243,M.C.G.,False,True
2014,2014,5,Home & Away,Not applicable,False,Western Bulldogs,Carlton,91,119,Carlton,28,Win,Sun,2014-04-20,April,4:40 PM,27986,Docklands,False,True
2014,2014,5,Home & Away,Not applicable,False,Geelong,Hawthorn,106,87,Geelong,19,Win,Mon,2014-04-21,April,3:20 PM,80222,M.C.G.,False,True
2014,2014,6,Home & Away,Not applicable,False,Collingwood,Essendon,83,60,Collingwood,23,Win,Fri,2014-04-25,April,2:40 PM,91731,M.C.G.,False,True
2014,2014,6,Home & Away,Not applicable,False,St Kilda,Brisbane Lions,79,82,Brisbane Lions,3,Win,Fri,2014-04-25,April,7:45 PM,13409,Wellington,False,True
2014,2014,6,Home & Away,Not applicable,False,Fremantle,North Melbourne,61,74,North Melbourne,13,Win,Fri,2014-04-25,April,6:45 PM,37624,Subiaco,False,True
2014,2014,6,Home & Away,Not applicable,False,Gold Coast,Greater Western Sydney,134,94,Gold Coast,40,Win,Sat,2014-04-26,April,1:40 PM,11504,Carrara,False,True
2014,2014,6,Home & Away,Not applicable,False,Carlton,West Coast,92,89,Carlton,3,Win,Sat,2014-04-26,April,4:40 PM,31005,Docklands,False,True
2014,2014,6,Home & Away,Not applicable,False,Melbourne,Sydney,38,69,Sydney,31,Win,Sat,2014-04-26,April,7:40 PM,24855,M.C.G.,False,True
2014,2014,6,Home & Away,Not applicable,False,Western Bulldogs,Adelaide,83,92,Adelaide,9,Win,Sun,2014-04-27,April,1:10 PM,17404,Docklands,False,True
2014,2014,6,Home & Away,Not applicable,False,Richmond,Hawthorn,52,118,Hawthorn,66,Win,Sun,2014-04-27,April,3:20 PM,52990,M.C.G.,False,True
2014,2014,6,Home & Away,Not applicable,False,Port Adelaide,Geelong,107,67,Port Adelaide,40,Win,Sun,2014-04-27,April,4:10 PM,47007,Adelaide Oval,False,True
2014,2014,7,Home & Away,Not applicable,False,Carlton,Collingwood,70,104,Collingwood,34,Win,Fri,2014-05-02,May,7:50 PM,68251,M.C.G.,False,True
2014,2014,7,Home & Away,Not applicable,False,Hawthorn,St Kilda,175,30,Hawthorn,145,Win,Sat,2014-05-03,May,1:45 PM,32924,M.C.G.,False,True
2014,2014,7,Home & Away,Not applicable,False,Greater Western Sydney,Port Adelaide,97,132,Port Adelaide,35,Win,Sat,2014-05-03,May,2:10 PM,6549,Manuka Oval,False,True
2014,2014,7,Home & Away,Not applicable,False,Adelaide,Melbourne,67,70,Melbourne,3,Win,Sat,2014-05-03,May,4:10 PM,44216,Adelaide Oval,False,True
2014,2014,7,Home & Away,Not applicable,False,Essendon,Western Bulldogs,73,65,Essendon,8,Win,Sat,2014-05-03,May,7:40 PM,33289,Docklands,False,True
2014,2014,7,Home & Away,Not applicable,False,Brisbane Lions,Sydney,44,123,Sydney,79,Win,Sat,2014-05-03,May,7:40 PM,17953,Gabba,False,True
2014,2014,7,Home & Away,Not applicable,False,North Melbourne,Gold Coast,77,120,Gold Coast,43,Win,Sun,2014-05-04,May,1:10 PM,19819,Docklands,False,True
2014,2014,7,Home & Away,Not applicable,False,Geelong,Richmond,81,76,Geelong,5,Win,Sun,2014-05-04,May,3:20 PM,34377,M.C.G.,False,True
2014,2014,7,Home & Away,Not applicable,False,West Coast,Fremantle,54,73,Fremantle,19,Win,Sun,2014-05-04,May,2:40 PM,40476,Subiaco,False,True
2014,2014,8,Home & Away,Not applicable,False,Sydney,Hawthorn,107,88,Sydney,19,Win,Fri,2014-05-09,May,7:50 PM,34506,Stadium Australia,False,True
2014,2014,8,Home & Away,Not applicable,False,Port Adelaide,Fremantle,94,76,Port Adelaide,18,Win,Sat,2014-05-10,May,1:10 PM,38234,Adelaide Oval,False,True
2014,2014,8,Home & Away,Not applicable,False,Brisbane Lions,Essendon,57,65,Essendon,8,Win,Sat,2014-05-10,May,4:40 PM,26522,Gabba,False,True
2014,2014,8,Home & Away,Not applicable,False,Melbourne,Western Bulldogs,83,99,Western Bulldogs,16,Win,Sat,2014-05-10,May,7:40 PM,36326,M.C.G.,False,True
2014,2014,8,Home & Away,Not applicable,False,West Coast,Greater Western Sydney,188,77,West Coast,111,Win,Sun,2014-05-11,May,2:40 PM,29391,Subiaco,False,True
2014,2014,8,Home & Away,Not applicable,False,St Kilda,Carlton,69,101,Carlton,32,Win,Mon,2014-05-12,May,7:20 PM,26708,Docklands,False,True
2014,2014,9,Home & Away,Not applicable,False,Adelaide,Collingwood,76,55,Adelaide,21,Win,Thu,2014-05-15,May,7:20 PM,50051,Adelaide Oval,False,True
2014,2014,9,Home & Away,Not applicable,False,Essendon,Sydney,64,114,Sydney,50,Win,Fri,2014-05-16,May,7:50 PM,41098,Docklands,False,True
2014,2014,9,Home & Away,Not applicable,False,Richmond,Melbourne,74,91,Melbourne,17,Win,Sat,2014-05-17,May,1:40 PM,56910,M.C.G.,False,True
2014,2014,9,Home & Away,Not applicable,False,North Melbourne,Brisbane Lions,125,38,North Melbourne,87,Win,Sat,2014-05-17,May,4:40 PM,21152,Docklands,False,True
2014,2014,9,Home & Away,Not applicable,False,Fremantle,Geelong,96,64,Fremantle,32,Win,Sat,2014-05-17,May,5:40 PM,38565,Subiaco,False,True
2014,2014,9,Home & Away,Not applicable,False,St Kilda,Gold Coast,87,125,Gold Coast,38,Win,Sun,2014-05-18,May,4:40 PM,14625,Docklands,False,True
2014,2014,10,Home & Away,Not applicable,False,Geelong,North Melbourne,111,91,Geelong,20,Win,Fri,2014-05-23,May,7:50 PM,27402,Kardinia Park,False,True
2014,2014,10,Home & Away,Not applicable,False,Greater Western Sydney,Richmond,41,154,Richmond,113,Win,Sat,2014-05-24,May,1:40 PM,8331,Sydney Showground,False,True
2014,2014,10,Home & Away,Not applicable,False,Collingwood,West Coast,109,101,Collingwood,8,Win,Sat,2014-05-24,May,4:40 PM,53049,M.C.G.,False,True
2014,2014,10,Home & Away,Not applicable,False,Port Adelaide,Hawthorn,100,86,Port Adelaide,14,Win,Sat,2014-05-24,May,7:10 PM,52233,Adelaide Oval,False,True
2014,2014,10,Home & Away,Not applicable,False,Gold Coast,Western Bulldogs,119,74,Gold Coast,45,Win,Sun,2014-05-25,May,3:20 PM,14235,Carrara,False,True
2014,2014,10,Home & Away,Not applicable,False,Carlton,Adelaide,81,76,Carlton,5,Win,Sun,2014-05-25,May,4:40 PM,32419,M.C.G.,False,True
2014,2014,11,Home & Away,Not applicable,False,Sydney,Geelong,148,38,Sydney,110,Win,Thu,2014-05-29,May,7:10 PM,37355,S.C.G.,False,True
2014,2014,11,Home & Away,Not applicable,False,St Kilda,Collingwood,54,140,Collingwood,86,Win,Fri,2014-05-30,May,7:50 PM,34855,Docklands,False,True
2014,2014,11,Home & Away,Not applicable,False,Melbourne,Port Adelaide,75,95,Port Adelaide,20,Win,Sat,2014-05-31,May,1:10 PM,5655,Traeger Park,False,True
2014,2014,11,Home & Away,Not applicable,False,Brisbane Lions,Carlton,98,91,Brisbane Lions,7,Win,Sat,2014-05-31,May,4:40 PM,24625,Gabba,False,True
2014,2014,11,Home & Away,Not applicable,False,Essendon,Richmond,104,54,Essendon,50,Win,Sat,2014-05-31,May,7:45 PM,74664,M.C.G.,False,True
2014,2014,11,Home & Away,Not applicable,False,Adelaide,Gold Coast,109,77,Adelaide,32,Win,Sun,2014-06-01,June,12:40 PM,49069,Adelaide Oval,False,True
2014,2014,11,Home & Away,Not applicable,False,Western Bulldogs,Fremantle,51,89,Fremantle,38,Win,Sun,2014-06-01,June,3:20 PM,14913,Docklands,False,True
2014,2014,11,Home & Away,Not applicable,False,Hawthorn,Greater Western Sydney,94,87,Hawthorn,7,Win,Sun,2014-06-01,June,4:40 PM,17906,M.C.G.,False,True
2014,2014,11,Home & Away,Not applicable,False,West Coast,North Melbourne,44,82,North Melbourne,38,Win,Sun,2014-06-01,June,5:40 PM,35914,Subiaco,False,True
2014,2014,12,Home & Away,Not applicable,False,Geelong,Carlton,107,102,Geelong,5,Win,Fri,2014-06-06,June,7:50 PM,36952,Docklands,False,True
2014,2014,12,Home & Away,Not applicable,False,Hawthorn,West Coast,123,79,Hawthorn,44,Win,Sat,2014-06-07,June,1:40 PM,15504,York Park,False,True
2014,2014,12,Home & Away,Not applicable,False,Port Adelaide,St Kilda,129,59,Port Adelaide,70,Win,Sat,2014-06-07,June,4:10 PM,42374,Adelaide Oval,False,True
2014,2014,12,Home & Away,Not applicable,False,Greater Western Sydney,Essendon,66,81,Essendon,15,Win,Sat,2014-06-07,June,7:40 PM,8429,Sydney Showground,False,True
2014,2014,12,Home & Away,Not applicable,False,Western Bulldogs,Brisbane Lions,87,95,Brisbane Lions,8,Win,Sat,2014-06-07,June,7:40 PM,18054,Docklands,False,True
2014,2014,12,Home & Away,Not applicable,False,Gold Coast,Sydney,74,109,Sydney,35,Win,Sun,2014-06-08,June,3:20 PM,21354,Carrara,False,True
2014,2014,12,Home & Away,Not applicable,False,Fremantle,Adelaide,90,50,Fremantle,40,Win,Sun,2014-06-08,June,2:10 PM,35389,Subiaco,False,True
2014,2014,12,Home & Away,Not applicable,False,North Melbourne,Richmond,116,88,North Melbourne,28,Win,Sun,2014-06-08,June,7:10 PM,32977,Docklands,False,True
2014,2014,12,Home & Away,Not applicable,False,Melbourne,Collingwood,28,61,Collingwood,33,Win,Mon,2014-06-09,June,3:20 PM,68130,M.C.G.,False,True
2014,2014,13,Home & Away,Not applicable,False,Carlton,Hawthorn,90,118,Hawthorn,28,Win,Fri,2014-06-13,June,7:50 PM,49624,M.C.G.,False,True
2014,2014,13,Home & Away,Not applicable,False,Richmond,Fremantle,85,105,Fremantle,20,Win,Sat,2014-06-14,June,1:45 PM,22083,M.C.G.,False,True
2014,2014,13,Home & Away,Not applicable,False,Sydney,Port Adelaide,98,94,Sydney,4,Win,Sat,2014-06-14,June,2:10 PM,41317,S.C.G.,False,True
2014,2014,13,Home & Away,Not applicable,False,West Coast,Gold Coast,103,100,West Coast,3,Win,Sat,2014-06-14,June,2:40 PM,32942,Subiaco,False,True
2014,2014,13,Home & Away,Not applicable,False,Adelaide,North Melbourne,109,73,Adelaide,36,Win,Sat,2014-06-14,June,7:10 PM,47205,Adelaide Oval,False,True
2014,2014,13,Home & Away,Not applicable,False,Brisbane Lions,Greater Western Sydney,80,125,Greater Western Sydney,45,Win,Sat,2014-06-14,June,7:40 PM,12700,Gabba,False,True
2014,2014,13,Home & Away,Not applicable,False,Geelong,St Kilda,133,37,Geelong,96,Win,Sun,2014-06-15,June,1:10 PM,25180,Kardinia Park,False,True
2014,2014,13,Home & Away,Not applicable,False,Collingwood,Western Bulldogs,98,106,Western Bulldogs,8,Win,Sun,2014-06-15,June,3:20 PM,28339,Docklands,False,True
2014,2014,13,Home & Away,Not applicable,False,Essendon,Melbourne,77,78,Melbourne,1,Win,Sun,2014-06-15,June,4:40 PM,44626,M.C.G.,False,True
2014,2014,14,Home & Away,Not applicable,False,Richmond,Sydney,51,62,Sydney,11,Win,Fri,2014-06-20,June,7:50 PM,34648,M.C.G.,False,True
2014,2014,14,Home & Away,Not applicable,False,Port Adelaide,Western Bulldogs,128,56,Port Adelaide,72,Win,Sat,2014-06-21,June,1:15 PM,34258,Adelaide Oval,False,True
2014,2014,14,Home & Away,Not applicable,False,Hawthorn,Collingwood,115,86,Hawthorn,29,Win,Sat,2014-06-21,June,2:10 PM,70516,M.C.G.,False,True
2014,2014,14,Home & Away,Not applicable,False,Gold Coast,Geelong,118,78,Gold Coast,40,Win,Sat,2014-06-21,June,4:40 PM,18236,Carrara,False,True
2014,2014,14,Home & Away,Not applicable,False,Fremantle,Brisbane Lions,105,22,Fremantle,83,Win,Sat,2014-06-21,June,5:40 PM,25152,Subiaco,False,True
2014,2014,14,Home & Away,Not applicable,False,Essendon,Adelaide,101,92,Essendon,9,Win,Sat,2014-06-21,June,7:40 PM,30948,Docklands,False,True
2014,2014,14,Home & Away,Not applicable,False,Greater Western Sydney,Carlton,100,92,Greater Western Sydney,8,Win,Sun,2014-06-22,June,1:10 PM,9059,Sydney Showground,False,True
2014,2014,14,Home & Away,Not applicable,False,St Kilda,West Coast,70,103,West Coast,33,Win,Sun,2014-06-22,June,3:20 PM,17317,Docklands,False,True
2014,2014,14,Home & Away,Not applicable,False,Melbourne,North Melbourne,66,107,North Melbourne,41,Win,Sun,2014-06-22,June,4:40 PM,26615,M.C.G.,False,True
2014,2014,15,Home & Away,Not applicable,False,Geelong,Essendon,89,80,Geelong,9,Win,Fri,2014-06-27,June,7:50 PM,43732,Docklands,False,True
2014,2014,15,Home & Away,Not applicable,False,Hawthorn,Gold Coast,116,63,Hawthorn,53,Win,Sat,2014-06-28,June,1:45 PM,13178,York Park,False,True
2014,2014,15,Home & Away,Not applicable,False,St Kilda,Richmond,73,117,Richmond,44,Win,Sat,2014-06-28,June,2:10 PM,28487,Docklands,False,True
2014,2014,15,Home & Away,Not applicable,False,Fremantle,West Coast,88,81,Fremantle,7,Win,Sat,2014-06-28,June,2:40 PM,40490,Subiaco,False,True
2014,2014,15,Home & Away,Not applicable,False,Brisbane Lions,North Melbourne,70,66,Brisbane Lions,4,Win,Sat,2014-06-28,June,7:40 PM,15862,Gabba,False,True
2014,2014,15,Home & Away,Not applicable,False,Sydney,Greater Western Sydney,106,60,Sydney,46,Win,Sat,2014-06-28,June,7:40 PM,27778,S.C.G.,False,True
2014,2014,15,Home & Away,Not applicable,False,Western Bulldogs,Melbourne,91,85,Western Bulldogs,6,Win,Sun,2014-06-29,June,1:10 PM,24953,Docklands,False,True
2014,2014,15,Home & Away,Not applicable,False,Adelaide,Port Adelaide,99,76,Adelaide,23,Win,Sun,2014-06-29,June,3:40 PM,50552,Adelaide Oval,False,True
2014,2014,15,Home & Away,Not applicable,False,Collingwood,Carlton,91,76,Collingwood,15,Win,Sun,2014-06-29,June,7:10 PM,40939,M.C.G.,False,True
2014,2014,16,Home & Away,Not applicable,False,North Melbourne,Hawthorn,108,88,North Melbourne,20,Win,Fri,2014-07-04,July,7:50 PM,35025,Docklands,False,True
2014,2014,16,Home & Away,Not applicable,False,Richmond,Brisbane Lions,79,54,Richmond,25,Win,Sat,2014-07-05,July,1:45 PM,34577,M.C.G.,False,True
2014,2014,16,Home & Away,Not applicable,False,Greater Western Sydney,Adelaide,72,140,Adelaide,68,Win,Sat,2014-07-05,July,2:10 PM,8383,Sydney Showground,False,True
2014,2014,16,Home & Away,Not applicable,False,Gold Coast,Collingwood,80,75,Gold Coast,5,Win,Sat,2014-07-05,July,4:40 PM,24032,Carrara,False,True
2014,2014,16,Home & Away,Not applicable,False,Port Adelaide,Essendon,60,62,Essendon,2,Win,Sat,2014-07-05,July,7:10 PM,46786,Adelaide Oval,False,True
2014,2014,16,Home & Away,Not applicable,False,Melbourne,Fremantle,34,97,Fremantle,63,Win,Sat,2014-07-05,July,7:10 PM,9290,Marrara Oval,False,True
2014,2014,16,Home & Away,Not applicable,False,Carlton,St Kilda,151,66,Carlton,85,Win,Sun,2014-07-06,July,1:10 PM,29297,Docklands,False,True
2014,2014,16,Home & Away,Not applicable,False,West Coast,Sydney,51,79,Sydney,28,Win,Sun,2014-07-06,July,1:20 PM,25076,Subiaco,False,True
2014,2014,16,Home & Away,Not applicable,False,Geelong,Western Bulldogs,69,56,Geelong,13,Win,Sun,2014-07-06,July,4:40 PM,24766,Kardinia Park,False,True
2014,2014,17,Home & Away,Not applicable,False,Adelaide,Hawthorn,92,104,Hawthorn,12,Win,Fri,2014-07-11,July,7:20 PM,50321,Adelaide Oval,False,True
2014,2014,17,Home & Away,Not applicable,False,Melbourne,Geelong,36,102,Geelong,66,Win,Sat,2014-07-12,July,1:45 PM,36385,M.C.G.,False,True
2014,2014,17,Home & Away,Not applicable,False,North Melbourne,St Kilda,92,33,North Melbourne,59,Win,Sat,2014-07-12,July,2:10 PM,10641,Bellerive Oval,False,True
2014,2014,17,Home & Away,Not applicable,False,Western Bulldogs,Gold Coast,94,66,Western Bulldogs,28,Win,Sat,2014-07-12,July,4:40 PM,9746,Cazaly's Stadium,False,True
2014,2014,17,Home & Away,Not applicable,False,Sydney,Carlton,122,51,Sydney,71,Win,Sat,2014-07-12,July,7:40 PM,34965,S.C.G.,False,True
2014,2014,17,Home & Away,Not applicable,False,Brisbane Lions,West Coast,64,76,West Coast,12,Win,Sat,2014-07-12,July,7:40 PM,13610,Gabba,False,True
2014,2014,17,Home & Away,Not applicable,False,Richmond,Port Adelaide,126,106,Richmond,20,Win,Sun,2014-07-13,July,1:10 PM,21483,Docklands,False,True
2014,2014,17,Home & Away,Not applicable,False,Essendon,Collingwood,103,39,Essendon,64,Win,Sun,2014-07-13,July,3:20 PM,58996,M.C.G.,False,True
2014,2014,17,Home & Away,Not applicable,False,Fremantle,Greater Western Sydney,136,60,Fremantle,76,Win,Sun,2014-07-13,July,2:40 PM,33597,Subiaco,False,True
2014,2014,18,Home & Away,Not applicable,False,Carlton,North Melbourne,109,86,Carlton,23,Win,Fri,2014-07-18,July,7:50 PM,36689,Docklands,False,True
2014,2014,18,Home & Away,Not applicable,False,St Kilda,Fremantle,118,60,St Kilda,58,Win,Sat,2014-07-19,July,4:40 PM,16594,Docklands,False,True
2014,2014,18,Home & Away,Not applicable,False,Greater Western Sydney,Geelong,87,94,Geelong,7,Win,Sat,2014-07-19,July,7:40 PM,7697,Sydney Showground,False,True
2014,2014,18,Home & Away,Not applicable,False,Port Adelaide,Melbourne,72,69,Port Adelaide,3,Win,Sun,2014-07-20,July,12:40 PM,37894,Adelaide Oval,False,True
2014,2014,18,Home & Away,Not applicable,False,Western Bulldogs,Essendon,94,101,Essendon,7,Win,Sun,2014-07-20,July,4:40 PM,34476,Docklands,False,True
2014,2014,18,Home & Away,Not applicable,False,West Coast,Richmond,42,59,Richmond,17,Win,Fri,2014-07-25,July,6:40 PM,32270,Subiaco,False,True
2014,2014,18,Home & Away,Not applicable,False,Brisbane Lions,Gold Coast,110,56,Brisbane Lions,54,Win,Sat,2014-07-26,July,4:40 PM,27167,Gabba,False,True
2014,2014,18,Home & Away,Not applicable,False,Hawthorn,Sydney,104,94,Hawthorn,10,Win,Sat,2014-07-26,July,7:40 PM,72768,M.C.G.,False,True
2014,2014,18,Home & Away,Not applicable,False,Collingwood,Adelaide,82,98,Adelaide,16,Win,Sun,2014-07-27,July,4:40 PM,41486,M.C.G.,False,True
2014,2014,19,Home & Away,Not applicable,False,Fremantle,Carlton,83,78,Fremantle,5,Win,Thu,2014-07-31,July,6:10 PM,35401,Subiaco,False,True
2014,2014,19,Home & Away,Not applicable,False,Sydney,Essendon,79,57,Sydney,22,Win,Fri,2014-08-01,August,7:50 PM,36804,S.C.G.,False,True
2014,2014,19,Home & Away,Not applicable,False,Adelaide,West Coast,105,136,West Coast,31,Win,Sat,2014-08-02,August,1:10 PM,49470,Adelaide Oval,False,True
2014,2014,19,Home & Away,Not applicable,False,Richmond,Greater Western Sydney,89,62,Richmond,27,Win,Sat,2014-08-02,August,4:40 PM,23095,M.C.G.,False,True
2014,2014,19,Home & Away,Not applicable,False,North Melbourne,Geelong,79,111,Geelong,32,Win,Sat,2014-08-02,August,7:40 PM,32564,Docklands,False,True
2014,2014,19,Home & Away,Not applicable,False,Gold Coast,St Kilda,117,64,Gold Coast,53,Win,Sat,2014-08-02,August,7:40 PM,12027,Carrara,False,True
2014,2014,19,Home & Away,Not applicable,False,Melbourne,Brisbane Lions,51,74,Brisbane Lions,23,Win,Sun,2014-08-03,August,1:10 PM,18079,Docklands,False,True
2014,2014,19,Home & Away,Not applicable,False,Hawthorn,Western Bulldogs,107,45,Hawthorn,62,Win,Sun,2014-08-03,August,3:20 PM,14187,York Park,False,True
2014,2014,19,Home & Away,Not applicable,False,Collingwood,Port Adelaide,76,70,Collingwood,6,Win,Sun,2014-08-03,August,4:40 PM,32807,M.C.G.,False,True
2014,2014,20,Home & Away,Not applicable,False,Richmond,Essendon,95,77,Richmond,18,Win,Fri,2014-08-08,August,7:50 PM,58032,M.C.G.,False,True
2014,2014,20,Home & Away,Not applicable,False,Greater Western Sydney,North Melbourne,51,126,North Melbourne,75,Win,Sat,2014-08-09,August,1:45 PM,10211,Manuka Oval,False,True
2014,2014,20,Home & Away,Not applicable,False,Carlton,Gold Coast,97,58,Carlton,39,Win,Sat,2014-08-09,August,2:10 PM,28840,Docklands,False,True
2014,2014,20,Home & Away,Not applicable,False,Hawthorn,Melbourne,115,65,Hawthorn,50,Win,Sat,2014-08-09,August,4:40 PM,37088,M.C.G.,False,True
2014,2014,20,Home & Away,Not applicable,False,Port Adelaide,Sydney,58,84,Sydney,26,Win,Sat,2014-08-09,August,7:10 PM,50087,Adelaide Oval,False,True
2014,2014,20,Home & Away,Not applicable,False,Geelong,Fremantle,81,79,Geelong,2,Win,Sat,2014-08-09,August,7:40 PM,26885,Kardinia Park,False,True
2014,2014,20,Home & Away,Not applicable,False,Brisbane Lions,Adelaide,63,168,Adelaide,105,Win,Sun,2014-08-10,August,1:10 PM,19657,Gabba,False,True
2014,2014,20,Home & Away,Not applicable,False,St Kilda,Western Bulldogs,99,122,Western Bulldogs,23,Win,Sun,2014-08-10,August,3:20 PM,30095,Docklands,False,True
2014,2014,20,Home & Away,Not applicable,False,West Coast,Collingwood,126,66,West Coast,60,Win,Sun,2014-08-10,August,2:40 PM,36458,Subiaco,False,True
2014,2014,21,Home & Away,Not applicable,False,Carlton,Geelong,76,82,Geelong,6,Win,Fri,2014-08-15,August,7:50 PM,38812,Docklands,False,True
2014,2014,21,Home & Away,Not applicable,False,Sydney,St Kilda,127,56,Sydney,71,Win,Sat,2014-08-16,August,1:45 PM,31361,S.C.G.,False,True
2014,2014,21,Home & Away,Not applicable,False,Gold Coast,Port Adelaide,47,56,Port Adelaide,9,Win,Sat,2014-08-16,August,2:10 PM,10042,Carrara,False,True
2014,2014,21,Home & Away,Not applicable,False,Essendon,West Coast,77,74,Essendon,3,Win,Sat,2014-08-16,August,4:40 PM,35905,Docklands,False,True
2014,2014,21,Home & Away,Not applicable,False,Adelaide,Richmond,69,79,Richmond,10,Win,Sat,2014-08-16,August,7:10 PM,50459,Adelaide Oval,False,True
2014,2014,21,Home & Away,Not applicable,False,Collingwood,Brisbane Lions,56,123,Brisbane Lions,67,Win,Sat,2014-08-16,August,7:40 PM,32929,M.C.G.,False,True
2014,2014,21,Home & Away,Not applicable,False,North Melbourne,Western Bulldogs,111,61,North Melbourne,50,Win,Sun,2014-08-17,August,1:10 PM,27164,Docklands,False,True
2014,2014,21,Home & Away,Not applicable,False,Melbourne,Greater Western Sydney,34,98,Greater Western Sydney,64,Win,Sun,2014-08-17,August,3:20 PM,17227,M.C.G.,False,True
2014,2014,21,Home & Away,Not applicable,False,Fremantle,Hawthorn,110,91,Fremantle,19,Win,Sun,2014-08-17,August,2:40 PM,38506,Subiaco,False,True
2014,2014,22,Home & Away,Not applicable,False,Port Adelaide,Carlton,140,37,Port Adelaide,103,Win,Fri,2014-08-22,August,7:20 PM,52505,Adelaide Oval,False,True
2014,2014,22,Home & Away,Not applicable,False,North Melbourne,Adelaide,101,94,North Melbourne,7,Win,Sat,2014-08-23,August,1:45 PM,10702,Bellerive Oval,False,True
2014,2014,22,Home & Away,Not applicable,False,Essendon,Gold Coast,108,89,Essendon,19,Win,Sat,2014-08-23,August,2:10 PM,33281,Docklands,False,True
2014,2014,22,Home & Away,Not applicable,False,Greater Western Sydney,Collingwood,67,75,Collingwood,8,Win,Sat,2014-08-23,August,4:40 PM,10851,Sydney Showground,False,True
2014,2014,22,Home & Away,Not applicable,False,West Coast,Melbourne,119,53,West Coast,66,Win,Sat,2014-08-23,August,5:40 PM,35083,Subiaco,False,True
2014,2014,22,Home & Away,Not applicable,False,Hawthorn,Geelong,94,71,Hawthorn,23,Win,Sat,2014-08-23,August,7:40 PM,72216,M.C.G.,False,True
2014,2014,22,Home & Away,Not applicable,False,Brisbane Lions,Fremantle,48,106,Fremantle,58,Win,Sun,2014-08-24,August,1:10 PM,17473,Gabba,False,True
2014,2014,22,Home & Away,Not applicable,False,Western Bulldogs,Sydney,67,130,Sydney,63,Win,Sun,2014-08-24,August,3:20 PM,22430,Docklands,False,True
2014,2014,22,Home & Away,Not applicable,False,Richmond,St Kilda,98,72,Richmond,26,Win,Sun,2014-08-24,August,4:40 PM,47200,M.C.G.,False,True
2014,2014,23,Home & Away,Not applicable,False,Collingwood,Hawthorn,56,121,Hawthorn,65,Win,Fri,2014-08-29,August,7:50 PM,48980,M.C.G.,False,True
2014,2014,23,Home & Away,Not applicable,False,Carlton,Essendon,90,90,Draw,0,Draw,Sat,2014-08-30,August,1:45 PM,56663,M.C.G.,False,True
2014,2014,23,Home & Away,Not applicable,False,Fremantle,Port Adelaide,105,97,Fremantle,8,Win,Sat,2014-08-30,August,1:10 PM,38209,Subiaco,False,True
2014,2014,23,Home & Away,Not applicable,False,Sydney,Richmond,65,68,Richmond,3,Win,Sat,2014-08-30,August,4:40 PM,31227,Stadium Australia,False,True
2014,2014,23,Home & Away,Not applicable,False,Geelong,Brisbane Lions,143,81,Geelong,62,Win,Sat,2014-08-30,August,7:40 PM,24659,Kardinia Park,False,True
2014,2014,23,Home & Away,Not applicable,False,North Melbourne,Melbourne,123,93,North Melbourne,30,Win,Sat,2014-08-30,August,7:40 PM,17174,Docklands,False,True
2014,2014,23,Home & Away,Not applicable,False,Gold Coast,West Coast,99,151,West Coast,52,Win,Sun,2014-08-31,August,1:10 PM,11840,Carrara,False,True
2014,2014,23,Home & Away,Not applicable,False,Adelaide,St Kilda,141,62,Adelaide,79,Win,Sun,2014-08-31,August,2:50 PM,44969,Adelaide Oval,False,True
2014,2014,23,Home & Away,Not applicable,False,Western Bulldogs,Greater Western Sydney,109,115,Greater Western Sydney,6,Win,Sun,2014-08-31,August,4:40 PM,14725,Docklands,False,True
2014,2014,,Finals,Qualifying Final,True,Hawthorn,Geelong,104,68,Hawthorn,36,Win,Fri,2014-09-05,September,7:50 PM,74757,M.C.G.,False,False
2014,2014,,Finals,Qualifying Final,True,Sydney,Fremantle,93,69,Sydney,24,Win,Sat,2014-09-06,September,2:45 PM,35998,Stadium Australia,False,False
2014,2014,,Finals,Elimination Final,True,North Melbourne,Essendon,93,81,North Melbourne,12,Win,Sat,2014-09-06,September,7:15 PM,78561,M.C.G.,False,False
2014,2014,,Finals,Elimination Final,True,Port Adelaide,Richmond,132,75,Port Adelaide,57,Win,Sun,2014-09-07,September,2:50 PM,49886,Adelaide Oval,False,False
2014,2014,,Finals,Semi Final,True,Geelong,North Melbourne,92,98,North Melbourne,6,Win,Fri,2014-09-12,September,7:50 PM,65964,M.C.G.,False,False
2014,2014,,Finals,Semi Final,True,Fremantle,Port Adelaide,83,105,Port Adelaide,22,Win,Sat,2014-09-13,September,5:45 PM,42338,Subiaco,False,False
2014,2014,,Finals,Preliminary Final,True,Sydney,North Melbourne,136,65,Sydney,71,Win,Fri,2014-09-19,September,7:50 PM,48029,Stadium Australia,False,False
2014,2014,,Finals,Preliminary Final,True,Hawthorn,Port Adelaide,97,94,Hawthorn,3,Win,Sat,2014-09-20,September,4:45 PM,74856,M.C.G.,False,False
2014,2014,,Finals,Grand Final,True,Sydney,Hawthorn,74,137,Hawthorn,63,Win,Sat,2014-09-27,September,2:30 PM,99454,M.C.G.,False,False
2015,2015,1,Home & Away,Not applicable,False,Carlton,Richmond,78,105,Richmond,27,Win,Thu,2015-04-02,April,7:20 PM,83493,M.C.G.,False,True
2015,2015,1,Home & Away,Not applicable,False,Melbourne,Gold Coast,115,89,Melbourne,26,Win,Sat,2015-04-04,April,1:40 PM,27013,M.C.G.,False,True
2015,2015,1,Home & Away,Not applicable,False,Sydney,Essendon,72,60,Sydney,12,Win,Sat,2015-04-04,April,4:35 PM,23274,Stadium Australia,False,True
2015,2015,1,Home & Away,Not applicable,False,Brisbane Lions,Collingwood,74,86,Collingwood,12,Win,Sat,2015-04-04,April,6:20 PM,31240,Gabba,False,True
2015,2015,1,Home & Away,Not applicable,False,Western Bulldogs,West Coast,97,87,Western Bulldogs,10,Win,Sat,2015-04-04,April,7:20 PM,22366,Docklands,False,True
2015,2015,1,Home & Away,Not applicable,False,St Kilda,Greater Western Sydney,78,87,Greater Western Sydney,9,Win,Sun,2015-04-05,April,1:10 PM,18794,Docklands,False,True
2015,2015,1,Home & Away,Not applicable,False,Adelaide,North Melbourne,140,63,Adelaide,77,Win,Sun,2015-04-05,April,2:50 PM,45607,Adelaide Oval,False,True
2015,2015,1,Home & Away,Not applicable,False,Fremantle,Port Adelaide,75,68,Fremantle,7,Win,Sun,2015-04-05,April,4:40 PM,34099,Subiaco,False,True
2015,2015,1,Home & Away,Not applicable,False,Hawthorn,Geelong,123,61,Hawthorn,62,Win,Mon,2015-04-06,April,3:20 PM,73584,M.C.G.,False,True
2015,2015,2,Home & Away,Not applicable,False,West Coast,Carlton,131,62,West Coast,69,Win,Fri,2015-04-10,April,6:10 PM,34588,Subiaco,False,True
2015,2015,2,Home & Away,Not applicable,False,Richmond,Western Bulldogs,66,85,Western Bulldogs,19,Win,Sat,2015-04-11,April,1:45 PM,49945,M.C.G.,False,True
2015,2015,2,Home & Away,Not applicable,False,Greater Western Sydney,Melbourne,101,56,Greater Western Sydney,45,Win,Sat,2015-04-11,April,2:10 PM,8811,Manuka Oval,False,True
2015,2015,2,Home & Away,Not applicable,False,Collingwood,Adelaide,63,90,Adelaide,27,Win,Sat,2015-04-11,April,4:35 PM,33771,Docklands,False,True
2015,2015,2,Home & Away,Not applicable,False,Gold Coast,St Kilda,76,104,St Kilda,28,Win,Sat,2015-04-11,April,7:20 PM,13649,Carrara,False,True
2015,2015,2,Home & Away,Not applicable,False,Port Adelaide,Sydney,44,92,Sydney,48,Win,Sat,2015-04-11,April,7:10 PM,49765,Adelaide Oval,False,True
2015,2015,2,Home & Away,Not applicable,False,Geelong,Fremantle,60,104,Fremantle,44,Win,Sun,2015-04-12,April,1:10 PM,23723,Kardinia Park,False,True
2015,2015,2,Home & Away,Not applicable,False,Essendon,Hawthorn,78,76,Essendon,2,Win,Sun,2015-04-12,April,3:20 PM,59866,M.C.G.,False,True
2015,2015,2,Home & Away,Not applicable,False,North Melbourne,Brisbane Lions,133,51,North Melbourne,82,Win,Sun,2015-04-12,April,4:40 PM,22275,Docklands,False,True
2015,2015,3,Home & Away,Not applicable,False,Collingwood,St Kilda,140,66,Collingwood,74,Win,Fri,2015-04-17,April,7:50 PM,45197,M.C.G.,False,True
2015,2015,3,Home & Away,Not applicable,False,Carlton,Essendon,84,105,Essendon,21,Win,Sat,2015-04-18,April,1:45 PM,54854,M.C.G.,False,True
2015,2015,3,Home & Away,Not applicable,False,Adelaide,Melbourne,80,55,Adelaide,25,Win,Sat,2015-04-18,April,1:40 PM,43713,Adelaide Oval,False,True
2015,2015,3,Home & Away,Not applicable,False,Sydney,Greater Western Sydney,111,90,Sydney,21,Win,Sat,2015-04-18,April,4:35 PM,31966,S.C.G.,False,True
2015,2015,3,Home & Away,Not applicable,False,North Melbourne,Port Adelaide,105,113,Port Adelaide,8,Win,Sat,2015-04-18,April,7:20 PM,22586,Docklands,False,True
2015,2015,3,Home & Away,Not applicable,False,Brisbane Lions,Richmond,58,137,Richmond,79,Win,Sat,2015-04-18,April,7:20 PM,22441,Gabba,False,True
2015,2015,3,Home & Away,Not applicable,False,Hawthorn,Western Bulldogs,127,57,Hawthorn,70,Win,Sun,2015-04-19,April,1:10 PM,15559,York Park,False,True
2015,2015,3,Home & Away,Not applicable,False,Geelong,Gold Coast,105,96,Geelong,9,Win,Sun,2015-04-19,April,3:20 PM,20813,Kardinia Park,False,True
2015,2015,3,Home & Away,Not applicable,False,West Coast,Fremantle,81,111,Fremantle,30,Win,Sun,2015-04-19,April,2:40 PM,39138,Subiaco,False,True
2015,2015,4,Home & Away,Not applicable,False,Richmond,Melbourne,51,83,Melbourne,32,Win,Fri,2015-04-24,April,7:50 PM,58175,M.C.G.,False,True
2015,2015,4,Home & Away,Not applicable,False,St Kilda,Carlton,81,121,Carlton,40,Win,Sat,2015-04-25,April,1:10 PM,12125,Wellington,False,True
2015,2015,4,Home & Away,Not applicable,False,Essendon,Collingwood,49,69,Collingwood,20,Win,Sat,2015-04-25,April,2:40 PM,88395,M.C.G.,False,True
2015,2015,4,Home & Away,Not applicable,False,Greater Western Sydney,Gold Coast,119,53,Greater Western Sydney,66,Win,Sat,2015-04-25,April,5:40 PM,6917,Manuka Oval,False,True
2015,2015,4,Home & Away,Not applicable,False,Port Adelaide,Hawthorn,99,91,Port Adelaide,8,Win,Sat,2015-04-25,April,7:10 PM,49831,Adelaide Oval,False,True
2015,2015,4,Home & Away,Not applicable,False,Fremantle,Sydney,74,60,Fremantle,14,Win,Sat,2015-04-25,April,6:45 PM,39009,Subiaco,False,True
2015,2015,4,Home & Away,Not applicable,False,Brisbane Lions,West Coast,65,118,West Coast,53,Win,Sun,2015-04-26,April,1:10 PM,16632,Gabba,False,True
2015,2015,4,Home & Away,Not applicable,False,Geelong,North Melbourne,67,83,North Melbourne,16,Win,Sun,2015-04-26,April,3:20 PM,23452,Kardinia Park,False,True
2015,2015,4,Home & Away,Not applicable,False,Western Bulldogs,Adelaide,125,68,Western Bulldogs,57,Win,Sun,2015-04-26,April,4:40 PM,19915,Docklands,False,True
2015,2015,5,Home & Away,Not applicable,False,Carlton,Collingwood,45,120,Collingwood,75,Win,Fri,2015-05-01,May,7:50 PM,71759,M.C.G.,False,True
2015,2015,5,Home & Away,Not applicable,False,Richmond,Geelong,76,85,Geelong,9,Win,Sat,2015-05-02,May,1:45 PM,45228,M.C.G.,False,True
2015,2015,5,Home & Away,Not applicable,False,Sydney,Western Bulldogs,73,77,Western Bulldogs,4,Win,Sat,2015-05-02,May,2:10 PM,25541,S.C.G.,False,True
2015,2015,5,Home & Away,Not applicable,False,Gold Coast,Brisbane Lions,118,54,Gold Coast,64,Win,Sat,2015-05-02,May,4:35 PM,12464,Carrara,False,True
2015,2015,5,Home & Away,Not applicable,False,North Melbourne,Hawthorn,70,130,Hawthorn,60,Win,Sat,2015-05-02,May,7:20 PM,38077,Docklands,False,True
2015,2015,5,Home & Away,Not applicable,False,West Coast,Greater Western Sydney,120,33,West Coast,87,Win,Sat,2015-05-02,May,5:40 PM,34554,Subiaco,False,True
2015,2015,5,Home & Away,Not applicable,False,Melbourne,Fremantle,50,118,Fremantle,68,Win,Sun,2015-05-03,May,1:10 PM,22892,M.C.G.,False,True
2015,2015,5,Home & Away,Not applicable,False,St Kilda,Essendon,80,82,Essendon,2,Win,Sun,2015-05-03,May,3:20 PM,29869,Docklands,False,True
2015,2015,5,Home & Away,Not applicable,False,Adelaide,Port Adelaide,91,115,Port Adelaide,24,Win,Sun,2015-05-03,May,4:10 PM,49617,Adelaide Oval,False,True
2015,2015,6,Home & Away,Not applicable,False,Collingwood,Geelong,59,100,Geelong,41,Win,Fri,2015-05-08,May,7:50 PM,52152,M.C.G.,False,True
2015,2015,6,Home & Away,Not applicable,False,North Melbourne,Richmond,109,74,North Melbourne,35,Win,Sat,2015-05-09,May,1:45 PM,17544,Bellerive Oval,False,True
2015,2015,6,Home & Away,Not applicable,False,Western Bulldogs,St Kilda,87,94,St Kilda,7,Win,Sat,2015-05-09,May,2:10 PM,29619,Docklands,False,True
2015,2015,6,Home & Away,Not applicable,False,Greater Western Sydney,Hawthorn,108,98,Greater Western Sydney,10,Win,Sat,2015-05-09,May,4:35 PM,13556,Sydney Showground,False,True
2015,2015,6,Home & Away,Not applicable,False,Gold Coast,Adelaide,78,119,Adelaide,41,Win,Sat,2015-05-09,May,5:10 PM,12464,Carrara,False,True
2015,2015,6,Home & Away,Not applicable,False,Melbourne,Sydney,50,88,Sydney,38,Win,Sat,2015-05-09,May,7:20 PM,26894,M.C.G.,False,True
2015,2015,6,Home & Away,Not applicable,False,Fremantle,Essendon,80,52,Fremantle,28,Win,Sat,2015-05-09,May,6:10 PM,37535,Subiaco,False,True
2015,2015,6,Home & Away,Not applicable,False,Carlton,Brisbane Lions,75,84,Brisbane Lions,9,Win,Sun,2015-05-10,May,3:20 PM,20273,Docklands,False,True
2015,2015,6,Home & Away,Not applicable,False,Port Adelaide,West Coast,68,78,West Coast,10,Win,Sun,2015-05-10,May,4:10 PM,38508,Adelaide Oval,False,True
2015,2015,7,Home & Away,Not applicable,False,Essendon,North Melbourne,82,93,North Melbourne,11,Win,Fri,2015-05-15,May,7:50 PM,43972,Docklands,False,True
2015,2015,7,Home & Away,Not applicable,False,Adelaide,St Kilda,119,73,Adelaide,46,Win,Sat,2015-05-16,May,1:15 PM,43532,Adelaide Oval,False,True
2015,2015,7,Home & Away,Not applicable,False,Hawthorn,Melbourne,155,50,Hawthorn,105,Win,Sat,2015-05-16,May,2:10 PM,41935,M.C.G.,False,True
2015,2015,7,Home & Away,Not applicable,False,Carlton,Greater Western Sydney,57,135,Greater Western Sydney,78,Win,Sat,2015-05-16,May,4:35 PM,16676,Docklands,False,True
2015,2015,7,Home & Away,Not applicable,False,Sydney,Geelong,120,77,Sydney,43,Win,Sat,2015-05-16,May,7:20 PM,28063,Stadium Australia,False,True
2015,2015,7,Home & Away,Not applicable,False,West Coast,Gold Coast,135,43,West Coast,92,Win,Sat,2015-05-16,May,5:40 PM,26964,Subiaco,False,True
2015,2015,7,Home & Away,Not applicable,False,Western Bulldogs,Fremantle,88,101,Fremantle,13,Win,Sun,2015-05-17,May,1:10 PM,18170,Docklands,False,True
2015,2015,7,Home & Away,Not applicable,False,Richmond,Collingwood,105,100,Richmond,5,Win,Sun,2015-05-17,May,3:20 PM,59034,M.C.G.,False,True
2015,2015,7,Home & Away,Not applicable,False,Brisbane Lions,Port Adelaide,102,65,Brisbane Lions,37,Win,Sun,2015-05-17,May,4:40 PM,15957,Gabba,False,True
2015,2015,8,Home & Away,Not applicable,False,Geelong,Carlton,140,63,Geelong,77,Win,Fri,2015-05-22,May,7:50 PM,32032,Docklands,False,True
2015,2015,8,Home & Away,Not applicable,False,St Kilda,West Coast,78,131,West Coast,53,Win,Sat,2015-05-23,May,1:45 PM,23598,Docklands,False,True
2015,2015,8,Home & Away,Not applicable,False,Greater Western Sydney,Adelaide,108,84,Greater Western Sydney,24,Win,Sat,2015-05-23,May,2:10 PM,9481,Sydney Showground,False,True
2015,2015,8,Home & Away,Not applicable,False,Gold Coast,Collingwood,63,132,Collingwood,69,Win,Sat,2015-05-23,May,4:35 PM,16440,Carrara,False,True
2015,2015,8,Home & Away,Not applicable,False,Hawthorn,Sydney,69,73,Sydney,4,Win,Sat,2015-05-23,May,7:20 PM,63319,M.C.G.,False,True
2015,2015,8,Home & Away,Not applicable,False,Fremantle,North Melbourne,115,42,Fremantle,73,Win,Sat,2015-05-23,May,5:40 PM,35836,Subiaco,False,True
2015,2015,8,Home & Away,Not applicable,False,Essendon,Brisbane Lions,136,78,Essendon,58,Win,Sun,2015-05-24,May,1:10 PM,36857,Docklands,False,True
2015,2015,8,Home & Away,Not applicable,False,Melbourne,Western Bulldogs,103,64,Melbourne,39,Win,Sun,2015-05-24,May,3:20 PM,29381,M.C.G.,False,True
2015,2015,8,Home & Away,Not applicable,False,Port Adelaide,Richmond,43,76,Richmond,33,Win,Sun,2015-05-24,May,4:10 PM,44451,Adelaide Oval,False,True
2015,2015,9,Home & Away,Not applicable,False,Sydney,Carlton,122,62,Sydney,60,Win,Fri,2015-05-29,May,7:50 PM,32105,S.C.G.,False,True
2015,2015,9,Home & Away,Not applicable,False,Hawthorn,Gold Coast,93,40,Hawthorn,53,Win,Sat,2015-05-30,May,1:45 PM,11320,York Park,False,True
2015,2015,9,Home & Away,Not applicable,False,Melbourne,Port Adelaide,54,115,Port Adelaide,61,Win,Sat,2015-05-30,May,1:40 PM,4866,Traeger Park,False,True
2015,2015,9,Home & Away,Not applicable,False,Western Bulldogs,Greater Western Sydney,113,68,Western Bulldogs,45,Win,Sat,2015-05-30,May,4:35 PM,16395,Docklands,False,True
2015,2015,9,Home & Away,Not applicable,False,Richmond,Essendon,72,59,Richmond,13,Win,Sat,2015-05-30,May,7:20 PM,83804,M.C.G.,False,True
2015,2015,9,Home & Away,Not applicable,False,Adelaide,Fremantle,57,68,Fremantle,11,Win,Sat,2015-05-30,May,7:10 PM,45518,Adelaide Oval,False,True
2015,2015,9,Home & Away,Not applicable,False,Brisbane Lions,St Kilda,86,108,St Kilda,22,Win,Sun,2015-05-31,May,1:10 PM,16898,Gabba,False,True
2015,2015,9,Home & Away,Not applicable,False,Collingwood,North Melbourne,112,95,Collingwood,17,Win,Sun,2015-05-31,May,3:20 PM,43452,M.C.G.,False,True
2015,2015,9,Home & Away,Not applicable,False,West Coast,Geelong,120,64,West Coast,56,Win,Sun,2015-05-31,May,2:40 PM,37676,Subiaco,False,True
2015,2015,10,Home & Away,Not applicable,False,Fremantle,Richmond,70,97,Richmond,27,Win,Fri,2015-06-05,June,6:10 PM,38019,Subiaco,False,True
2015,2015,10,Home & Away,Not applicable,False,Carlton,Adelaide,90,99,Adelaide,9,Win,Sat,2015-06-06,June,1:40 PM,32035,M.C.G.,False,True
2015,2015,10,Home & Away,Not applicable,False,Gold Coast,Sydney,41,93,Sydney,52,Win,Sat,2015-06-06,June,4:35 PM,13068,Carrara,False,True
2015,2015,10,Home & Away,Not applicable,False,Essendon,Geelong,53,122,Geelong,69,Win,Sat,2015-06-06,June,7:20 PM,40632,Docklands,False,True
2015,2015,10,Home & Away,Not applicable,False,Port Adelaide,Western Bulldogs,100,62,Port Adelaide,38,Win,Sat,2015-06-06,June,7:10 PM,40907,Adelaide Oval,False,True
2015,2015,10,Home & Away,Not applicable,False,Greater Western Sydney,Brisbane Lions,97,67,Greater Western Sydney,30,Win,Sun,2015-06-07,June,1:10 PM,9079,Sydney Showground,False,True
2015,2015,10,Home & Away,Not applicable,False,North Melbourne,West Coast,85,75,North Melbourne,10,Win,Sun,2015-06-07,June,3:20 PM,12011,Bellerive Oval,False,True
2015,2015,10,Home & Away,Not applicable,False,St Kilda,Hawthorn,69,132,Hawthorn,63,Win,Sun,2015-06-07,June,4:40 PM,33886,Docklands,False,True
2015,2015,10,Home & Away,Not applicable,False,Melbourne,Collingwood,85,110,Collingwood,25,Win,Mon,2015-06-08,June,3:20 PM,66120,M.C.G.,False,True
2015,2015,11,Home & Away,Not applicable,False,Port Adelaide,Geelong,69,92,Geelong,23,Win,Fri,2015-06-12,June,7:20 PM,46140,Adelaide Oval,False,True
2015,2015,11,Home & Away,Not applicable,False,Gold Coast,Fremantle,46,53,Fremantle,7,Win,Sat,2015-06-13,June,1:40 PM,8911,Carrara,False,True
2015,2015,11,Home & Away,Not applicable,False,West Coast,Essendon,96,46,West Coast,50,Win,Sat,2015-06-13,June,2:35 PM,37306,Subiaco,False,True
2015,2015,11,Home & Away,Not applicable,False,North Melbourne,Sydney,75,91,Sydney,16,Win,Sat,2015-06-13,June,7:20 PM,32127,Docklands,False,True
2015,2015,11,Home & Away,Not applicable,False,Collingwood,Greater Western Sydney,119,77,Collingwood,42,Win,Sun,2015-06-14,June,1:10 PM,43390,M.C.G.,False,True
2015,2015,11,Home & Away,Not applicable,False,St Kilda,Melbourne,85,83,St Kilda,2,Win,Sun,2015-06-14,June,4:40 PM,25217,Docklands,False,True
2015,2015,12,Home & Away,Not applicable,False,Adelaide,Hawthorn,85,114,Hawthorn,29,Win,Thu,2015-06-18,June,7:20 PM,49108,Adelaide Oval,False,True
2015,2015,12,Home & Away,Not applicable,False,Richmond,West Coast,70,90,West Coast,20,Win,Fri,2015-06-19,June,7:50 PM,45178,M.C.G.,False,True
2015,2015,12,Home & Away,Not applicable,False,Carlton,Port Adelaide,110,106,Carlton,4,Win,Sat,2015-06-20,June,1:40 PM,27693,M.C.G.,False,True
2015,2015,12,Home & Away,Not applicable,False,Greater Western Sydney,North Melbourne,61,117,North Melbourne,56,Win,Sat,2015-06-20,June,4:35 PM,7824,Sydney Showground,False,True
2015,2015,12,Home & Away,Not applicable,False,Western Bulldogs,Brisbane Lions,146,74,Western Bulldogs,72,Win,Sat,2015-06-20,June,7:20 PM,21129,Docklands,False,True
2015,2015,12,Home & Away,Not applicable,False,Geelong,Melbourne,89,113,Melbourne,24,Win,Sun,2015-06-21,June,3:20 PM,28007,Kardinia Park,False,True
2015,2015,13,Home & Away,Not applicable,False,Fremantle,Collingwood,80,73,Fremantle,7,Win,Thu,2015-06-25,June,6:10 PM,37145,Subiaco,False,True
2015,2015,13,Home & Away,Not applicable,False,Sydney,Richmond,77,95,Richmond,18,Win,Fri,2015-06-26,June,7:50 PM,37579,S.C.G.,False,True
2015,2015,13,Home & Away,Not applicable,False,Hawthorn,Essendon,114,76,Hawthorn,38,Win,Sat,2015-06-27,June,1:40 PM,62500,M.C.G.,False,True
2015,2015,13,Home & Away,Not applicable,False,Brisbane Lions,Adelaide,69,82,Adelaide,13,Win,Sat,2015-06-27,June,4:35 PM,18146,Gabba,False,True
2015,2015,13,Home & Away,Not applicable,False,St Kilda,Western Bulldogs,56,62,Western Bulldogs,6,Win,Sat,2015-06-27,June,7:20 PM,26511,Docklands,False,True
2015,2015,13,Home & Away,Not applicable,False,Carlton,Gold Coast,103,69,Carlton,34,Win,Sun,2015-06-28,June,3:20 PM,30207,Docklands,False,True
2015,2015,14,Home & Away,Not applicable,False,Sydney,Port Adelaide,94,84,Sydney,10,Win,Thu,2015-07-02,July,7:20 PM,28316,S.C.G.,False,True
2015,2015,14,Home & Away,Not applicable,False,Collingwood,Hawthorn,91,101,Hawthorn,10,Win,Fri,2015-07-03,July,7:50 PM,75880,M.C.G.,False,True
2015,2015,14,Home & Away,Not applicable,False,Richmond,Greater Western Sydney,78,69,Richmond,9,Win,Sat,2015-07-04,July,1:40 PM,35968,M.C.G.,False,True
2015,2015,14,Home & Away,Not applicable,False,Gold Coast,North Melbourne,125,70,Gold Coast,55,Win,Sat,2015-07-04,July,4:40 PM,14444,Carrara,False,True
2015,2015,14,Home & Away,Not applicable,False,Western Bulldogs,Carlton,64,53,Western Bulldogs,11,Win,Sat,2015-07-04,July,7:30 PM,31445,Docklands,False,True
2015,2015,14,Home & Away,Not applicable,False,Melbourne,West Coast,60,114,West Coast,54,Win,Sat,2015-07-04,July,7:10 PM,11873,Marrara Oval,False,True
2015,2015,14,Home & Away,Not applicable,False,Essendon,St Kilda,52,162,St Kilda,110,Win,Sun,2015-07-05,July,1:10 PM,38020,Docklands,False,True
2015,2015,14,Home & Away,Not applicable,False,Fremantle,Brisbane Lions,84,48,Fremantle,36,Win,Sun,2015-07-05,July,2:40 PM,32970,Subiaco,False,True
2015,2015,15,Home & Away,Not applicable,False,Port Adelaide,Collingwood,66,63,Port Adelaide,3,Win,Thu,2015-07-09,July,7:20 PM,44496,Adelaide Oval,False,True
2015,2015,15,Home & Away,Not applicable,False,Richmond,Carlton,71,41,Richmond,30,Win,Fri,2015-07-10,July,7:50 PM,52564,M.C.G.,False,True
2015,2015,15,Home & Away,Not applicable,False,Essendon,Melbourne,69,60,Essendon,9,Win,Sat,2015-07-11,July,1:40 PM,38861,M.C.G.,False,True
2015,2015,15,Home & Away,Not applicable,False,Western Bulldogs,Gold Coast,95,73,Western Bulldogs,22,Win,Sat,2015-07-11,July,4:35 PM,9449,Cazaly's Stadium,False,True
2015,2015,15,Home & Away,Not applicable,False,North Melbourne,Geelong,120,79,North Melbourne,41,Win,Sat,2015-07-11,July,7:20 PM,31270,Docklands,False,True
2015,2015,15,Home & Away,Not applicable,False,West Coast,Adelaide,147,91,West Coast,56,Win,Sat,2015-07-11,July,5:40 PM,38133,Subiaco,False,True
2015,2015,15,Home & Away,Not applicable,False,Greater Western Sydney,St Kilda,84,49,Greater Western Sydney,35,Win,Sun,2015-07-12,July,1:10 PM,9178,Sydney Showground,False,True
2015,2015,15,Home & Away,Not applicable,False,Hawthorn,Fremantle,115,43,Hawthorn,72,Win,Sun,2015-07-12,July,3:20 PM,16792,York Park,False,True
2015,2015,15,Home & Away,Not applicable,False,Brisbane Lions,Sydney,49,70,Sydney,21,Win,Sun,2015-07-12,July,4:40 PM,16936,Gabba,False,True
2015,2015,16,Home & Away,Not applicable,False,North Melbourne,Essendon,93,68,North Melbourne,25,Win,Fri,2015-07-17,July,7:50 PM,31025,Docklands,False,True
2015,2015,16,Home & Away,Not applicable,False,Geelong,Western Bulldogs,72,64,Geelong,8,Win,Sat,2015-07-18,July,1:45 PM,25041,Kardinia Park,False,True
2015,2015,16,Home & Away,Not applicable,False,Gold Coast,Greater Western Sydney,79,94,Greater Western Sydney,15,Win,Sat,2015-07-18,July,2:10 PM,9589,Carrara,False,True
2015,2015,16,Home & Away,Not applicable,False,Collingwood,West Coast,56,87,West Coast,31,Win,Sat,2015-07-18,July,4:35 PM,36527,Docklands,False,True
2015,2015,16,Home & Away,Not applicable,False,Sydney,Hawthorn,57,146,Hawthorn,89,Win,Sat,2015-07-18,July,7:20 PM,37369,Stadium Australia,False,True
2015,2015,16,Home & Away,Not applicable,False,Fremantle,Carlton,95,53,Fremantle,42,Win,Sat,2015-07-18,July,5:40 PM,33581,Subiaco,False,True
2015,2015,16,Home & Away,Not applicable,False,Melbourne,Brisbane Lions,60,36,Melbourne,24,Win,Sun,2015-07-19,July,1:10 PM,25149,M.C.G.,False,True
2015,2015,16,Home & Away,Not applicable,False,Port Adelaide,Adelaide,113,116,Adelaide,3,Win,Sun,2015-07-19,July,2:50 PM,53518,Adelaide Oval,False,True
2015,2015,16,Home & Away,Not applicable,False,St Kilda,Richmond,73,89,Richmond,16,Win,Sun,2015-07-19,July,4:40 PM,45722,Docklands,False,True
2015,2015,17,Home & Away,Not applicable,False,Carlton,Hawthorn,35,173,Hawthorn,138,Win,Fri,2015-07-24,July,7:50 PM,26815,Docklands,False,True
2015,2015,17,Home & Away,Not applicable,False,Greater Western Sydney,Geelong,42,69,Geelong,27,Win,Sat,2015-07-25,July,1:45 PM,14667,Manuka Oval,False,True
2015,2015,17,Home & Away,Not applicable,False,Adelaide,Gold Coast,125,80,Adelaide,45,Win,Sat,2015-07-25,July,1:40 PM,41715,Adelaide Oval,False,True
2015,2015,17,Home & Away,Not applicable,False,Richmond,Fremantle,78,82,Fremantle,4,Win,Sat,2015-07-25,July,4:35 PM,39777,M.C.G.,False,True
2015,2015,17,Home & Away,Not applicable,False,Essendon,Port Adelaide,116,129,Port Adelaide,13,Win,Sat,2015-07-25,July,7:20 PM,23705,Docklands,False,True
2015,2015,17,Home & Away,Not applicable,False,Brisbane Lions,North Melbourne,38,110,North Melbourne,72,Win,Sat,2015-07-25,July,7:20 PM,15563,Gabba,False,True
2015,2015,17,Home & Away,Not applicable,False,Western Bulldogs,Collingwood,104,86,Western Bulldogs,18,Win,Sun,2015-07-26,July,1:10 PM,40581,Docklands,False,True
2015,2015,17,Home & Away,Not applicable,False,Melbourne,St Kilda,46,83,St Kilda,37,Win,Sun,2015-07-26,July,3:20 PM,22945,M.C.G.,False,True
2015,2015,17,Home & Away,Not applicable,False,West Coast,Sydney,103,51,West Coast,52,Win,Sun,2015-07-26,July,2:40 PM,38760,Subiaco,False,True
2015,2015,18,Home & Away,Not applicable,False,Hawthorn,Richmond,53,71,Richmond,18,Win,Fri,2015-07-31,July,7:50 PM,66305,M.C.G.,False,True
2015,2015,18,Home & Away,Not applicable,False,Geelong,Brisbane Lions,113,57,Geelong,56,Win,Sat,2015-08-01,August,1:45 PM,21913,Kardinia Park,False,True
2015,2015,18,Home & Away,Not applicable,False,Collingwood,Melbourne,54,91,Melbourne,37,Win,Sat,2015-08-01,August,2:10 PM,37894,M.C.G.,False,True
2015,2015,18,Home & Away,Not applicable,False,Sydney,Adelaide,117,65,Sydney,52,Win,Sat,2015-08-01,August,4:35 PM,38690,S.C.G.,False,True
2015,2015,18,Home & Away,Not applicable,False,Carlton,North Melbourne,54,118,North Melbourne,64,Win,Sat,2015-08-01,August,7:20 PM,25251,Docklands,False,True
2015,2015,18,Home & Away,Not applicable,False,Gold Coast,West Coast,83,83,Draw,0,Draw,Sat,2015-08-01,August,7:20 PM,9341,Carrara,False,True
2015,2015,18,Home & Away,Not applicable,False,Port Adelaide,St Kilda,112,49,Port Adelaide,63,Win,Sun,2015-08-02,August,12:40 PM,35977,Adelaide Oval,False,True
2015,2015,18,Home & Away,Not applicable,False,Essendon,Western Bulldogs,40,127,Western Bulldogs,87,Win,Sun,2015-08-02,August,3:20 PM,33466,Docklands,False,True
2015,2015,18,Home & Away,Not applicable,False,Fremantle,Greater Western Sydney,84,63,Fremantle,21,Win,Sun,2015-08-02,August,2:40 PM,34625,Subiaco,False,True
2015,2015,19,Home & Away,Not applicable,False,Adelaide,Richmond,88,52,Adelaide,36,Win,Fri,2015-08-07,August,7:20 PM,49116,Adelaide Oval,False,True
2015,2015,19,Home & Away,Not applicable,False,Collingwood,Carlton,105,87,Collingwood,18,Win,Sat,2015-08-08,August,1:45 PM,48133,M.C.G.,False,True
2015,2015,19,Home & Away,Not applicable,False,Western Bulldogs,Port Adelaide,128,64,Western Bulldogs,64,Win,Sat,2015-08-08,August,2:10 PM,20590,Docklands,False,True
2015,2015,19,Home & Away,Not applicable,False,Brisbane Lions,Gold Coast,100,114,Gold Coast,14,Win,Sat,2015-08-08,August,4:35 PM,19920,Gabba,False,True
2015,2015,19,Home & Away,Not applicable,False,Geelong,Sydney,95,63,Geelong,32,Win,Sat,2015-08-08,August,7:20 PM,27910,Kardinia Park,False,True
2015,2015,19,Home & Away,Not applicable,False,West Coast,Hawthorn,74,88,Hawthorn,14,Win,Sat,2015-08-08,August,5:40 PM,34843,Subiaco,False,True
2015,2015,19,Home & Away,Not applicable,False,Melbourne,North Melbourne,92,127,North Melbourne,35,Win,Sun,2015-08-09,August,1:10 PM,30695,M.C.G.,False,True
2015,2015,19,Home & Away,Not applicable,False,Greater Western Sydney,Essendon,93,61,Greater Western Sydney,32,Win,Sun,2015-08-09,August,3:20 PM,10093,Sydney Showground,False,True
2015,2015,19,Home & Away,Not applicable,False,St Kilda,Fremantle,59,96,Fremantle,37,Win,Sun,2015-08-09,August,4:40 PM,16409,Docklands,False,True
2015,2015,20,Home & Away,Not applicable,False,Sydney,Collingwood,87,76,Sydney,11,Win,Fri,2015-08-14,August,7:50 PM,38408,S.C.G.,False,True
2015,2015,20,Home & Away,Not applicable,False,Essendon,Adelaide,59,171,Adelaide,112,Win,Sat,2015-08-15,August,1:45 PM,25914,Docklands,False,True
2015,2015,20,Home & Away,Not applicable,False,North Melbourne,St Kilda,120,83,North Melbourne,37,Win,Sat,2015-08-15,August,2:10 PM,14346,Bellerive Oval,False,True
2015,2015,20,Home & Away,Not applicable,False,Port Adelaide,Greater Western Sydney,111,90,Port Adelaide,21,Win,Sat,2015-08-15,August,4:05 PM,32436,Adelaide Oval,False,True
2015,2015,20,Home & Away,Not applicable,False,Brisbane Lions,Carlton,131,67,Brisbane Lions,64,Win,Sat,2015-08-15,August,7:20 PM,17744,Gabba,False,True
2015,2015,20,Home & Away,Not applicable,False,Geelong,Hawthorn,85,121,Hawthorn,36,Win,Sat,2015-08-15,August,7:20 PM,55802,M.C.G.,False,True
2015,2015,20,Home & Away,Not applicable,False,Richmond,Gold Coast,138,55,Richmond,83,Win,Sun,2015-08-16,August,1:10 PM,38508,M.C.G.,False,True
2015,2015,20,Home & Away,Not applicable,False,Western Bulldogs,Melbourne,153,55,Western Bulldogs,98,Win,Sun,2015-08-16,August,3:20 PM,27805,Docklands,False,True
2015,2015,20,Home & Away,Not applicable,False,Fremantle,West Coast,80,104,West Coast,24,Win,Sun,2015-08-16,August,2:40 PM,41959,Subiaco,False,True
2015,2015,21,Home & Away,Not applicable,False,Hawthorn,Port Adelaide,86,108,Port Adelaide,22,Win,Fri,2015-08-21,August,7:50 PM,28657,Docklands,False,True
2015,2015,21,Home & Away,Not applicable,False,Collingwood,Richmond,56,147,Richmond,91,Win,Sat,2015-08-22,August,1:45 PM,63178,M.C.G.,False,True
2015,2015,21,Home & Away,Not applicable,False,Greater Western Sydney,Sydney,44,133,Sydney,89,Win,Sat,2015-08-22,August,2:10 PM,19507,Sydney Showground,False,True
2015,2015,21,Home & Away,Not applicable,False,Gold Coast,Essendon,97,95,Gold Coast,2,Win,Sat,2015-08-22,August,4:35 PM,16253,Carrara,False,True
2015,2015,21,Home & Away,Not applicable,False,St Kilda,Geelong,97,97,Draw,0,Draw,Sat,2015-08-22,August,7:20 PM,25245,Docklands,False,True
2015,2015,21,Home & Away,Not applicable,False,Adelaide,Brisbane Lions,131,44,Adelaide,87,Win,Sat,2015-08-22,August,7:10 PM,46609,Adelaide Oval,False,True
2015,2015,21,Home & Away,Not applicable,False,North Melbourne,Fremantle,94,83,North Melbourne,11,Win,Sun,2015-08-23,August,1:10 PM,23857,Docklands,False,True
2015,2015,21,Home & Away,Not applicable,False,Carlton,Melbourne,78,55,Carlton,23,Win,Sun,2015-08-23,August,3:20 PM,33962,M.C.G.,False,True
2015,2015,21,Home & Away,Not applicable,False,West Coast,Western Bulldogs,162,85,West Coast,77,Win,Sun,2015-08-23,August,2:40 PM,37733,Subiaco,False,True
2015,2015,22,Home & Away,Not applicable,False,Geelong,Collingwood,62,110,Collingwood,48,Win,Fri,2015-08-28,August,7:50 PM,40582,M.C.G.,False,True
2015,2015,22,Home & Away,Not applicable,False,Greater Western Sydney,Carlton,132,51,Greater Western Sydney,81,Win,Sat,2015-08-29,August,1:45 PM,9538,Sydney Showground,False,True
2015,2015,22,Home & Away,Not applicable,False,Hawthorn,Brisbane Lions,134,62,Hawthorn,72,Win,Sat,2015-08-29,August,2:10 PM,11731,York Park,False,True
2015,2015,22,Home & Away,Not applicable,False,North Melbourne,Western Bulldogs,73,96,Western Bulldogs,23,Win,Sat,2015-08-29,August,4:35 PM,37299,Docklands,False,True
2015,2015,22,Home & Away,Not applicable,False,Essendon,Richmond,47,74,Richmond,27,Win,Sat,2015-08-29,August,7:20 PM,37864,M.C.G.,False,True
2015,2015,22,Home & Away,Not applicable,False,Gold Coast,Port Adelaide,51,88,Port Adelaide,37,Win,Sat,2015-08-29,August,7:20 PM,9343,Carrara,False,True
2015,2015,22,Home & Away,Not applicable,False,Adelaide,West Coast,126,69,Adelaide,57,Win,Sun,2015-08-30,August,12:40 PM,52460,Adelaide Oval,False,True
2015,2015,22,Home & Away,Not applicable,False,St Kilda,Sydney,38,135,Sydney,97,Win,Sun,2015-08-30,August,3:20 PM,27856,Docklands,False,True
2015,2015,22,Home & Away,Not applicable,False,Fremantle,Melbourne,108,54,Fremantle,54,Win,Sun,2015-08-30,August,2:40 PM,33529,Subiaco,False,True
2015,2015,23,Home & Away,Not applicable,False,Richmond,North Melbourne,108,67,Richmond,41,Win,Fri,2015-09-04,September,7:50 PM,40461,Docklands,False,True
2015,2015,23,Home & Away,Not applicable,False,Geelong,Adelaide,119,80,Geelong,39,Win,Sat,2015-09-05,September,1:05 PM,26128,Kardinia Park,False,True
2015,2015,23,Home & Away,Not applicable,False,Brisbane Lions,Western Bulldogs,130,122,Brisbane Lions,8,Win,Sat,2015-09-05,September,1:45 PM,15434,Gabba,False,True
2015,2015,23,Home & Away,Not applicable,False,Port Adelaide,Fremantle,122,53,Port Adelaide,69,Win,Sat,2015-09-05,September,3:20 PM,37922,Adelaide Oval,False,True
2015,2015,23,Home & Away,Not applicable,False,Hawthorn,Carlton,113,56,Hawthorn,57,Win,Sat,2015-09-05,September,4:40 PM,33182,M.C.G.,False,True
2015,2015,23,Home & Away,Not applicable,False,Sydney,Gold Coast,127,64,Sydney,63,Win,Sat,2015-09-05,September,7:25 PM,25424,S.C.G.,False,True
2015,2015,23,Home & Away,Not applicable,False,West Coast,St Kilda,125,30,West Coast,95,Win,Sat,2015-09-05,September,5:40 PM,36165,Subiaco,False,True
2015,2015,23,Home & Away,Not applicable,False,Melbourne,Greater Western Sydney,103,77,Melbourne,26,Win,Sun,2015-09-06,September,1:10 PM,8974,Docklands,False,True
2015,2015,23,Home & Away,Not applicable,False,Collingwood,Essendon,92,95,Essendon,3,Win,Sun,2015-09-06,September,3:20 PM,40270,M.C.G.,False,True
2015,2015,,Finals,Qualifying Final,True,West Coast,Hawthorn,96,64,West Coast,32,Win,Fri,2015-09-11,September,6:20 PM,42663,Subiaco,False,False
2015,2015,,Finals,Qualifying Final,True,Fremantle,Sydney,69,60,Fremantle,9,Win,Sat,2015-09-12,September,1:20 PM,40071,Subiaco,False,False
2015,2015,,Finals,Elimination Final,True,Western Bulldogs,Adelaide,102,109,Adelaide,7,Win,Sat,2015-09-12,September,7:20 PM,60872,M.C.G.,False,False
2015,2015,,Finals,Elimination Final,True,Richmond,North Melbourne,88,105,North Melbourne,17,Win,Sun,2015-09-13,September,3:20 PM,90186,M.C.G.,False,False
2015,2015,,Finals,Semi Final,True,Hawthorn,Adelaide,135,61,Hawthorn,74,Win,Fri,2015-09-18,September,7:50 PM,70879,M.C.G.,False,False
2015,2015,,Finals,Semi Final,True,Sydney,North Melbourne,51,77,North Melbourne,26,Win,Sat,2015-09-19,September,7:20 PM,31162,Stadium Australia,False,False
2015,2015,,Finals,Preliminary Final,True,Fremantle,Hawthorn,67,94,Hawthorn,27,Win,Fri,2015-09-25,September,6:20 PM,41508,Subiaco,False,False
2015,2015,,Finals,Preliminary Final,True,West Coast,North Melbourne,80,55,West Coast,25,Win,Sat,2015-09-26,September,5:45 PM,43080,Subiaco,False,False
2015,2015,,Finals,Grand Final,True,West Coast,Hawthorn,61,107,Hawthorn,46,Win,Sat,2015-10-03,October,2:30 PM,98632,M.C.G.,False,False
2016,2016,1,Home & Away,Not applicable,False,Richmond,Carlton,92,83,Richmond,9,Win,Thu,2016-03-24,March,7:20 PM,75706,M.C.G.,False,True
2016,2016,1,Home & Away,Not applicable,False,Melbourne,Greater Western Sydney,80,78,Melbourne,2,Win,Sat,2016-03-26,March,1:40 PM,28505,M.C.G.,False,True
2016,2016,1,Home & Away,Not applicable,False,Gold Coast,Essendon,121,60,Gold Coast,61,Win,Sat,2016-03-26,March,3:35 PM,16239,Carrara,False,True
2016,2016,1,Home & Away,Not applicable,False,North Melbourne,Adelaide,107,97,North Melbourne,10,Win,Sat,2016-03-26,March,7:25 PM,25485,Docklands,False,True
2016,2016,1,Home & Away,Not applicable,False,Sydney,Collingwood,133,53,Sydney,80,Win,Sat,2016-03-26,March,7:25 PM,33857,S.C.G.,False,True
2016,2016,1,Home & Away,Not applicable,False,Western Bulldogs,Fremantle,103,38,Western Bulldogs,65,Win,Sun,2016-03-27,March,1:10 PM,27832,Docklands,False,True
2016,2016,1,Home & Away,Not applicable,False,Port Adelaide,St Kilda,133,100,Port Adelaide,33,Win,Sun,2016-03-27,March,2:50 PM,42896,Adelaide Oval,False,True
2016,2016,1,Home & Away,Not applicable,False,West Coast,Brisbane Lions,166,102,West Coast,64,Win,Sun,2016-03-27,March,4:40 PM,35201,Subiaco,False,True
2016,2016,1,Home & Away,Not applicable,False,Geelong,Hawthorn,116,86,Geelong,30,Win,Mon,2016-03-28,March,3:20 PM,74218,M.C.G.,False,True
2016,2016,2,Home & Away,Not applicable,False,Collingwood,Richmond,87,86,Collingwood,1,Win,Fri,2016-04-01,April,7:50 PM,72761,M.C.G.,False,True
2016,2016,2,Home & Away,Not applicable,False,Adelaide,Port Adelaide,144,86,Adelaide,58,Win,Sat,2016-04-02,April,1:15 PM,50555,Adelaide Oval,False,True
2016,2016,2,Home & Away,Not applicable,False,Essendon,Melbourne,80,67,Essendon,13,Win,Sat,2016-04-02,April,2:10 PM,50424,M.C.G.,False,True
2016,2016,2,Home & Away,Not applicable,False,Brisbane Lions,North Melbourne,83,117,North Melbourne,34,Win,Sat,2016-04-02,April,3:35 PM,18021,Gabba,False,True
2016,2016,2,Home & Away,Not applicable,False,St Kilda,Western Bulldogs,36,93,Western Bulldogs,57,Win,Sat,2016-04-02,April,7:25 PM,37353,Docklands,False,True
2016,2016,2,Home & Away,Not applicable,False,Fremantle,Gold Coast,100,126,Gold Coast,26,Win,Sat,2016-04-02,April,4:40 PM,34208,Subiaco,False,True
2016,2016,2,Home & Away,Not applicable,False,Greater Western Sydney,Geelong,89,76,Greater Western Sydney,13,Win,Sun,2016-04-03,April,1:10 PM,13656,Manuka Oval,False,True
2016,2016,2,Home & Away,Not applicable,False,Hawthorn,West Coast,99,53,Hawthorn,46,Win,Sun,2016-04-03,April,3:20 PM,42977,M.C.G.,False,True
2016,2016,2,Home & Away,Not applicable,False,Carlton,Sydney,71,131,Sydney,60,Win,Sun,2016-04-03,April,4:40 PM,33146,Docklands,False,True
2016,2016,3,Home & Away,Not applicable,False,Port Adelaide,Essendon,112,51,Port Adelaide,61,Win,Fri,2016-04-08,April,7:20 PM,43663,Adelaide Oval,False,True
2016,2016,3,Home & Away,Not applicable,False,St Kilda,Collingwood,119,90,St Kilda,29,Win,Sat,2016-04-09,April,1:45 PM,50903,M.C.G.,False,True
2016,2016,3,Home & Away,Not applicable,False,Richmond,Adelaide,92,128,Adelaide,36,Win,Sat,2016-04-09,April,2:10 PM,29951,Docklands,False,True
2016,2016,3,Home & Away,Not applicable,False,Sydney,Greater Western Sydney,93,68,Sydney,25,Win,Sat,2016-04-09,April,4:35 PM,37045,S.C.G.,False,True
2016,2016,3,Home & Away,Not applicable,False,Gold Coast,Carlton,95,41,Gold Coast,54,Win,Sat,2016-04-09,April,7:25 PM,13885,Carrara,False,True
2016,2016,3,Home & Away,Not applicable,False,West Coast,Fremantle,92,59,West Coast,33,Win,Sat,2016-04-09,April,5:40 PM,40555,Subiaco,False,True
2016,2016,3,Home & Away,Not applicable,False,North Melbourne,Melbourne,136,131,North Melbourne,5,Win,Sun,2016-04-10,April,1:10 PM,12607,Bellerive Oval,False,True
2016,2016,3,Home & Away,Not applicable,False,Western Bulldogs,Hawthorn,90,93,Hawthorn,3,Win,Sun,2016-04-10,April,3:20 PM,46808,Docklands,False,True
2016,2016,3,Home & Away,Not applicable,False,Geelong,Brisbane Lions,125,56,Geelong,69,Win,Sun,2016-04-10,April,4:40 PM,23320,Kardinia Park,False,True
2016,2016,4,Home & Away,Not applicable,False,West Coast,Richmond,125,57,West Coast,68,Win,Fri,2016-04-15,April,6:10 PM,38860,Subiaco,False,True
2016,2016,4,Home & Away,Not applicable,False,Essendon,Geelong,42,72,Geelong,30,Win,Sat,2016-04-16,April,1:45 PM,42723,M.C.G.,False,True
2016,2016,4,Home & Away,Not applicable,False,Hawthorn,St Kilda,87,84,Hawthorn,3,Win,Sat,2016-04-16,April,2:10 PM,17052,York Park,False,True
2016,2016,4,Home & Away,Not applicable,False,Brisbane Lions,Gold Coast,107,94,Brisbane Lions,13,Win,Sat,2016-04-16,April,4:35 PM,20041,Gabba,False,True
2016,2016,4,Home & Away,Not applicable,False,Carlton,Western Bulldogs,49,85,Western Bulldogs,36,Win,Sat,2016-04-16,April,7:25 PM,27622,Docklands,False,True
2016,2016,4,Home & Away,Not applicable,False,Adelaide,Sydney,113,103,Adelaide,10,Win,Sat,2016-04-16,April,7:10 PM,50369,Adelaide Oval,False,True
2016,2016,4,Home & Away,Not applicable,False,Greater Western Sydney,Port Adelaide,151,65,Greater Western Sydney,86,Win,Sun,2016-04-17,April,1:10 PM,10028,Manuka Oval,False,True
2016,2016,4,Home & Away,Not applicable,False,Collingwood,Melbourne,67,102,Melbourne,35,Win,Sun,2016-04-17,April,3:20 PM,47558,M.C.G.,False,True
2016,2016,4,Home & Away,Not applicable,False,North Melbourne,Fremantle,132,101,North Melbourne,31,Win,Sun,2016-04-17,April,4:40 PM,23393,Docklands,False,True
2016,2016,5,Home & Away,Not applicable,False,Hawthorn,Adelaide,112,109,Hawthorn,3,Win,Fri,2016-04-22,April,7:50 PM,45781,M.C.G.,False,True
2016,2016,5,Home & Away,Not applicable,False,Sydney,West Coast,88,49,Sydney,39,Win,Sat,2016-04-23,April,1:45 PM,35427,S.C.G.,False,True
2016,2016,5,Home & Away,Not applicable,False,Gold Coast,North Melbourne,81,119,North Melbourne,38,Win,Sat,2016-04-23,April,4:35 PM,13351,Carrara,False,True
2016,2016,5,Home & Away,Not applicable,False,Western Bulldogs,Brisbane Lions,120,67,Western Bulldogs,53,Win,Sat,2016-04-23,April,7:25 PM,25097,Docklands,False,True
2016,2016,5,Home & Away,Not applicable,False,Port Adelaide,Geelong,59,107,Geelong,48,Win,Sat,2016-04-23,April,7:15 PM,43984,Adelaide Oval,False,True
2016,2016,5,Home & Away,Not applicable,False,St Kilda,Greater Western Sydney,79,126,Greater Western Sydney,47,Win,Sun,2016-04-24,April,1:10 PM,21052,Docklands,False,True
2016,2016,5,Home & Away,Not applicable,False,Fremantle,Carlton,68,72,Carlton,4,Win,Sun,2016-04-24,April,2:15 PM,34796,Subiaco,False,True
2016,2016,5,Home & Away,Not applicable,False,Melbourne,Richmond,129,96,Melbourne,33,Win,Sun,2016-04-24,April,7:10 PM,60867,M.C.G.,False,True
2016,2016,5,Home & Away,Not applicable,False,Collingwood,Essendon,142,73,Collingwood,69,Win,Mon,2016-04-25,April,3:20 PM,85082,M.C.G.,False,True
2016,2016,6,Home & Away,Not applicable,False,North Melbourne,Western Bulldogs,61,45,North Melbourne,16,Win,Fri,2016-04-29,April,7:50 PM,47622,Docklands,False,True
2016,2016,6,Home & Away,Not applicable,False,Melbourne,St Kilda,96,135,St Kilda,39,Win,Sat,2016-04-30,April,1:45 PM,27260,Docklands,False,True
2016,2016,6,Home & Away,Not applicable,False,Adelaide,Fremantle,97,64,Adelaide,33,Win,Sat,2016-04-30,April,1:40 PM,46431,Adelaide Oval,False,True
2016,2016,6,Home & Away,Not applicable,False,Greater Western Sydney,Hawthorn,158,83,Greater Western Sydney,75,Win,Sat,2016-04-30,April,4:35 PM,13766,Sydney Showground,False,True
2016,2016,6,Home & Away,Not applicable,False,Geelong,Gold Coast,168,48,Geelong,120,Win,Sat,2016-04-30,April,7:25 PM,23007,Kardinia Park,False,True
2016,2016,6,Home & Away,Not applicable,False,Richmond,Port Adelaide,59,94,Port Adelaide,35,Win,Sat,2016-04-30,April,7:25 PM,27077,M.C.G.,False,True
2016,2016,6,Home & Away,Not applicable,False,Brisbane Lions,Sydney,94,97,Sydney,3,Win,Sun,2016-05-01,May,1:10 PM,14646,Gabba,False,True
2016,2016,6,Home & Away,Not applicable,False,Carlton,Essendon,72,57,Carlton,15,Win,Sun,2016-05-01,May,3:20 PM,43827,M.C.G.,False,True
2016,2016,6,Home & Away,Not applicable,False,West Coast,Collingwood,124,62,West Coast,62,Win,Sun,2016-05-01,May,2:40 PM,37931,Subiaco,False,True
2016,2016,7,Home & Away,Not applicable,False,Richmond,Hawthorn,90,136,Hawthorn,46,Win,Fri,2016-05-06,May,7:50 PM,49678,M.C.G.,False,True
2016,2016,7,Home & Away,Not applicable,False,Collingwood,Carlton,84,99,Carlton,15,Win,Sat,2016-05-07,May,1:45 PM,60222,M.C.G.,False,True
2016,2016,7,Home & Away,Not applicable,False,Geelong,West Coast,123,79,Geelong,44,Win,Sat,2016-05-07,May,2:10 PM,25429,Kardinia Park,False,True
2016,2016,7,Home & Away,Not applicable,False,Sydney,Essendon,135,54,Sydney,81,Win,Sat,2016-05-07,May,4:35 PM,29527,S.C.G.,False,True
2016,2016,7,Home & Away,Not applicable,False,Gold Coast,Melbourne,87,160,Melbourne,73,Win,Sat,2016-05-07,May,5:10 PM,12780,Carrara,False,True
2016,2016,7,Home & Away,Not applicable,False,Western Bulldogs,Adelaide,123,108,Western Bulldogs,15,Win,Sat,2016-05-07,May,7:40 PM,26984,Docklands,False,True
2016,2016,7,Home & Away,Not applicable,False,Fremantle,Greater Western Sydney,77,95,Greater Western Sydney,18,Win,Sat,2016-05-07,May,6:10 PM,28201,Subiaco,False,True
2016,2016,7,Home & Away,Not applicable,False,St Kilda,North Melbourne,75,82,North Melbourne,7,Win,Sun,2016-05-08,May,3:20 PM,27254,Docklands,False,True
2016,2016,7,Home & Away,Not applicable,False,Port Adelaide,Brisbane Lions,136,59,Port Adelaide,77,Win,Sun,2016-05-08,May,4:10 PM,31544,Adelaide Oval,False,True
2016,2016,8,Home & Away,Not applicable,False,Adelaide,Geelong,72,98,Geelong,26,Win,Fri,2016-05-13,May,7:20 PM,53141,Adelaide Oval,False,True
2016,2016,8,Home & Away,Not applicable,False,Essendon,North Melbourne,60,74,North Melbourne,14,Win,Sat,2016-05-14,May,1:45 PM,30321,Docklands,False,True
2016,2016,8,Home & Away,Not applicable,False,Hawthorn,Fremantle,116,75,Hawthorn,41,Win,Sat,2016-05-14,May,2:10 PM,12012,York Park,False,True
2016,2016,8,Home & Away,Not applicable,False,Greater Western Sydney,Gold Coast,149,58,Greater Western Sydney,91,Win,Sat,2016-05-14,May,4:35 PM,8308,Sydney Showground,False,True
2016,2016,8,Home & Away,Not applicable,False,Brisbane Lions,Collingwood,65,143,Collingwood,78,Win,Sat,2016-05-14,May,7:25 PM,24552,Gabba,False,True
2016,2016,8,Home & Away,Not applicable,False,Richmond,Sydney,101,100,Richmond,1,Win,Sat,2016-05-14,May,7:25 PM,36014,M.C.G.,False,True
2016,2016,8,Home & Away,Not applicable,False,Carlton,Port Adelaide,93,91,Carlton,2,Win,Sun,2016-05-15,May,1:10 PM,26924,Docklands,False,True
2016,2016,8,Home & Away,Not applicable,False,Melbourne,Western Bulldogs,82,114,Western Bulldogs,32,Win,Sun,2016-05-15,May,3:20 PM,39921,M.C.G.,False,True
2016,2016,8,Home & Away,Not applicable,False,West Coast,St Kilda,132,29,West Coast,103,Win,Sun,2016-05-15,May,2:40 PM,36140,Subiaco,False,True
2016,2016,9,Home & Away,Not applicable,False,Hawthorn,Sydney,55,69,Sydney,14,Win,Fri,2016-05-20,May,7:50 PM,61552,M.C.G.,False,True
2016,2016,9,Home & Away,Not applicable,False,Collingwood,Geelong,104,80,Collingwood,24,Win,Sat,2016-05-21,May,1:45 PM,59864,M.C.G.,False,True
2016,2016,9,Home & Away,Not applicable,False,Gold Coast,Adelaide,74,149,Adelaide,75,Win,Sat,2016-05-21,May,2:10 PM,11692,Carrara,False,True
2016,2016,9,Home & Away,Not applicable,False,Port Adelaide,West Coast,86,94,West Coast,8,Win,Sat,2016-05-21,May,4:05 PM,38695,Adelaide Oval,False,True
2016,2016,9,Home & Away,Not applicable,False,North Melbourne,Carlton,113,46,North Melbourne,67,Win,Sat,2016-05-21,May,7:25 PM,38419,Docklands,False,True
2016,2016,9,Home & Away,Not applicable,False,Fremantle,Richmond,45,83,Richmond,38,Win,Sat,2016-05-21,May,5:40 PM,20184,Subiaco,False,True
2016,2016,9,Home & Away,Not applicable,False,Melbourne,Brisbane Lions,131,68,Melbourne,63,Win,Sun,2016-05-22,May,1:10 PM,26892,M.C.G.,False,True
2016,2016,9,Home & Away,Not applicable,False,Greater Western Sydney,Western Bulldogs,98,73,Greater Western Sydney,25,Win,Sun,2016-05-22,May,3:20 PM,9612,Sydney Showground,False,True
2016,2016,9,Home & Away,Not applicable,False,St Kilda,Essendon,109,63,St Kilda,46,Win,Sun,2016-05-22,May,4:40 PM,29026,Docklands,False,True
2016,2016,10,Home & Away,Not applicable,False,Sydney,North Melbourne,91,65,Sydney,26,Win,Fri,2016-05-27,May,7:50 PM,38498,S.C.G.,False,True
2016,2016,10,Home & Away,Not applicable,False,Brisbane Lions,Hawthorn,87,135,Hawthorn,48,Win,Sat,2016-05-28,May,1:45 PM,23691,Gabba,False,True
2016,2016,10,Home & Away,Not applicable,False,Melbourne,Port Adelaide,76,121,Port Adelaide,45,Win,Sat,2016-05-28,May,1:40 PM,5146,Traeger Park,False,True
2016,2016,10,Home & Away,Not applicable,False,St Kilda,Fremantle,101,67,St Kilda,34,Win,Sat,2016-05-28,May,4:35 PM,17927,Docklands,False,True
2016,2016,10,Home & Away,Not applicable,False,Essendon,Richmond,67,105,Richmond,38,Win,Sat,2016-05-28,May,7:25 PM,56948,M.C.G.,False,True
2016,2016,10,Home & Away,Not applicable,False,Adelaide,Greater Western Sydney,107,85,Adelaide,22,Win,Sat,2016-05-28,May,7:10 PM,46737,Adelaide Oval,False,True
2016,2016,10,Home & Away,Not applicable,False,Carlton,Geelong,104,85,Carlton,19,Win,Sun,2016-05-29,May,1:10 PM,33535,Docklands,False,True
2016,2016,10,Home & Away,Not applicable,False,Collingwood,Western Bulldogs,53,74,Western Bulldogs,21,Win,Sun,2016-05-29,May,3:20 PM,45078,M.C.G.,False,True
2016,2016,10,Home & Away,Not applicable,False,West Coast,Gold Coast,132,55,West Coast,77,Win,Sun,2016-05-29,May,2:40 PM,34945,Subiaco,False,True
2016,2016,11,Home & Away,Not applicable,False,North Melbourne,Richmond,124,54,North Melbourne,70,Win,Fri,2016-06-03,June,7:50 PM,17844,Bellerive Oval,False,True
2016,2016,11,Home & Away,Not applicable,False,Hawthorn,Melbourne,82,64,Hawthorn,18,Win,Sat,2016-06-04,June,1:45 PM,41833,M.C.G.,False,True
2016,2016,11,Home & Away,Not applicable,False,Carlton,Brisbane Lions,102,64,Carlton,38,Win,Sat,2016-06-04,June,2:10 PM,30722,Docklands,False,True
2016,2016,11,Home & Away,Not applicable,False,Geelong,Greater Western Sydney,98,88,Geelong,10,Win,Sat,2016-06-04,June,4:35 PM,22007,Kardinia Park,False,True
2016,2016,11,Home & Away,Not applicable,False,Gold Coast,Sydney,41,79,Sydney,38,Win,Sat,2016-06-04,June,7:25 PM,4368,Carrara,False,True
2016,2016,11,Home & Away,Not applicable,False,Fremantle,Essendon,126,47,Fremantle,79,Win,Sat,2016-06-04,June,5:40 PM,31199,Subiaco,False,True
2016,2016,11,Home & Away,Not applicable,False,Collingwood,Port Adelaide,58,125,Port Adelaide,67,Win,Sun,2016-06-05,June,1:10 PM,28567,M.C.G.,False,True
2016,2016,11,Home & Away,Not applicable,False,Western Bulldogs,West Coast,83,75,Western Bulldogs,8,Win,Sun,2016-06-05,June,3:20 PM,28769,Docklands,False,True
2016,2016,11,Home & Away,Not applicable,False,Adelaide,St Kilda,133,45,Adelaide,88,Win,Sun,2016-06-05,June,4:10 PM,40896,Adelaide Oval,False,True
2016,2016,12,Home & Away,Not applicable,False,Essendon,Hawthorn,43,151,Hawthorn,108,Win,Fri,2016-06-10,June,7:50 PM,27567,Docklands,False,True
2016,2016,12,Home & Away,Not applicable,False,Port Adelaide,Western Bulldogs,97,100,Western Bulldogs,3,Win,Sat,2016-06-11,June,1:10 PM,40096,Adelaide Oval,False,True
2016,2016,12,Home & Away,Not applicable,False,Brisbane Lions,Fremantle,64,147,Fremantle,83,Win,Sat,2016-06-11,June,4:35 PM,12899,Gabba,False,True
2016,2016,12,Home & Away,Not applicable,False,Geelong,North Melbourne,105,74,Geelong,31,Win,Sat,2016-06-11,June,7:25 PM,44025,Docklands,False,True
2016,2016,12,Home & Away,Not applicable,False,West Coast,Adelaide,76,105,Adelaide,29,Win,Sat,2016-06-11,June,5:40 PM,37591,Subiaco,False,True
2016,2016,12,Home & Away,Not applicable,False,St Kilda,Carlton,110,78,St Kilda,32,Win,Sun,2016-06-12,June,1:10 PM,47945,Docklands,False,True
2016,2016,12,Home & Away,Not applicable,False,Richmond,Gold Coast,114,97,Richmond,17,Win,Sun,2016-06-12,June,3:20 PM,30448,M.C.G.,False,True
2016,2016,12,Home & Away,Not applicable,False,Greater Western Sydney,Sydney,105,63,Greater Western Sydney,42,Win,Sun,2016-06-12,June,4:40 PM,21541,Sydney Showground,False,True
2016,2016,12,Home & Away,Not applicable,False,Melbourne,Collingwood,104,58,Melbourne,46,Win,Mon,2016-06-13,June,3:20 PM,60158,M.C.G.,False,True
2016,2016,13,Home & Away,Not applicable,False,North Melbourne,Hawthorn,84,93,Hawthorn,9,Win,Fri,2016-06-17,June,7:50 PM,37073,Docklands,False,True
2016,2016,13,Home & Away,Not applicable,False,Brisbane Lions,West Coast,82,131,West Coast,49,Win,Sat,2016-06-18,June,1:40 PM,12777,Gabba,False,True
2016,2016,13,Home & Away,Not applicable,False,Fremantle,Port Adelaide,86,69,Fremantle,17,Win,Sat,2016-06-18,June,2:35 PM,32448,Subiaco,False,True
2016,2016,13,Home & Away,Not applicable,False,Western Bulldogs,Geelong,43,100,Geelong,57,Win,Sat,2016-06-18,June,7:25 PM,41725,Docklands,False,True
2016,2016,13,Home & Away,Not applicable,False,Sydney,Melbourne,86,31,Sydney,55,Win,Sun,2016-06-19,June,1:10 PM,19086,S.C.G.,False,True
2016,2016,13,Home & Away,Not applicable,False,Essendon,Greater Western Sydney,90,117,Greater Western Sydney,27,Win,Sun,2016-06-19,June,4:40 PM,14463,Docklands,False,True
2016,2016,14,Home & Away,Not applicable,False,Adelaide,North Melbourne,100,67,Adelaide,33,Win,Thu,2016-06-23,June,7:20 PM,37890,Adelaide Oval,False,True
2016,2016,14,Home & Away,Not applicable,False,Collingwood,Fremantle,85,37,Collingwood,48,Win,Fri,2016-06-24,June,7:50 PM,20320,M.C.G.,False,True
2016,2016,14,Home & Away,Not applicable,False,Richmond,Brisbane Lions,117,75,Richmond,42,Win,Sat,2016-06-25,June,1:40 PM,28883,M.C.G.,False,True
2016,2016,14,Home & Away,Not applicable,False,Greater Western Sydney,Carlton,127,65,Greater Western Sydney,62,Win,Sat,2016-06-25,June,4:35 PM,10355,Sydney Showground,False,True
2016,2016,14,Home & Away,Not applicable,False,St Kilda,Geelong,93,90,St Kilda,3,Win,Sat,2016-06-25,June,7:25 PM,28745,Docklands,False,True
2016,2016,14,Home & Away,Not applicable,False,Hawthorn,Gold Coast,86,60,Hawthorn,26,Win,Sun,2016-06-26,June,3:20 PM,10121,York Park,False,True
2016,2016,15,Home & Away,Not applicable,False,West Coast,Essendon,130,52,West Coast,78,Win,Thu,2016-06-30,June,6:10 PM,33117,Subiaco,False,True
2016,2016,15,Home & Away,Not applicable,False,Port Adelaide,Richmond,94,56,Port Adelaide,38,Win,Fri,2016-07-01,July,7:20 PM,37848,Adelaide Oval,False,True
2016,2016,15,Home & Away,Not applicable,False,Gold Coast,St Kilda,108,68,Gold Coast,40,Win,Sat,2016-07-02,July,1:40 PM,14071,Carrara,False,True
2016,2016,15,Home & Away,Not applicable,False,Sydney,Western Bulldogs,79,83,Western Bulldogs,4,Win,Sat,2016-07-02,July,4:35 PM,33386,S.C.G.,False,True
2016,2016,15,Home & Away,Not applicable,False,Carlton,Collingwood,45,57,Collingwood,12,Win,Sat,2016-07-02,July,7:25 PM,56157,M.C.G.,False,True
2016,2016,15,Home & Away,Not applicable,False,Melbourne,Adelaide,98,120,Adelaide,22,Win,Sun,2016-07-03,July,3:20 PM,29133,M.C.G.,False,True
2016,2016,16,Home & Away,Not applicable,False,Port Adelaide,Hawthorn,79,101,Hawthorn,22,Win,Thu,2016-07-07,July,7:20 PM,43025,Adelaide Oval,False,True
2016,2016,16,Home & Away,Not applicable,False,Geelong,Sydney,60,98,Sydney,38,Win,Fri,2016-07-08,July,7:50 PM,24339,Kardinia Park,False,True
2016,2016,16,Home & Away,Not applicable,False,Greater Western Sydney,Collingwood,93,125,Collingwood,32,Win,Sat,2016-07-09,July,1:40 PM,13483,Sydney Showground,False,True
2016,2016,16,Home & Away,Not applicable,False,Gold Coast,Brisbane Lions,139,113,Gold Coast,26,Win,Sat,2016-07-09,July,4:35 PM,13528,Carrara,False,True
2016,2016,16,Home & Away,Not applicable,False,Western Bulldogs,Richmond,85,75,Western Bulldogs,10,Win,Sat,2016-07-09,July,7:25 PM,39679,Docklands,False,True
2016,2016,16,Home & Away,Not applicable,False,Melbourne,Fremantle,87,55,Melbourne,32,Win,Sat,2016-07-09,July,7:10 PM,8163,Marrara Oval,False,True
2016,2016,16,Home & Away,Not applicable,False,Carlton,Adelaide,47,107,Adelaide,60,Win,Sun,2016-07-10,July,1:10 PM,32430,M.C.G.,False,True
2016,2016,16,Home & Away,Not applicable,False,West Coast,North Melbourne,104,72,West Coast,32,Win,Sun,2016-07-10,July,1:20 PM,35618,Subiaco,False,True
2016,2016,16,Home & Away,Not applicable,False,Essendon,St Kilda,98,109,St Kilda,11,Win,Sun,2016-07-10,July,4:40 PM,25204,Docklands,False,True
2016,2016,17,Home & Away,Not applicable,False,Sydney,Hawthorn,70,75,Hawthorn,5,Win,Thu,2016-07-14,July,7:20 PM,42314,S.C.G.,False,True
2016,2016,17,Home & Away,Not applicable,False,Fremantle,Geelong,61,78,Geelong,17,Win,Fri,2016-07-15,July,6:10 PM,31042,Subiaco,False,True
2016,2016,17,Home & Away,Not applicable,False,Richmond,Essendon,102,83,Richmond,19,Win,Sat,2016-07-16,July,1:40 PM,44908,M.C.G.,False,True
2016,2016,17,Home & Away,Not applicable,False,North Melbourne,Port Adelaide,77,105,Port Adelaide,28,Win,Sat,2016-07-16,July,4:35 PM,24361,Docklands,False,True
2016,2016,17,Home & Away,Not applicable,False,Western Bulldogs,Gold Coast,107,59,Western Bulldogs,48,Win,Sat,2016-07-16,July,7:25 PM,8509,Cazaly's Stadium,False,True
2016,2016,17,Home & Away,Not applicable,False,Adelaide,Collingwood,97,69,Adelaide,28,Win,Sat,2016-07-16,July,7:10 PM,50002,Adelaide Oval,False,True
2016,2016,17,Home & Away,Not applicable,False,Carlton,West Coast,75,82,West Coast,7,Win,Sun,2016-07-17,July,1:10 PM,26389,M.C.G.,False,True
2016,2016,17,Home & Away,Not applicable,False,St Kilda,Melbourne,110,74,St Kilda,36,Win,Sun,2016-07-17,July,3:20 PM,25322,Docklands,False,True
2016,2016,17,Home & Away,Not applicable,False,Brisbane Lions,Greater Western Sydney,67,146,Greater Western Sydney,79,Win,Sun,2016-07-17,July,4:40 PM,10195,Gabba,False,True
2016,2016,18,Home & Away,Not applicable,False,Collingwood,North Melbourne,84,124,North Melbourne,40,Win,Fri,2016-07-22,July,7:50 PM,36041,Docklands,False,True
2016,2016,18,Home & Away,Not applicable,False,Sydney,Carlton,74,68,Sydney,6,Win,Sat,2016-07-23,July,1:45 PM,31765,S.C.G.,False,True
2016,2016,18,Home & Away,Not applicable,False,Gold Coast,Fremantle,105,81,Gold Coast,24,Win,Sat,2016-07-23,July,2:10 PM,8933,Carrara,False,True
2016,2016,18,Home & Away,Not applicable,False,West Coast,Melbourne,66,60,West Coast,6,Win,Sat,2016-07-23,July,2:35 PM,33908,Subiaco,False,True
2016,2016,18,Home & Away,Not applicable,False,Geelong,Adelaide,85,55,Geelong,30,Win,Sat,2016-07-23,July,7:25 PM,21127,Kardinia Park,False,True
2016,2016,18,Home & Away,Not applicable,False,Western Bulldogs,St Kilda,60,75,St Kilda,15,Win,Sat,2016-07-23,July,7:25 PM,26532,Docklands,False,True
2016,2016,18,Home & Away,Not applicable,False,Essendon,Brisbane Lions,91,128,Brisbane Lions,37,Win,Sun,2016-07-24,July,1:10 PM,34869,Docklands,False,True
2016,2016,18,Home & Away,Not applicable,False,Hawthorn,Richmond,114,44,Hawthorn,70,Win,Sun,2016-07-24,July,3:20 PM,51892,M.C.G.,False,True
2016,2016,18,Home & Away,Not applicable,False,Port Adelaide,Greater Western Sydney,60,79,Greater Western Sydney,19,Win,Sun,2016-07-24,July,4:10 PM,27935,Adelaide Oval,False,True
2016,2016,19,Home & Away,Not applicable,False,Geelong,Western Bulldogs,103,78,Geelong,25,Win,Fri,2016-07-29,July,7:50 PM,24331,Kardinia Park,False,True
2016,2016,19,Home & Away,Not applicable,False,Greater Western Sydney,Richmond,111,23,Greater Western Sydney,88,Win,Sat,2016-07-30,July,1:45 PM,14974,Manuka Oval,False,True
2016,2016,19,Home & Away,Not applicable,False,Hawthorn,Carlton,74,55,Hawthorn,19,Win,Sat,2016-07-30,July,2:10 PM,18112,York Park,False,True
2016,2016,19,Home & Away,Not applicable,False,Collingwood,West Coast,91,72,Collingwood,19,Win,Sat,2016-07-30,July,4:35 PM,34929,M.C.G.,False,True
2016,2016,19,Home & Away,Not applicable,False,North Melbourne,St Kilda,85,62,North Melbourne,23,Win,Sat,2016-07-30,July,7:25 PM,44287,Docklands,False,True
2016,2016,19,Home & Away,Not applicable,False,Brisbane Lions,Port Adelaide,79,173,Port Adelaide,94,Win,Sat,2016-07-30,July,7:25 PM,13085,Gabba,False,True
2016,2016,19,Home & Away,Not applicable,False,Melbourne,Gold Coast,66,64,Melbourne,2,Win,Sun,2016-07-31,July,1:10 PM,20627,M.C.G.,False,True
2016,2016,19,Home & Away,Not applicable,False,Fremantle,Sydney,47,137,Sydney,90,Win,Sun,2016-07-31,July,1:20 PM,32401,Subiaco,False,True
2016,2016,19,Home & Away,Not applicable,False,Adelaide,Essendon,143,61,Adelaide,82,Win,Sun,2016-07-31,July,4:10 PM,44264,Adelaide Oval,False,True
2016,2016,20,Home & Away,Not applicable,False,Richmond,Collingwood,92,77,Richmond,15,Win,Fri,2016-08-05,August,7:50 PM,49122,M.C.G.,False,True
2016,2016,20,Home & Away,Not applicable,False,Sydney,Port Adelaide,100,33,Sydney,67,Win,Sat,2016-08-06,August,1:45 PM,30204,S.C.G.,False,True
2016,2016,20,Home & Away,Not applicable,False,Melbourne,Hawthorn,110,81,Melbourne,29,Win,Sat,2016-08-06,August,2:10 PM,38818,M.C.G.,False,True
2016,2016,20,Home & Away,Not applicable,False,Gold Coast,Greater Western Sydney,84,92,Greater Western Sydney,8,Win,Sat,2016-08-06,August,4:35 PM,9108,Carrara,False,True
2016,2016,20,Home & Away,Not applicable,False,Western Bulldogs,North Melbourne,61,47,Western Bulldogs,14,Win,Sat,2016-08-06,August,7:25 PM,30740,Docklands,False,True
2016,2016,20,Home & Away,Not applicable,False,Adelaide,Brisbane Lions,177,39,Adelaide,138,Win,Sat,2016-08-06,August,7:10 PM,43549,Adelaide Oval,False,True
2016,2016,20,Home & Away,Not applicable,False,Carlton,St Kilda,51,122,St Kilda,71,Win,Sun,2016-08-07,August,1:10 PM,37797,M.C.G.,False,True
2016,2016,20,Home & Away,Not applicable,False,Geelong,Essendon,100,34,Geelong,66,Win,Sun,2016-08-07,August,3:20 PM,29254,Docklands,False,True
2016,2016,20,Home & Away,Not applicable,False,Fremantle,West Coast,64,110,West Coast,46,Win,Sun,2016-08-07,August,2:40 PM,36215,Subiaco,False,True
2016,2016,21,Home & Away,Not applicable,False,Western Bulldogs,Collingwood,95,92,Western Bulldogs,3,Win,Fri,2016-08-12,August,7:50 PM,35010,Docklands,False,True
2016,2016,21,Home & Away,Not applicable,False,Brisbane Lions,Carlton,99,95,Brisbane Lions,4,Win,Sat,2016-08-13,August,1:45 PM,17432,Gabba,False,True
2016,2016,21,Home & Away,Not applicable,False,Hawthorn,North Melbourne,96,57,Hawthorn,39,Win,Sat,2016-08-13,August,2:10 PM,50657,M.C.G.,False,True
2016,2016,21,Home & Away,Not applicable,False,Greater Western Sydney,West Coast,96,97,West Coast,1,Win,Sat,2016-08-13,August,4:35 PM,10385,Sydney Showground,False,True
2016,2016,21,Home & Away,Not applicable,False,St Kilda,Sydney,76,146,Sydney,70,Win,Sat,2016-08-13,August,7:25 PM,33059,Docklands,False,True
2016,2016,21,Home & Away,Not applicable,False,Port Adelaide,Melbourne,54,94,Melbourne,40,Win,Sat,2016-08-13,August,7:10 PM,33426,Adelaide Oval,False,True
2016,2016,21,Home & Away,Not applicable,False,Essendon,Gold Coast,75,69,Essendon,6,Win,Sun,2016-08-14,August,1:10 PM,16622,Docklands,False,True
2016,2016,21,Home & Away,Not applicable,False,Richmond,Geelong,78,82,Geelong,4,Win,Sun,2016-08-14,August,3:20 PM,45667,M.C.G.,False,True
2016,2016,21,Home & Away,Not applicable,False,Fremantle,Adelaide,70,142,Adelaide,72,Win,Sun,2016-08-14,August,2:40 PM,30116,Subiaco,False,True
2016,2016,22,Home & Away,Not applicable,False,West Coast,Hawthorn,92,67,West Coast,25,Win,Fri,2016-08-19,August,6:10 PM,38581,Subiaco,False,True
2016,2016,22,Home & Away,Not applicable,False,North Melbourne,Sydney,76,85,Sydney,9,Win,Sat,2016-08-20,August,1:45 PM,16495,Bellerive Oval,False,True
2016,2016,22,Home & Away,Not applicable,False,Richmond,St Kilda,46,55,St Kilda,9,Win,Sat,2016-08-20,August,2:10 PM,35255,M.C.G.,False,True
2016,2016,22,Home & Away,Not applicable,False,Greater Western Sydney,Fremantle,129,37,Greater Western Sydney,92,Win,Sat,2016-08-20,August,4:35 PM,9556,Sydney Showground,False,True
2016,2016,22,Home & Away,Not applicable,False,Collingwood,Gold Coast,118,47,Collingwood,71,Win,Sat,2016-08-20,August,7:25 PM,17644,Docklands,False,True
2016,2016,22,Home & Away,Not applicable,False,Port Adelaide,Adelaide,94,109,Adelaide,15,Win,Sat,2016-08-20,August,7:10 PM,49541,Adelaide Oval,False,True
2016,2016,22,Home & Away,Not applicable,False,Carlton,Melbourne,78,58,Carlton,20,Win,Sun,2016-08-21,August,1:10 PM,40693,M.C.G.,False,True
2016,2016,22,Home & Away,Not applicable,False,Brisbane Lions,Geelong,69,129,Geelong,60,Win,Sun,2016-08-21,August,3:20 PM,20477,Gabba,False,True
2016,2016,22,Home & Away,Not applicable,False,Essendon,Western Bulldogs,53,93,Western Bulldogs,40,Win,Sun,2016-08-21,August,4:40 PM,25308,Docklands,False,True
2016,2016,23,Home & Away,Not applicable,False,Adelaide,West Coast,71,100,West Coast,29,Win,Fri,2016-08-26,August,7:40 PM,50785,Adelaide Oval,False,True
2016,2016,23,Home & Away,Not applicable,False,Geelong,Melbourne,155,44,Geelong,111,Win,Sat,2016-08-27,August,1:45 PM,24413,Kardinia Park,False,True
2016,2016,23,Home & Away,Not applicable,False,Essendon,Carlton,103,79,Essendon,24,Win,Sat,2016-08-27,August,2:10 PM,46566,M.C.G.,False,True
2016,2016,23,Home & Away,Not applicable,False,Sydney,Richmond,164,51,Sydney,113,Win,Sat,2016-08-27,August,4:35 PM,36570,S.C.G.,False,True
2016,2016,23,Home & Away,Not applicable,False,North Melbourne,Greater Western Sydney,63,100,Greater Western Sydney,37,Win,Sat,2016-08-27,August,7:25 PM,22295,Docklands,False,True
2016,2016,23,Home & Away,Not applicable,False,Gold Coast,Port Adelaide,66,89,Port Adelaide,23,Win,Sat,2016-08-27,August,7:25 PM,9213,Carrara,False,True
2016,2016,23,Home & Away,Not applicable,False,St Kilda,Brisbane Lions,161,103,St Kilda,58,Win,Sun,2016-08-28,August,1:10 PM,19633,Docklands,False,True
2016,2016,23,Home & Away,Not applicable,False,Hawthorn,Collingwood,112,111,Hawthorn,1,Win,Sun,2016-08-28,August,3:20 PM,52968,M.C.G.,False,True
2016,2016,23,Home & Away,Not applicable,False,Fremantle,Western Bulldogs,69,49,Fremantle,20,Win,Sun,2016-08-28,August,2:40 PM,34765,Subiaco,False,True
2016,2016,,Finals,Elimination Final,True,West Coast,Western Bulldogs,52,99,Western Bulldogs,47,Win,Thu,2016-09-08,September,6:10 PM,42078,Subiaco,False,False
2016,2016,,Finals,Qualifying Final,True,Geelong,Hawthorn,85,83,Geelong,2,Win,Fri,2016-09-09,September,7:50 PM,87533,M.C.G.,False,False
2016,2016,,Finals,Qualifying Final,True,Sydney,Greater Western Sydney,55,91,Greater Western Sydney,36,Win,Sat,2016-09-10,September,3:20 PM,60222,Stadium Australia,False,False
2016,2016,,Finals,Elimination Final,True,Adelaide,North Melbourne,141,79,Adelaide,62,Win,Sat,2016-09-10,September,7:10 PM,49007,Adelaide Oval,False,False
2016,2016,,Finals,Semi Final,True,Hawthorn,Western Bulldogs,84,107,Western Bulldogs,23,Win,Fri,2016-09-16,September,7:50 PM,87823,M.C.G.,False,False
2016,2016,,Finals,Semi Final,True,Sydney,Adelaide,118,82,Sydney,36,Win,Sat,2016-09-17,September,7:25 PM,38136,S.C.G.,False,False
2016,2016,,Finals,Preliminary Final,True,Geelong,Sydney,60,97,Sydney,37,Win,Fri,2016-09-23,September,7:50 PM,71772,M.C.G.,False,False
2016,2016,,Finals,Preliminary Final,True,Greater Western Sydney,Western Bulldogs,83,89,Western Bulldogs,6,Win,Sat,2016-09-24,September,5:15 PM,21790,Sydney Showground,False,False
2016,2016,,Finals,Grand Final,True,Sydney,Western Bulldogs,67,89,Western Bulldogs,22,Win,Sat,2016-10-01,October,2:30 PM,99981,M.C.G.,False,False
2017,2017,1,Home & Away,Not applicable,False,Carlton,Richmond,89,132,Richmond,43,Win,Thu,2017-03-23,March,7:20 PM,73137,M.C.G.,False,True
2017,2017,1,Home & Away,Not applicable,False,Collingwood,Western Bulldogs,86,100,Western Bulldogs,14,Win,Fri,2017-03-24,March,7:50 PM,66254,M.C.G.,False,True
2017,2017,1,Home & Away,Not applicable,False,St Kilda,Melbourne,90,120,Melbourne,30,Win,Sat,2017-03-25,March,4:35 PM,36249,Docklands,False,True
2017,2017,1,Home & Away,Not applicable,False,Sydney,Port Adelaide,82,110,Port Adelaide,28,Win,Sat,2017-03-25,March,4:35 PM,33129,S.C.G.,False,True
2017,2017,1,Home & Away,Not applicable,False,Essendon,Hawthorn,116,91,Essendon,25,Win,Sat,2017-03-25,March,7:25 PM,78294,M.C.G.,False,True
2017,2017,1,Home & Away,Not applicable,False,Gold Coast,Brisbane Lions,96,98,Brisbane Lions,2,Win,Sat,2017-03-25,March,7:05 PM,12710,Carrara,False,True
2017,2017,1,Home & Away,Not applicable,False,North Melbourne,West Coast,93,136,West Coast,43,Win,Sun,2017-03-26,March,1:10 PM,21997,Docklands,False,True
2017,2017,1,Home & Away,Not applicable,False,Adelaide,Greater Western Sydney,147,91,Adelaide,56,Win,Sun,2017-03-26,March,2:45 PM,43993,Adelaide Oval,False,True
2017,2017,1,Home & Away,Not applicable,False,Fremantle,Geelong,73,115,Geelong,42,Win,Sun,2017-03-26,March,4:40 PM,34638,Subiaco,False,True
2017,2017,2,Home & Away,Not applicable,False,Richmond,Collingwood,99,80,Richmond,19,Win,Thu,2017-03-30,March,7:20 PM,58236,M.C.G.,False,True
2017,2017,2,Home & Away,Not applicable,False,Western Bulldogs,Sydney,110,87,Western Bulldogs,23,Win,Fri,2017-03-31,March,7:50 PM,42834,Docklands,False,True
2017,2017,2,Home & Away,Not applicable,False,Hawthorn,Adelaide,89,113,Adelaide,24,Win,Sat,2017-04-01,April,1:45 PM,37420,M.C.G.,False,True
2017,2017,2,Home & Away,Not applicable,False,Greater Western Sydney,Gold Coast,160,58,Greater Western Sydney,102,Win,Sat,2017-04-01,April,4:35 PM,8022,Sydney Showground,False,True
2017,2017,2,Home & Away,Not applicable,False,Brisbane Lions,Essendon,84,111,Essendon,27,Win,Sat,2017-04-01,April,6:25 PM,21749,Gabba,False,True
2017,2017,2,Home & Away,Not applicable,False,West Coast,St Kilda,116,97,West Coast,19,Win,Sat,2017-04-01,April,4:40 PM,37749,Subiaco,False,True
2017,2017,2,Home & Away,Not applicable,False,Geelong,North Melbourne,112,111,Geelong,1,Win,Sun,2017-04-02,April,1:10 PM,30917,Docklands,False,True
2017,2017,2,Home & Away,Not applicable,False,Melbourne,Carlton,86,64,Melbourne,22,Win,Sun,2017-04-02,April,3:20 PM,46727,M.C.G.,False,True
2017,2017,2,Home & Away,Not applicable,False,Port Adelaide,Fremantle,145,56,Port Adelaide,89,Win,Sun,2017-04-02,April,4:10 PM,38388,Adelaide Oval,False,True
2017,2017,3,Home & Away,Not applicable,False,Sydney,Collingwood,79,80,Collingwood,1,Win,Fri,2017-04-07,April,7:50 PM,35310,S.C.G.,False,True
2017,2017,3,Home & Away,Not applicable,False,North Melbourne,Greater Western Sydney,67,109,Greater Western Sydney,42,Win,Sat,2017-04-08,April,1:45 PM,8758,Bellerive Oval,False,True
2017,2017,3,Home & Away,Not applicable,False,Richmond,West Coast,76,65,Richmond,11,Win,Sat,2017-04-08,April,2:10 PM,42523,M.C.G.,False,True
2017,2017,3,Home & Away,Not applicable,False,Geelong,Melbourne,126,97,Geelong,29,Win,Sat,2017-04-08,April,4:35 PM,29733,Docklands,False,True
2017,2017,3,Home & Away,Not applicable,False,Fremantle,Western Bulldogs,89,73,Fremantle,16,Win,Sat,2017-04-08,April,5:40 PM,28865,Subiaco,False,True
2017,2017,3,Home & Away,Not applicable,False,Port Adelaide,Adelaide,83,100,Adelaide,17,Win,Sat,2017-04-08,April,7:10 PM,53698,Adelaide Oval,False,True
2017,2017,3,Home & Away,Not applicable,False,St Kilda,Brisbane Lions,107,76,St Kilda,31,Win,Sun,2017-04-09,April,1:10 PM,23097,Docklands,False,True
2017,2017,3,Home & Away,Not applicable,False,Carlton,Essendon,57,42,Carlton,15,Win,Sun,2017-04-09,April,3:20 PM,48022,M.C.G.,False,True
2017,2017,3,Home & Away,Not applicable,False,Gold Coast,Hawthorn,139,53,Gold Coast,86,Win,Sun,2017-04-09,April,4:40 PM,14728,Carrara,False,True
2017,2017,4,Home & Away,Not applicable,False,West Coast,Sydney,91,65,West Coast,26,Win,Thu,2017-04-13,April,6:10 PM,38063,Subiaco,False,True
2017,2017,4,Home & Away,Not applicable,False,North Melbourne,Western Bulldogs,86,89,Western Bulldogs,3,Win,Fri,2017-04-14,April,4:20 PM,42814,Docklands,False,True
2017,2017,4,Home & Away,Not applicable,False,Melbourne,Fremantle,104,106,Fremantle,2,Win,Sat,2017-04-15,April,1:45 PM,27829,M.C.G.,False,True
2017,2017,4,Home & Away,Not applicable,False,Greater Western Sydney,Port Adelaide,112,81,Greater Western Sydney,31,Win,Sat,2017-04-15,April,4:35 PM,9185,Manuka Oval,False,True
2017,2017,4,Home & Away,Not applicable,False,Carlton,Gold Coast,82,108,Gold Coast,26,Win,Sat,2017-04-15,April,7:25 PM,24968,Docklands,False,True
2017,2017,4,Home & Away,Not applicable,False,Adelaide,Essendon,153,88,Adelaide,65,Win,Sat,2017-04-15,April,7:10 PM,47492,Adelaide Oval,False,True
2017,2017,4,Home & Away,Not applicable,False,Collingwood,St Kilda,55,69,St Kilda,14,Win,Sun,2017-04-16,April,3:20 PM,36650,Docklands,False,True
2017,2017,4,Home & Away,Not applicable,False,Brisbane Lions,Richmond,67,119,Richmond,52,Win,Sun,2017-04-16,April,4:40 PM,21669,Gabba,False,True
2017,2017,4,Home & Away,Not applicable,False,Hawthorn,Geelong,48,134,Geelong,86,Win,Mon,2017-04-17,April,3:20 PM,62360,M.C.G.,False,True
2017,2017,5,Home & Away,Not applicable,False,Port Adelaide,Carlton,137,47,Port Adelaide,90,Win,Fri,2017-04-21,April,7:20 PM,43120,Adelaide Oval,False,True
2017,2017,5,Home & Away,Not applicable,False,Western Bulldogs,Brisbane Lions,122,90,Western Bulldogs,32,Win,Sat,2017-04-22,April,1:45 PM,31822,Docklands,False,True
2017,2017,5,Home & Away,Not applicable,False,Gold Coast,Adelaide,86,153,Adelaide,67,Win,Sat,2017-04-22,April,4:35 PM,12672,Carrara,False,True
2017,2017,5,Home & Away,Not applicable,False,Sydney,Greater Western Sydney,63,105,Greater Western Sydney,42,Win,Sat,2017-04-22,April,7:25 PM,34824,S.C.G.,False,True
2017,2017,5,Home & Away,Not applicable,False,Fremantle,North Melbourne,67,62,Fremantle,5,Win,Sat,2017-04-22,April,5:40 PM,33319,Subiaco,False,True
2017,2017,5,Home & Away,Not applicable,False,St Kilda,Geelong,88,126,Geelong,38,Win,Sun,2017-04-23,April,3:20 PM,33884,Docklands,False,True
2017,2017,5,Home & Away,Not applicable,False,Hawthorn,West Coast,125,75,Hawthorn,50,Win,Sun,2017-04-23,April,4:40 PM,28997,M.C.G.,False,True
2017,2017,5,Home & Away,Not applicable,False,Richmond,Melbourne,88,75,Richmond,13,Win,Mon,2017-04-24,April,7:25 PM,85657,M.C.G.,False,True
2017,2017,5,Home & Away,Not applicable,False,Essendon,Collingwood,100,82,Essendon,18,Win,Tue,2017-04-25,April,3:20 PM,87685,M.C.G.,False,True
2017,2017,6,Home & Away,Not applicable,False,Greater Western Sydney,Western Bulldogs,75,73,Greater Western Sydney,2,Win,Fri,2017-04-28,April,7:50 PM,14048,Manuka Oval,False,True
2017,2017,6,Home & Away,Not applicable,False,Hawthorn,St Kilda,55,130,St Kilda,75,Win,Sat,2017-04-29,April,1:45 PM,15571,York Park,False,True
2017,2017,6,Home & Away,Not applicable,False,Carlton,Sydney,97,78,Carlton,19,Win,Sat,2017-04-29,April,2:10 PM,32678,M.C.G.,False,True
2017,2017,6,Home & Away,Not applicable,False,Brisbane Lions,Port Adelaide,67,150,Port Adelaide,83,Win,Sat,2017-04-29,April,4:35 PM,13638,Gabba,False,True
2017,2017,6,Home & Away,Not applicable,False,North Melbourne,Gold Coast,107,94,North Melbourne,13,Win,Sat,2017-04-29,April,7:25 PM,15431,Docklands,False,True
2017,2017,6,Home & Away,Not applicable,False,West Coast,Fremantle,103,62,West Coast,41,Win,Sat,2017-04-29,April,6:10 PM,40836,Subiaco,False,True
2017,2017,6,Home & Away,Not applicable,False,Essendon,Melbourne,74,112,Melbourne,38,Win,Sun,2017-04-30,April,1:10 PM,44040,Docklands,False,True
2017,2017,6,Home & Away,Not applicable,False,Geelong,Collingwood,78,107,Collingwood,29,Win,Sun,2017-04-30,April,3:20 PM,46457,M.C.G.,False,True
2017,2017,6,Home & Away,Not applicable,False,Adelaide,Richmond,140,64,Adelaide,76,Win,Sun,2017-04-30,April,4:10 PM,51069,Adelaide Oval,False,True
2017,2017,7,Home & Away,Not applicable,False,St Kilda,Greater Western Sydney,108,85,St Kilda,23,Win,Fri,2017-05-05,May,7:50 PM,21160,Docklands,False,True
2017,2017,7,Home & Away,Not applicable,False,North Melbourne,Adelaide,145,86,North Melbourne,59,Win,Sat,2017-05-06,May,1:45 PM,10064,Bellerive Oval,False,True
2017,2017,7,Home & Away,Not applicable,False,Collingwood,Carlton,56,79,Carlton,23,Win,Sat,2017-05-06,May,2:10 PM,70279,M.C.G.,False,True
2017,2017,7,Home & Away,Not applicable,False,Port Adelaide,West Coast,87,97,West Coast,10,Win,Sat,2017-05-06,May,4:05 PM,38333,Adelaide Oval,False,True
2017,2017,7,Home & Away,Not applicable,False,Western Bulldogs,Richmond,80,75,Western Bulldogs,5,Win,Sat,2017-05-06,May,7:25 PM,46387,Docklands,False,True
2017,2017,7,Home & Away,Not applicable,False,Gold Coast,Geelong,124,99,Gold Coast,25,Win,Sat,2017-05-06,May,7:25 PM,13648,Carrara,False,True
2017,2017,7,Home & Away,Not applicable,False,Sydney,Brisbane Lions,135,81,Sydney,54,Win,Sun,2017-05-07,May,1:10 PM,25619,S.C.G.,False,True
2017,2017,7,Home & Away,Not applicable,False,Melbourne,Hawthorn,91,94,Hawthorn,3,Win,Sun,2017-05-07,May,3:20 PM,38693,M.C.G.,False,True
2017,2017,7,Home & Away,Not applicable,False,Fremantle,Essendon,116,79,Fremantle,37,Win,Sun,2017-05-07,May,2:40 PM,33393,Subiaco,False,True
2017,2017,8,Home & Away,Not applicable,False,West Coast,Western Bulldogs,69,61,West Coast,8,Win,Fri,2017-05-12,May,6:10 PM,38934,Subiaco,False,True
2017,2017,8,Home & Away,Not applicable,False,Hawthorn,Brisbane Lions,113,75,Hawthorn,38,Win,Sat,2017-05-13,May,1:45 PM,10553,York Park,False,True
2017,2017,8,Home & Away,Not applicable,False,St Kilda,Carlton,85,66,St Kilda,19,Win,Sat,2017-05-13,May,2:10 PM,38014,Docklands,False,True
2017,2017,8,Home & Away,Not applicable,False,Greater Western Sydney,Collingwood,102,99,Greater Western Sydney,3,Win,Sat,2017-05-13,May,4:35 PM,11360,Sydney Showground,False,True
2017,2017,8,Home & Away,Not applicable,False,Essendon,Geelong,110,93,Essendon,17,Win,Sat,2017-05-13,May,7:25 PM,57173,M.C.G.,False,True
2017,2017,8,Home & Away,Not applicable,False,Adelaide,Melbourne,66,107,Melbourne,41,Win,Sat,2017-05-13,May,7:10 PM,47882,Adelaide Oval,False,True
2017,2017,8,Home & Away,Not applicable,False,Richmond,Fremantle,70,72,Fremantle,2,Win,Sun,2017-05-14,May,1:10 PM,31200,M.C.G.,False,True
2017,2017,8,Home & Away,Not applicable,False,Gold Coast,Port Adelaide,38,110,Port Adelaide,72,Win,Sun,2017-05-14,May,1:15 PM,10118,Jiangwan Stadium,False,True
2017,2017,8,Home & Away,Not applicable,False,North Melbourne,Sydney,78,120,Sydney,42,Win,Sun,2017-05-14,May,4:40 PM,21589,Docklands,False,True
2017,2017,9,Home & Away,Not applicable,False,Geelong,Western Bulldogs,104,81,Geelong,23,Win,Fri,2017-05-19,May,7:50 PM,30275,Kardinia Park,False,True
2017,2017,9,Home & Away,Not applicable,False,St Kilda,Sydney,68,118,Sydney,50,Win,Sat,2017-05-20,May,1:45 PM,29778,Docklands,False,True
2017,2017,9,Home & Away,Not applicable,False,Greater Western Sydney,Richmond,78,75,Greater Western Sydney,3,Win,Sat,2017-05-20,May,4:35 PM,10677,Sydney Showground,False,True
2017,2017,9,Home & Away,Not applicable,False,Brisbane Lions,Adelaide,60,140,Adelaide,80,Win,Sat,2017-05-20,May,7:25 PM,13802,Gabba,False,True
2017,2017,9,Home & Away,Not applicable,False,Collingwood,Hawthorn,90,72,Collingwood,18,Win,Sat,2017-05-20,May,7:25 PM,54252,M.C.G.,False,True
2017,2017,9,Home & Away,Not applicable,False,Essendon,West Coast,125,64,Essendon,61,Win,Sun,2017-05-21,May,1:10 PM,36403,Docklands,False,True
2017,2017,9,Home & Away,Not applicable,False,Melbourne,North Melbourne,90,104,North Melbourne,14,Win,Sun,2017-05-21,May,3:20 PM,33218,M.C.G.,False,True
2017,2017,9,Home & Away,Not applicable,False,Fremantle,Carlton,86,51,Fremantle,35,Win,Sun,2017-05-21,May,2:40 PM,30313,Subiaco,False,True
2017,2017,10,Home & Away,Not applicable,False,Geelong,Port Adelaide,81,79,Geelong,2,Win,Thu,2017-05-25,May,7:20 PM,24909,Kardinia Park,False,True
2017,2017,10,Home & Away,Not applicable,False,Sydney,Hawthorn,75,81,Hawthorn,6,Win,Fri,2017-05-26,May,7:50 PM,36221,S.C.G.,False,True
2017,2017,10,Home & Away,Not applicable,False,Western Bulldogs,St Kilda,90,50,Western Bulldogs,40,Win,Sat,2017-05-27,May,1:45 PM,34685,Docklands,False,True
2017,2017,10,Home & Away,Not applicable,False,Melbourne,Gold Coast,122,87,Melbourne,35,Win,Sat,2017-05-27,May,4:05 PM,5072,Traeger Park,False,True
2017,2017,10,Home & Away,Not applicable,False,Richmond,Essendon,81,66,Richmond,15,Win,Sat,2017-05-27,May,7:25 PM,85565,M.C.G.,False,True
2017,2017,10,Home & Away,Not applicable,False,Adelaide,Fremantle,143,43,Adelaide,100,Win,Sat,2017-05-27,May,7:10 PM,42415,Adelaide Oval,False,True
2017,2017,10,Home & Away,Not applicable,False,Collingwood,Brisbane Lions,129,84,Collingwood,45,Win,Sun,2017-05-28,May,1:10 PM,32750,M.C.G.,False,True
2017,2017,10,Home & Away,Not applicable,False,Carlton,North Melbourne,96,113,North Melbourne,17,Win,Sun,2017-05-28,May,3:20 PM,32802,Docklands,False,True
2017,2017,10,Home & Away,Not applicable,False,West Coast,Greater Western Sydney,90,98,Greater Western Sydney,8,Win,Sun,2017-05-28,May,2:40 PM,37057,Subiaco,False,True
2017,2017,11,Home & Away,Not applicable,False,Port Adelaide,Hawthorn,98,47,Port Adelaide,51,Win,Thu,2017-06-01,June,7:20 PM,37910,Adelaide Oval,False,True
2017,2017,11,Home & Away,Not applicable,False,Geelong,Adelaide,96,74,Geelong,22,Win,Fri,2017-06-02,June,7:50 PM,30458,Kardinia Park,False,True
2017,2017,11,Home & Away,Not applicable,False,Gold Coast,West Coast,80,77,Gold Coast,3,Win,Sat,2017-06-03,June,1:45 PM,11402,Carrara,False,True
2017,2017,11,Home & Away,Not applicable,False,Greater Western Sydney,Essendon,117,101,Greater Western Sydney,16,Win,Sat,2017-06-03,June,4:35 PM,13671,Sydney Showground,False,True
2017,2017,11,Home & Away,Not applicable,False,North Melbourne,Richmond,66,101,Richmond,35,Win,Sat,2017-06-03,June,7:25 PM,36100,Docklands,False,True
2017,2017,11,Home & Away,Not applicable,False,Fremantle,Collingwood,85,105,Collingwood,20,Win,Sun,2017-06-04,June,2:40 PM,34259,Subiaco,False,True
2017,2017,12,Home & Away,Not applicable,False,Sydney,Western Bulldogs,88,42,Sydney,46,Win,Thu,2017-06-08,June,7:20 PM,20692,S.C.G.,False,True
2017,2017,12,Home & Away,Not applicable,False,Adelaide,St Kilda,111,54,Adelaide,57,Win,Fri,2017-06-09,June,7:20 PM,46082,Adelaide Oval,False,True
2017,2017,12,Home & Away,Not applicable,False,Hawthorn,Gold Coast,79,95,Gold Coast,16,Win,Sat,2017-06-10,June,1:45 PM,27392,M.C.G.,False,True
2017,2017,12,Home & Away,Not applicable,False,Brisbane Lions,Fremantle,121,64,Brisbane Lions,57,Win,Sat,2017-06-10,June,4:35 PM,11742,Gabba,False,True
2017,2017,12,Home & Away,Not applicable,False,Essendon,Port Adelaide,131,61,Essendon,70,Win,Sat,2017-06-10,June,7:25 PM,34022,Docklands,False,True
2017,2017,12,Home & Away,Not applicable,False,Carlton,Greater Western Sydney,71,70,Carlton,1,Win,Sun,2017-06-11,June,3:20 PM,23194,Docklands,False,True
2017,2017,12,Home & Away,Not applicable,False,Melbourne,Collingwood,104,100,Melbourne,4,Win,Mon,2017-06-12,June,3:20 PM,70926,M.C.G.,False,True
2017,2017,13,Home & Away,Not applicable,False,West Coast,Geelong,83,70,West Coast,13,Win,Thu,2017-06-15,June,6:10 PM,35719,Subiaco,False,True
2017,2017,13,Home & Away,Not applicable,False,North Melbourne,St Kilda,72,89,St Kilda,17,Win,Fri,2017-06-16,June,7:50 PM,26107,Docklands,False,True
2017,2017,13,Home & Away,Not applicable,False,Richmond,Sydney,71,80,Sydney,9,Win,Sat,2017-06-17,June,1:45 PM,58721,M.C.G.,False,True
2017,2017,13,Home & Away,Not applicable,False,Port Adelaide,Brisbane Lions,121,81,Port Adelaide,40,Win,Sat,2017-06-17,June,4:05 PM,31772,Adelaide Oval,False,True
2017,2017,13,Home & Away,Not applicable,False,Gold Coast,Carlton,73,83,Carlton,10,Win,Sat,2017-06-17,June,7:25 PM,11936,Carrara,False,True
2017,2017,13,Home & Away,Not applicable,False,Western Bulldogs,Melbourne,56,113,Melbourne,57,Win,Sun,2017-06-18,June,3:20 PM,33667,Docklands,False,True
2017,2017,14,Home & Away,Not applicable,False,Adelaide,Hawthorn,82,96,Hawthorn,14,Win,Thu,2017-06-22,June,7:20 PM,45312,Adelaide Oval,False,True
2017,2017,14,Home & Away,Not applicable,False,Sydney,Essendon,86,85,Sydney,1,Win,Fri,2017-06-23,June,7:50 PM,34575,S.C.G.,False,True
2017,2017,14,Home & Away,Not applicable,False,Collingwood,Port Adelaide,62,93,Port Adelaide,31,Win,Sat,2017-06-24,June,1:45 PM,35933,M.C.G.,False,True
2017,2017,14,Home & Away,Not applicable,False,Brisbane Lions,Greater Western Sydney,86,146,Greater Western Sydney,60,Win,Sat,2017-06-24,June,4:35 PM,11455,Gabba,False,True
2017,2017,14,Home & Away,Not applicable,False,Western Bulldogs,North Melbourne,107,106,Western Bulldogs,1,Win,Sat,2017-06-24,June,7:25 PM,28263,Docklands,False,True
2017,2017,14,Home & Away,Not applicable,False,West Coast,Melbourne,96,99,Melbourne,3,Win,Sat,2017-06-24,June,5:40 PM,36622,Subiaco,False,True
2017,2017,14,Home & Away,Not applicable,False,Geelong,Fremantle,74,72,Geelong,2,Win,Sun,2017-06-25,June,1:10 PM,29928,Kardinia Park,False,True
2017,2017,14,Home & Away,Not applicable,False,Richmond,Carlton,84,58,Richmond,26,Win,Sun,2017-06-25,June,3:20 PM,64448,M.C.G.,False,True
2017,2017,14,Home & Away,Not applicable,False,St Kilda,Gold Coast,103,72,St Kilda,31,Win,Sun,2017-06-25,June,4:40 PM,16844,Docklands,False,True
2017,2017,15,Home & Away,Not applicable,False,Melbourne,Sydney,50,85,Sydney,35,Win,Fri,2017-06-30,June,7:50 PM,47464,M.C.G.,False,True
2017,2017,15,Home & Away,Not applicable,False,Western Bulldogs,West Coast,80,87,West Coast,7,Win,Sat,2017-07-01,July,1:45 PM,29671,Docklands,False,True
2017,2017,15,Home & Away,Not applicable,False,Carlton,Adelaide,77,89,Adelaide,12,Win,Sat,2017-07-01,July,2:10 PM,33433,M.C.G.,False,True
2017,2017,15,Home & Away,Not applicable,False,Gold Coast,North Melbourne,118,99,Gold Coast,19,Win,Sat,2017-07-01,July,4:35 PM,12779,Carrara,False,True
2017,2017,15,Home & Away,Not applicable,False,Greater Western Sydney,Geelong,68,68,Draw,0,Draw,Sat,2017-07-01,July,7:25 PM,15007,Sydney Showground,False,True
2017,2017,15,Home & Away,Not applicable,False,Port Adelaide,Richmond,63,76,Richmond,13,Win,Sat,2017-07-01,July,7:10 PM,39979,Adelaide Oval,False,True
2017,2017,15,Home & Away,Not applicable,False,Essendon,Brisbane Lions,82,90,Brisbane Lions,8,Win,Sun,2017-07-02,July,1:10 PM,41246,Docklands,False,True
2017,2017,15,Home & Away,Not applicable,False,Hawthorn,Collingwood,118,94,Hawthorn,24,Win,Sun,2017-07-02,July,3:20 PM,56593,M.C.G.,False,True
2017,2017,15,Home & Away,Not applicable,False,Fremantle,St Kilda,80,89,St Kilda,9,Win,Sun,2017-07-02,July,2:40 PM,30541,Subiaco,False,True
2017,2017,16,Home & Away,Not applicable,False,Adelaide,Western Bulldogs,104,45,Adelaide,59,Win,Fri,2017-07-07,July,7:20 PM,41948,Adelaide Oval,False,True
2017,2017,16,Home & Away,Not applicable,False,Hawthorn,Greater Western Sydney,97,97,Draw,0,Draw,Sat,2017-07-08,July,1:45 PM,12156,York Park,False,True
2017,2017,16,Home & Away,Not applicable,False,Collingwood,Essendon,80,117,Essendon,37,Win,Sat,2017-07-08,July,2:10 PM,63537,M.C.G.,False,True
2017,2017,16,Home & Away,Not applicable,False,Sydney,Gold Coast,118,51,Sydney,67,Win,Sat,2017-07-08,July,4:35 PM,32987,S.C.G.,False,True
2017,2017,16,Home & Away,Not applicable,False,Brisbane Lions,Geelong,78,163,Geelong,85,Win,Sat,2017-07-08,July,7:25 PM,18769,Gabba,False,True
2017,2017,16,Home & Away,Not applicable,False,St Kilda,Richmond,138,71,St Kilda,67,Win,Sat,2017-07-08,July,7:25 PM,47514,Docklands,False,True
2017,2017,16,Home & Away,Not applicable,False,North Melbourne,Fremantle,82,86,Fremantle,4,Win,Sun,2017-07-09,July,1:10 PM,19267,Docklands,False,True
2017,2017,16,Home & Away,Not applicable,False,Carlton,Melbourne,82,90,Melbourne,8,Win,Sun,2017-07-09,July,3:20 PM,47266,M.C.G.,False,True
2017,2017,16,Home & Away,Not applicable,False,West Coast,Port Adelaide,88,120,Port Adelaide,32,Win,Sun,2017-07-09,July,2:40 PM,36766,Subiaco,False,True
2017,2017,17,Home & Away,Not applicable,False,St Kilda,Essendon,57,118,Essendon,61,Win,Fri,2017-07-14,July,7:50 PM,47156,Docklands,False,True
2017,2017,17,Home & Away,Not applicable,False,Geelong,Hawthorn,88,85,Geelong,3,Win,Sat,2017-07-15,July,1:45 PM,70345,M.C.G.,False,True
2017,2017,17,Home & Away,Not applicable,False,Port Adelaide,North Melbourne,127,57,Port Adelaide,70,Win,Sat,2017-07-15,July,1:40 PM,34138,Adelaide Oval,False,True
2017,2017,17,Home & Away,Not applicable,False,Gold Coast,Collingwood,88,103,Collingwood,15,Win,Sat,2017-07-15,July,4:35 PM,17275,Carrara,False,True
2017,2017,17,Home & Away,Not applicable,False,Greater Western Sydney,Sydney,83,96,Sydney,13,Win,Sat,2017-07-15,July,7:25 PM,21924,Sydney Showground,False,True
2017,2017,17,Home & Away,Not applicable,False,Melbourne,Adelaide,70,116,Adelaide,46,Win,Sat,2017-07-15,July,7:10 PM,12104,Marrara Oval,False,True
2017,2017,17,Home & Away,Not applicable,False,Richmond,Brisbane Lions,112,81,Richmond,31,Win,Sun,2017-07-16,July,1:10 PM,28188,Docklands,False,True
2017,2017,17,Home & Away,Not applicable,False,Carlton,Western Bulldogs,62,82,Western Bulldogs,20,Win,Sun,2017-07-16,July,3:20 PM,35157,M.C.G.,False,True
2017,2017,17,Home & Away,Not applicable,False,Fremantle,West Coast,44,74,West Coast,30,Win,Sun,2017-07-16,July,2:40 PM,38722,Subiaco,False,True
2017,2017,18,Home & Away,Not applicable,False,Adelaide,Geelong,91,70,Adelaide,21,Win,Fri,2017-07-21,July,7:20 PM,50464,Adelaide Oval,False,True
2017,2017,18,Home & Away,Not applicable,False,Essendon,North Melbourne,132,105,Essendon,27,Win,Sat,2017-07-22,July,1:45 PM,40359,Docklands,False,True
2017,2017,18,Home & Away,Not applicable,False,Melbourne,Port Adelaide,88,65,Melbourne,23,Win,Sat,2017-07-22,July,2:10 PM,27068,M.C.G.,False,True
2017,2017,18,Home & Away,Not applicable,False,Western Bulldogs,Gold Coast,110,56,Western Bulldogs,54,Win,Sat,2017-07-22,July,4:35 PM,9364,Cazaly's Stadium,False,True
2017,2017,18,Home & Away,Not applicable,False,Sydney,St Kilda,101,59,Sydney,42,Win,Sat,2017-07-22,July,7:25 PM,35773,S.C.G.,False,True
2017,2017,18,Home & Away,Not applicable,False,Fremantle,Hawthorn,48,100,Hawthorn,52,Win,Sat,2017-07-22,July,5:40 PM,30818,Subiaco,False,True
2017,2017,18,Home & Away,Not applicable,False,Richmond,Greater Western Sydney,64,45,Richmond,19,Win,Sun,2017-07-23,July,1:10 PM,33467,M.C.G.,False,True
2017,2017,18,Home & Away,Not applicable,False,Collingwood,West Coast,93,85,Collingwood,8,Win,Sun,2017-07-23,July,3:20 PM,22927,Docklands,False,True
2017,2017,18,Home & Away,Not applicable,False,Brisbane Lions,Carlton,112,82,Brisbane Lions,30,Win,Sun,2017-07-23,July,4:40 PM,18847,Gabba,False,True
2017,2017,19,Home & Away,Not applicable,False,Hawthorn,Sydney,72,66,Hawthorn,6,Win,Fri,2017-07-28,July,7:50 PM,52181,M.C.G.,False,True
2017,2017,19,Home & Away,Not applicable,False,North Melbourne,Melbourne,76,72,North Melbourne,4,Win,Sat,2017-07-29,July,1:45 PM,13939,Bellerive Oval,False,True
2017,2017,19,Home & Away,Not applicable,False,Greater Western Sydney,Fremantle,98,86,Greater Western Sydney,12,Win,Sat,2017-07-29,July,2:10 PM,11233,Sydney Showground,False,True
2017,2017,19,Home & Away,Not applicable,False,Port Adelaide,St Kilda,63,61,Port Adelaide,2,Win,Sat,2017-07-29,July,4:05 PM,30335,Adelaide Oval,False,True
2017,2017,19,Home & Away,Not applicable,False,Carlton,Geelong,58,123,Geelong,65,Win,Sat,2017-07-29,July,7:25 PM,35460,Docklands,False,True
2017,2017,19,Home & Away,Not applicable,False,Gold Coast,Richmond,65,98,Richmond,33,Win,Sat,2017-07-29,July,7:25 PM,16207,Carrara,False,True
2017,2017,19,Home & Away,Not applicable,False,Western Bulldogs,Essendon,127,97,Western Bulldogs,30,Win,Sun,2017-07-30,July,1:10 PM,48754,Docklands,False,True
2017,2017,19,Home & Away,Not applicable,False,Collingwood,Adelaide,103,103,Draw,0,Draw,Sun,2017-07-30,July,3:20 PM,33269,M.C.G.,False,True
2017,2017,19,Home & Away,Not applicable,False,West Coast,Brisbane Lions,113,45,West Coast,68,Win,Sun,2017-07-30,July,2:40 PM,32652,Subiaco,False,True
2017,2017,20,Home & Away,Not applicable,False,Geelong,Sydney,61,107,Sydney,46,Win,Fri,2017-08-04,August,7:50 PM,30833,Kardinia Park,False,True
2017,2017,20,Home & Away,Not applicable,False,Greater Western Sydney,Melbourne,97,62,Greater Western Sydney,35,Win,Sat,2017-08-05,August,1:45 PM,14274,Manuka Oval,False,True
2017,2017,20,Home & Away,Not applicable,False,Essendon,Carlton,84,76,Essendon,8,Win,Sat,2017-08-05,August,2:10 PM,58562,M.C.G.,False,True
2017,2017,20,Home & Away,Not applicable,False,Brisbane Lions,Western Bulldogs,89,103,Western Bulldogs,14,Win,Sat,2017-08-05,August,4:35 PM,16148,Gabba,False,True
2017,2017,20,Home & Away,Not applicable,False,North Melbourne,Collingwood,57,111,Collingwood,54,Win,Sat,2017-08-05,August,7:25 PM,33394,Docklands,False,True
2017,2017,20,Home & Away,Not applicable,False,Fremantle,Gold Coast,90,67,Fremantle,23,Win,Sat,2017-08-05,August,5:40 PM,27050,Subiaco,False,True
2017,2017,20,Home & Away,Not applicable,False,St Kilda,West Coast,103,95,St Kilda,8,Win,Sun,2017-08-06,August,1:10 PM,22688,Docklands,False,True
2017,2017,20,Home & Away,Not applicable,False,Richmond,Hawthorn,93,64,Richmond,29,Win,Sun,2017-08-06,August,3:20 PM,58342,M.C.G.,False,True
2017,2017,20,Home & Away,Not applicable,False,Adelaide,Port Adelaide,130,46,Adelaide,84,Win,Sun,2017-08-06,August,4:10 PM,45028,Adelaide Oval,False,True
2017,2017,21,Home & Away,Not applicable,False,Western Bulldogs,Greater Western Sydney,57,105,Greater Western Sydney,48,Win,Fri,2017-08-11,August,7:50 PM,30672,Docklands,False,True
2017,2017,21,Home & Away,Not applicable,False,Sydney,Fremantle,143,39,Sydney,104,Win,Sat,2017-08-12,August,1:45 PM,39281,S.C.G.,False,True
2017,2017,21,Home & Away,Not applicable,False,Geelong,Richmond,80,66,Geelong,14,Win,Sat,2017-08-12,August,2:10 PM,32266,Kardinia Park,False,True
2017,2017,21,Home & Away,Not applicable,False,Brisbane Lions,Gold Coast,142,84,Brisbane Lions,58,Win,Sat,2017-08-12,August,4:35 PM,17772,Gabba,False,True
2017,2017,21,Home & Away,Not applicable,False,Essendon,Adelaide,80,123,Adelaide,43,Win,Sat,2017-08-12,August,7:25 PM,38487,Docklands,False,True
2017,2017,21,Home & Away,Not applicable,False,West Coast,Carlton,100,83,West Coast,17,Win,Sat,2017-08-12,August,5:40 PM,30491,Subiaco,False,True
2017,2017,21,Home & Away,Not applicable,False,Melbourne,St Kilda,96,72,Melbourne,24,Win,Sun,2017-08-13,August,1:10 PM,53115,M.C.G.,False,True
2017,2017,21,Home & Away,Not applicable,False,Hawthorn,North Melbourne,116,89,Hawthorn,27,Win,Sun,2017-08-13,August,3:20 PM,14509,York Park,False,True
2017,2017,21,Home & Away,Not applicable,False,Port Adelaide,Collingwood,98,71,Port Adelaide,27,Win,Sun,2017-08-13,August,4:10 PM,37533,Adelaide Oval,False,True
2017,2017,22,Home & Away,Not applicable,False,Adelaide,Sydney,80,83,Sydney,3,Win,Fri,2017-08-18,August,7:20 PM,51466,Adelaide Oval,False,True
2017,2017,22,Home & Away,Not applicable,False,Western Bulldogs,Port Adelaide,79,96,Port Adelaide,17,Win,Sat,2017-08-19,August,1:45 PM,10087,Eureka Stadium,False,True
2017,2017,22,Home & Away,Not applicable,False,Collingwood,Geelong,59,70,Geelong,11,Win,Sat,2017-08-19,August,2:10 PM,47889,M.C.G.,False,True
2017,2017,22,Home & Away,Not applicable,False,Greater Western Sydney,West Coast,81,60,Greater Western Sydney,21,Win,Sat,2017-08-19,August,4:35 PM,15751,Sydney Showground,False,True
2017,2017,22,Home & Away,Not applicable,False,Carlton,Hawthorn,77,70,Carlton,7,Win,Sat,2017-08-19,August,7:25 PM,35799,Docklands,False,True
2017,2017,22,Home & Away,Not applicable,False,Gold Coast,Essendon,57,90,Essendon,33,Win,Sat,2017-08-19,August,7:25 PM,16817,Carrara,False,True
2017,2017,22,Home & Away,Not applicable,False,Melbourne,Brisbane Lions,104,91,Melbourne,13,Win,Sun,2017-08-20,August,1:10 PM,30422,M.C.G.,False,True
2017,2017,22,Home & Away,Not applicable,False,St Kilda,North Melbourne,127,78,St Kilda,49,Win,Sun,2017-08-20,August,3:20 PM,29126,Docklands,False,True
2017,2017,22,Home & Away,Not applicable,False,Fremantle,Richmond,51,155,Richmond,104,Win,Sun,2017-08-20,August,2:40 PM,34204,Subiaco,False,True
2017,2017,23,Home & Away,Not applicable,False,Hawthorn,Western Bulldogs,99,90,Hawthorn,9,Win,Fri,2017-08-25,August,7:50 PM,48090,Docklands,False,True
2017,2017,23,Home & Away,Not applicable,False,Collingwood,Melbourne,99,83,Collingwood,16,Win,Sat,2017-08-26,August,1:45 PM,51223,M.C.G.,False,True
2017,2017,23,Home & Away,Not applicable,False,Brisbane Lions,North Melbourne,79,130,North Melbourne,51,Win,Sat,2017-08-26,August,2:10 PM,15416,Gabba,False,True
2017,2017,23,Home & Away,Not applicable,False,Sydney,Carlton,138,57,Sydney,81,Win,Sat,2017-08-26,August,4:35 PM,38965,S.C.G.,False,True
2017,2017,23,Home & Away,Not applicable,False,Geelong,Greater Western Sydney,103,59,Geelong,44,Win,Sat,2017-08-26,August,7:25 PM,30087,Kardinia Park,False,True
2017,2017,23,Home & Away,Not applicable,False,Port Adelaide,Gold Coast,135,20,Port Adelaide,115,Win,Sat,2017-08-26,August,7:10 PM,34288,Adelaide Oval,False,True
2017,2017,23,Home & Away,Not applicable,False,Essendon,Fremantle,107,92,Essendon,15,Win,Sun,2017-08-27,August,1:10 PM,42665,Docklands,False,True
2017,2017,23,Home & Away,Not applicable,False,Richmond,St Kilda,122,81,Richmond,41,Win,Sun,2017-08-27,August,3:20 PM,69104,M.C.G.,False,True
2017,2017,23,Home & Away,Not applicable,False,West Coast,Adelaide,100,71,West Coast,29,Win,Sun,2017-08-27,August,2:40 PM,39367,Subiaco,False,True
2017,2017,,Finals,Qualifying Final,True,Adelaide,Greater Western Sydney,84,48,Adelaide,36,Win,Thu,2017-09-07,September,7:20 PM,52805,Adelaide Oval,False,False
2017,2017,,Finals,Qualifying Final,True,Geelong,Richmond,40,91,Richmond,51,Win,Fri,2017-09-08,September,7:50 PM,95028,M.C.G.,False,False
2017,2017,,Finals,Elimination Final,True,Sydney,Essendon,121,56,Sydney,65,Win,Sat,2017-09-09,September,4:20 PM,46323,S.C.G.,False,False
2017,2017,,Finals,Elimination Final,True,Port Adelaide,West Coast,76,78,West Coast,2,Win,Sat,2017-09-09,September,7:20 PM,41172,Adelaide Oval,False,False
2017,2017,,Finals,Semi Final,True,Geelong,Sydney,98,39,Geelong,59,Win,Fri,2017-09-15,September,7:50 PM,55529,M.C.G.,False,False
2017,2017,,Finals,Semi Final,True,Greater Western Sydney,West Coast,125,58,Greater Western Sydney,67,Win,Sat,2017-09-16,September,7:25 PM,14865,Sydney Showground,False,False
2017,2017,,Finals,Preliminary Final,True,Adelaide,Geelong,136,75,Adelaide,61,Win,Fri,2017-09-22,September,7:20 PM,53817,Adelaide Oval,False,False
2017,2017,,Finals,Preliminary Final,True,Richmond,Greater Western Sydney,103,67,Richmond,36,Win,Sat,2017-09-23,September,4:45 PM,94258,M.C.G.,False,False
2017,2017,,Finals,Grand Final,True,Adelaide,Richmond,60,108,Richmond,48,Win,Sat,2017-09-30,September,2:30 PM,100021,M.C.G.,False,False
2018,2018,1,Home & Away,Not applicable,False,Richmond,Carlton,121,95,Richmond,26,Win,Thu,2018-03-22,March,7:25 PM,90151,M.C.G.,False,True
2018,2018,1,Home & Away,Not applicable,False,Essendon,Adelaide,99,87,Essendon,12,Win,Fri,2018-03-23,March,7:50 PM,43016,Docklands,False,True
2018,2018,1,Home & Away,Not applicable,False,St Kilda,Brisbane Lions,107,82,St Kilda,25,Win,Sat,2018-03-24,March,3:35 PM,23731,Docklands,False,True
2018,2018,1,Home & Away,Not applicable,False,Port Adelaide,Fremantle,110,60,Port Adelaide,50,Win,Sat,2018-03-24,March,4:05 PM,38324,Adelaide Oval,False,True
2018,2018,1,Home & Away,Not applicable,False,Gold Coast,North Melbourne,55,39,Gold Coast,16,Win,Sat,2018-03-24,March,6:25 PM,3722,Cazaly's Stadium,False,True
2018,2018,1,Home & Away,Not applicable,False,Hawthorn,Collingwood,101,67,Hawthorn,34,Win,Sat,2018-03-24,March,7:25 PM,58051,M.C.G.,False,True
2018,2018,1,Home & Away,Not applicable,False,Greater Western Sydney,Western Bulldogs,133,51,Greater Western Sydney,82,Win,Sun,2018-03-25,March,1:10 PM,10454,Manuka Oval,False,True
2018,2018,1,Home & Away,Not applicable,False,Melbourne,Geelong,94,97,Geelong,3,Win,Sun,2018-03-25,March,3:20 PM,54112,M.C.G.,False,True
2018,2018,1,Home & Away,Not applicable,False,West Coast,Sydney,86,115,Sydney,29,Win,Sun,2018-03-25,March,4:20 PM,53553,Perth Stadium,False,True
2018,2018,2,Home & Away,Not applicable,False,Adelaide,Richmond,118,82,Adelaide,36,Win,Thu,2018-03-29,March,7:20 PM,49743,Adelaide Oval,False,True
2018,2018,2,Home & Away,Not applicable,False,North Melbourne,St Kilda,95,43,North Melbourne,52,Win,Fri,2018-03-30,March,4:20 PM,33966,Docklands,False,True
2018,2018,2,Home & Away,Not applicable,False,Carlton,Gold Coast,67,101,Gold Coast,34,Win,Sat,2018-03-31,March,1:45 PM,28025,Docklands,False,True
2018,2018,2,Home & Away,Not applicable,False,Collingwood,Greater Western Sydney,79,95,Greater Western Sydney,16,Win,Sat,2018-03-31,March,4:35 PM,30941,M.C.G.,False,True
2018,2018,2,Home & Away,Not applicable,False,Brisbane Lions,Melbourne,74,100,Melbourne,26,Win,Sat,2018-03-31,March,6:25 PM,17141,Gabba,False,True
2018,2018,2,Home & Away,Not applicable,False,Fremantle,Essendon,106,90,Fremantle,16,Win,Sat,2018-03-31,March,5:10 PM,49021,Perth Stadium,False,True
2018,2018,2,Home & Away,Not applicable,False,Western Bulldogs,West Coast,70,121,West Coast,51,Win,Sun,2018-04-01,April,3:20 PM,22868,Docklands,False,True
2018,2018,2,Home & Away,Not applicable,False,Sydney,Port Adelaide,71,94,Port Adelaide,23,Win,Sun,2018-04-01,April,4:40 PM,34636,S.C.G.,False,True
2018,2018,2,Home & Away,Not applicable,False,Geelong,Hawthorn,117,118,Hawthorn,1,Win,Mon,2018-04-02,April,3:20 PM,73189,M.C.G.,False,True
2018,2018,3,Home & Away,Not applicable,False,Carlton,Collingwood,76,100,Collingwood,24,Win,Fri,2018-04-06,April,7:50 PM,68548,M.C.G.,False,True
2018,2018,3,Home & Away,Not applicable,False,Port Adelaide,Brisbane Lions,97,92,Port Adelaide,5,Win,Sat,2018-04-07,April,1:15 PM,36363,Adelaide Oval,False,True
2018,2018,3,Home & Away,Not applicable,False,Melbourne,North Melbourne,123,86,Melbourne,37,Win,Sat,2018-04-07,April,2:10 PM,35518,M.C.G.,False,True
2018,2018,3,Home & Away,Not applicable,False,Gold Coast,Fremantle,68,96,Fremantle,28,Win,Sat,2018-04-07,April,2:35 PM,33388,Perth Stadium,False,True
2018,2018,3,Home & Away,Not applicable,False,St Kilda,Adelaide,55,104,Adelaide,49,Win,Sat,2018-04-07,April,7:25 PM,19324,Docklands,False,True
2018,2018,3,Home & Away,Not applicable,False,Sydney,Greater Western Sydney,103,87,Sydney,16,Win,Sat,2018-04-07,April,7:25 PM,34711,S.C.G.,False,True
2018,2018,3,Home & Away,Not applicable,False,Richmond,Hawthorn,102,89,Richmond,13,Win,Sun,2018-04-08,April,1:10 PM,70701,M.C.G.,False,True
2018,2018,3,Home & Away,Not applicable,False,Western Bulldogs,Essendon,104,83,Western Bulldogs,21,Win,Sun,2018-04-08,April,3:20 PM,40499,Docklands,False,True
2018,2018,3,Home & Away,Not applicable,False,West Coast,Geelong,95,80,West Coast,15,Win,Sun,2018-04-08,April,2:40 PM,54535,Perth Stadium,False,True
2018,2018,4,Home & Away,Not applicable,False,Adelaide,Collingwood,58,106,Collingwood,48,Win,Fri,2018-04-13,April,7:20 PM,45495,Adelaide Oval,False,True
2018,2018,4,Home & Away,Not applicable,False,Greater Western Sydney,Fremantle,82,51,Greater Western Sydney,31,Win,Sat,2018-04-14,April,1:45 PM,11356,Manuka Oval,False,True
2018,2018,4,Home & Away,Not applicable,False,Richmond,Brisbane Lions,110,17,Richmond,93,Win,Sat,2018-04-14,April,2:10 PM,32870,M.C.G.,False,True
2018,2018,4,Home & Away,Not applicable,False,Western Bulldogs,Sydney,79,86,Sydney,7,Win,Sat,2018-04-14,April,4:35 PM,28058,Docklands,False,True
2018,2018,4,Home & Away,Not applicable,False,North Melbourne,Carlton,116,30,North Melbourne,86,Win,Sat,2018-04-14,April,7:25 PM,14266,Bellerive Oval,False,True
2018,2018,4,Home & Away,Not applicable,False,West Coast,Gold Coast,139,59,West Coast,80,Win,Sat,2018-04-14,April,6:10 PM,51774,Perth Stadium,False,True
2018,2018,4,Home & Away,Not applicable,False,Essendon,Port Adelaide,106,84,Essendon,22,Win,Sun,2018-04-15,April,1:10 PM,30900,Docklands,False,True
2018,2018,4,Home & Away,Not applicable,False,Hawthorn,Melbourne,115,48,Hawthorn,67,Win,Sun,2018-04-15,April,3:20 PM,41973,M.C.G.,False,True
2018,2018,4,Home & Away,Not applicable,False,Geelong,St Kilda,103,56,Geelong,47,Win,Sun,2018-04-15,April,4:40 PM,27338,Kardinia Park,False,True
2018,2018,5,Home & Away,Not applicable,False,Sydney,Adelaide,75,85,Adelaide,10,Win,Fri,2018-04-20,April,7:50 PM,38017,S.C.G.,False,True
2018,2018,5,Home & Away,Not applicable,False,St Kilda,Greater Western Sydney,73,73,Draw,0,Draw,Sat,2018-04-21,April,1:45 PM,14956,Docklands,False,True
2018,2018,5,Home & Away,Not applicable,False,Carlton,West Coast,69,79,West Coast,10,Win,Sat,2018-04-21,April,4:35 PM,27900,M.C.G.,False,True
2018,2018,5,Home & Away,Not applicable,False,Port Adelaide,Geelong,50,84,Geelong,34,Win,Sat,2018-04-21,April,7:10 PM,45372,Adelaide Oval,False,True
2018,2018,5,Home & Away,Not applicable,False,Fremantle,Western Bulldogs,108,54,Fremantle,54,Win,Sat,2018-04-21,April,6:15 PM,43056,Perth Stadium,False,True
2018,2018,5,Home & Away,Not applicable,False,North Melbourne,Hawthorn,98,70,North Melbourne,28,Win,Sun,2018-04-22,April,3:20 PM,27981,Docklands,False,True
2018,2018,5,Home & Away,Not applicable,False,Brisbane Lions,Gold Coast,71,76,Gold Coast,5,Win,Sun,2018-04-22,April,4:45 PM,16087,Gabba,False,True
2018,2018,5,Home & Away,Not applicable,False,Melbourne,Richmond,56,102,Richmond,46,Win,Tue,2018-04-24,April,7:25 PM,77071,M.C.G.,False,True
2018,2018,5,Home & Away,Not applicable,False,Collingwood,Essendon,101,52,Collingwood,49,Win,Wed,2018-04-25,April,3:20 PM,91440,M.C.G.,False,True
2018,2018,6,Home & Away,Not applicable,False,Western Bulldogs,Carlton,80,59,Western Bulldogs,21,Win,Fri,2018-04-27,April,7:50 PM,33915,Docklands,False,True
2018,2018,6,Home & Away,Not applicable,False,Geelong,Sydney,69,86,Sydney,17,Win,Sat,2018-04-28,April,1:45 PM,31036,Kardinia Park,False,True
2018,2018,6,Home & Away,Not applicable,False,North Melbourne,Port Adelaide,69,102,Port Adelaide,33,Win,Sat,2018-04-28,April,2:10 PM,17617,Docklands,False,True
2018,2018,6,Home & Away,Not applicable,False,Greater Western Sydney,Brisbane Lions,77,43,Greater Western Sydney,34,Win,Sat,2018-04-28,April,4:35 PM,10046,Sydney Showground,False,True
2018,2018,6,Home & Away,Not applicable,False,Hawthorn,St Kilda,89,54,Hawthorn,35,Win,Sat,2018-04-28,April,7:25 PM,15741,York Park,False,True
2018,2018,6,Home & Away,Not applicable,False,Adelaide,Gold Coast,110,62,Adelaide,48,Win,Sat,2018-04-28,April,7:10 PM,44835,Adelaide Oval,False,True
2018,2018,6,Home & Away,Not applicable,False,Essendon,Melbourne,72,108,Melbourne,36,Win,Sun,2018-04-29,April,1:10 PM,35964,Docklands,False,True
2018,2018,6,Home & Away,Not applicable,False,Collingwood,Richmond,70,113,Richmond,43,Win,Sun,2018-04-29,April,3:20 PM,72157,M.C.G.,False,True
2018,2018,6,Home & Away,Not applicable,False,Fremantle,West Coast,81,89,West Coast,8,Win,Sun,2018-04-29,April,2:40 PM,56521,Perth Stadium,False,True
2018,2018,7,Home & Away,Not applicable,False,Geelong,Greater Western Sydney,93,32,Geelong,61,Win,Fri,2018-05-04,May,7:50 PM,25079,Kardinia Park,False,True
2018,2018,7,Home & Away,Not applicable,False,Western Bulldogs,Gold Coast,81,72,Western Bulldogs,9,Win,Sat,2018-05-05,May,1:45 PM,6833,Eureka Stadium,False,True
2018,2018,7,Home & Away,Not applicable,False,Essendon,Hawthorn,67,90,Hawthorn,23,Win,Sat,2018-05-05,May,2:10 PM,53018,M.C.G.,False,True
2018,2018,7,Home & Away,Not applicable,False,West Coast,Port Adelaide,102,60,West Coast,42,Win,Sat,2018-05-05,May,2:35 PM,50516,Perth Stadium,False,True
2018,2018,7,Home & Away,Not applicable,False,Sydney,North Melbourne,66,68,North Melbourne,2,Win,Sat,2018-05-05,May,7:25 PM,29124,S.C.G.,False,True
2018,2018,7,Home & Away,Not applicable,False,Adelaide,Carlton,125,70,Adelaide,55,Win,Sat,2018-05-05,May,7:10 PM,47422,Adelaide Oval,False,True
2018,2018,7,Home & Away,Not applicable,False,Richmond,Fremantle,110,33,Richmond,77,Win,Sun,2018-05-06,May,1:10 PM,43240,M.C.G.,False,True
2018,2018,7,Home & Away,Not applicable,False,St Kilda,Melbourne,67,106,Melbourne,39,Win,Sun,2018-05-06,May,3:20 PM,25496,Docklands,False,True
2018,2018,7,Home & Away,Not applicable,False,Brisbane Lions,Collingwood,114,121,Collingwood,7,Win,Sun,2018-05-06,May,4:40 PM,21850,Gabba,False,True
2018,2018,8,Home & Away,Not applicable,False,Hawthorn,Sydney,71,79,Sydney,8,Win,Fri,2018-05-11,May,7:50 PM,32784,M.C.G.,False,True
2018,2018,8,Home & Away,Not applicable,False,Greater Western Sydney,West Coast,61,86,West Coast,25,Win,Sat,2018-05-12,May,1:45 PM,9253,Sydney Showground,False,True
2018,2018,8,Home & Away,Not applicable,False,Carlton,Essendon,91,78,Carlton,13,Win,Sat,2018-05-12,May,2:10 PM,44669,M.C.G.,False,True
2018,2018,8,Home & Away,Not applicable,False,Gold Coast,Melbourne,77,146,Melbourne,69,Win,Sat,2018-05-12,May,4:35 PM,6060,Gabba,False,True
2018,2018,8,Home & Away,Not applicable,False,Port Adelaide,Adelaide,95,90,Port Adelaide,5,Win,Sat,2018-05-12,May,4:40 PM,50967,Adelaide Oval,False,True
2018,2018,8,Home & Away,Not applicable,False,Western Bulldogs,Brisbane Lions,107,93,Western Bulldogs,14,Win,Sat,2018-05-12,May,7:25 PM,20865,Docklands,False,True
2018,2018,8,Home & Away,Not applicable,False,Fremantle,St Kilda,89,59,Fremantle,30,Win,Sat,2018-05-12,May,6:10 PM,41752,Perth Stadium,False,True
2018,2018,8,Home & Away,Not applicable,False,North Melbourne,Richmond,72,82,Richmond,10,Win,Sun,2018-05-13,May,1:10 PM,29153,Docklands,False,True
2018,2018,8,Home & Away,Not applicable,False,Collingwood,Geelong,45,66,Geelong,21,Win,Sun,2018-05-13,May,3:20 PM,44602,M.C.G.,False,True
2018,2018,9,Home & Away,Not applicable,False,Adelaide,Western Bulldogs,63,26,Adelaide,37,Win,Fri,2018-05-18,May,7:20 PM,39407,Adelaide Oval,False,True
2018,2018,9,Home & Away,Not applicable,False,North Melbourne,Greater Western Sydney,112,69,North Melbourne,43,Win,Sat,2018-05-19,May,1:45 PM,7194,Bellerive Oval,False,True
2018,2018,9,Home & Away,Not applicable,False,Gold Coast,Port Adelaide,42,82,Port Adelaide,40,Win,Sat,2018-05-19,May,1:15 PM,10689,Jiangwan Stadium,False,True
2018,2018,9,Home & Away,Not applicable,False,Essendon,Geelong,84,50,Essendon,34,Win,Sat,2018-05-19,May,4:35 PM,50228,M.C.G.,False,True
2018,2018,9,Home & Away,Not applicable,False,St Kilda,Collingwood,72,100,Collingwood,28,Win,Sat,2018-05-19,May,7:25 PM,33994,Docklands,False,True
2018,2018,9,Home & Away,Not applicable,False,Sydney,Fremantle,111,52,Sydney,59,Win,Sat,2018-05-19,May,7:25 PM,27481,S.C.G.,False,True
2018,2018,9,Home & Away,Not applicable,False,Carlton,Melbourne,50,159,Melbourne,109,Win,Sun,2018-05-20,May,1:10 PM,44142,M.C.G.,False,True
2018,2018,9,Home & Away,Not applicable,False,Brisbane Lions,Hawthorn,129,73,Brisbane Lions,56,Win,Sun,2018-05-20,May,3:20 PM,20628,Gabba,False,True
2018,2018,9,Home & Away,Not applicable,False,West Coast,Richmond,130,83,West Coast,47,Win,Sun,2018-05-20,May,2:40 PM,57616,Perth Stadium,False,True
2018,2018,10,Home & Away,Not applicable,False,Collingwood,Western Bulldogs,90,55,Collingwood,35,Win,Fri,2018-05-25,May,7:50 PM,37985,Docklands,False,True
2018,2018,10,Home & Away,Not applicable,False,Richmond,St Kilda,105,77,Richmond,28,Win,Sat,2018-05-26,May,1:45 PM,48850,M.C.G.,False,True
2018,2018,10,Home & Away,Not applicable,False,Brisbane Lions,Sydney,49,67,Sydney,18,Win,Sat,2018-05-26,May,4:35 PM,18702,Gabba,False,True
2018,2018,10,Home & Away,Not applicable,False,Geelong,Carlton,73,45,Geelong,28,Win,Sat,2018-05-26,May,7:25 PM,31090,Kardinia Park,False,True
2018,2018,10,Home & Away,Not applicable,False,Greater Western Sydney,Essendon,60,95,Essendon,35,Win,Sat,2018-05-26,May,7:25 PM,10789,Sydney Showground,False,True
2018,2018,10,Home & Away,Not applicable,False,Hawthorn,West Coast,60,75,West Coast,15,Win,Sun,2018-05-27,May,1:10 PM,28077,Docklands,False,True
2018,2018,10,Home & Away,Not applicable,False,Melbourne,Adelaide,146,55,Melbourne,91,Win,Sun,2018-05-27,May,2:50 PM,6989,Traeger Park,False,True
2018,2018,10,Home & Away,Not applicable,False,Fremantle,North Melbourne,58,86,North Melbourne,28,Win,Sun,2018-05-27,May,2:40 PM,37575,Perth Stadium,False,True
2018,2018,11,Home & Away,Not applicable,False,Sydney,Carlton,91,61,Sydney,30,Win,Fri,2018-06-01,June,7:50 PM,27351,S.C.G.,False,True
2018,2018,11,Home & Away,Not applicable,False,Western Bulldogs,Melbourne,51,100,Melbourne,49,Win,Sat,2018-06-02,June,1:45 PM,28485,Docklands,False,True
2018,2018,11,Home & Away,Not applicable,False,Hawthorn,Port Adelaide,64,61,Hawthorn,3,Win,Sat,2018-06-02,June,2:10 PM,13007,York Park,False,True
2018,2018,11,Home & Away,Not applicable,False,Gold Coast,Geelong,36,121,Geelong,85,Win,Sat,2018-06-02,June,4:35 PM,17490,Carrara,False,True
2018,2018,11,Home & Away,Not applicable,False,Essendon,Richmond,43,114,Richmond,71,Win,Sat,2018-06-02,June,7:25 PM,81046,M.C.G.,False,True
2018,2018,11,Home & Away,Not applicable,False,West Coast,St Kilda,101,88,West Coast,13,Win,Sat,2018-06-02,June,6:10 PM,54188,Perth Stadium,False,True
2018,2018,11,Home & Away,Not applicable,False,North Melbourne,Brisbane Lions,141,87,North Melbourne,54,Win,Sun,2018-06-03,June,1:10 PM,22133,Docklands,False,True
2018,2018,11,Home & Away,Not applicable,False,Collingwood,Fremantle,138,77,Collingwood,61,Win,Sun,2018-06-03,June,3:20 PM,34542,M.C.G.,False,True
2018,2018,11,Home & Away,Not applicable,False,Adelaide,Greater Western Sydney,81,97,Greater Western Sydney,16,Win,Sun,2018-06-03,June,4:10 PM,44120,Adelaide Oval,False,True
2018,2018,12,Home & Away,Not applicable,False,Port Adelaide,Richmond,72,58,Port Adelaide,14,Win,Fri,2018-06-08,June,7:20 PM,39936,Adelaide Oval,False,True
2018,2018,12,Home & Away,Not applicable,False,Geelong,North Melbourne,96,59,Geelong,37,Win,Sat,2018-06-09,June,1:45 PM,31265,Kardinia Park,False,True
2018,2018,12,Home & Away,Not applicable,False,Greater Western Sydney,Gold Coast,134,26,Greater Western Sydney,108,Win,Sat,2018-06-09,June,4:35 PM,7131,Sydney Showground,False,True
2018,2018,12,Home & Away,Not applicable,False,St Kilda,Sydney,55,126,Sydney,71,Win,Sat,2018-06-09,June,7:25 PM,27569,Docklands,False,True
2018,2018,12,Home & Away,Not applicable,False,Brisbane Lions,Essendon,62,84,Essendon,22,Win,Sun,2018-06-10,June,1:10 PM,20476,Gabba,False,True
2018,2018,12,Home & Away,Not applicable,False,Fremantle,Adelaide,71,68,Fremantle,3,Win,Sun,2018-06-10,June,2:40 PM,33421,Perth Stadium,False,True
2018,2018,12,Home & Away,Not applicable,False,Melbourne,Collingwood,91,133,Collingwood,42,Win,Mon,2018-06-11,June,3:20 PM,83518,M.C.G.,False,True
2018,2018,13,Home & Away,Not applicable,False,Port Adelaide,Western Bulldogs,132,75,Port Adelaide,57,Win,Thu,2018-06-14,June,7:20 PM,26137,Adelaide Oval,False,True
2018,2018,13,Home & Away,Not applicable,False,Sydney,West Coast,72,57,Sydney,15,Win,Fri,2018-06-15,June,7:50 PM,36402,S.C.G.,False,True
2018,2018,13,Home & Away,Not applicable,False,Carlton,Fremantle,46,103,Fremantle,57,Win,Sat,2018-06-16,June,1:45 PM,21430,Docklands,False,True
2018,2018,13,Home & Away,Not applicable,False,Gold Coast,St Kilda,78,80,St Kilda,2,Win,Sat,2018-06-16,June,4:35 PM,10181,Carrara,False,True
2018,2018,13,Home & Away,Not applicable,False,Hawthorn,Adelaide,88,32,Hawthorn,56,Win,Sat,2018-06-16,June,7:25 PM,26693,M.C.G.,False,True
2018,2018,13,Home & Away,Not applicable,False,Geelong,Richmond,65,83,Richmond,18,Win,Sun,2018-06-17,June,3:20 PM,46423,M.C.G.,False,True
2018,2018,14,Home & Away,Not applicable,False,West Coast,Essendon,52,80,Essendon,28,Win,Thu,2018-06-21,June,6:10 PM,51409,Perth Stadium,False,True
2018,2018,14,Home & Away,Not applicable,False,Port Adelaide,Melbourne,75,65,Port Adelaide,10,Win,Fri,2018-06-22,June,7:20 PM,40751,Adelaide Oval,False,True
2018,2018,14,Home & Away,Not applicable,False,Hawthorn,Gold Coast,96,43,Hawthorn,53,Win,Sat,2018-06-23,June,1:45 PM,9007,York Park,False,True
2018,2018,14,Home & Away,Not applicable,False,Brisbane Lions,Greater Western Sydney,82,109,Greater Western Sydney,27,Win,Sat,2018-06-23,June,4:35 PM,11267,Gabba,False,True
2018,2018,14,Home & Away,Not applicable,False,Western Bulldogs,North Melbourne,75,77,North Melbourne,2,Win,Sat,2018-06-23,June,7:25 PM,26301,Docklands,False,True
2018,2018,14,Home & Away,Not applicable,False,Collingwood,Carlton,79,59,Collingwood,20,Win,Sun,2018-06-24,June,3:20 PM,53706,M.C.G.,False,True
2018,2018,15,Home & Away,Not applicable,False,Richmond,Sydney,93,67,Richmond,26,Win,Thu,2018-06-28,June,7:20 PM,43519,Docklands,False,True
2018,2018,15,Home & Away,Not applicable,False,Western Bulldogs,Geelong,103,101,Western Bulldogs,2,Win,Fri,2018-06-29,June,7:50 PM,29499,Docklands,False,True
2018,2018,15,Home & Away,Not applicable,False,Carlton,Port Adelaide,69,90,Port Adelaide,21,Win,Sat,2018-06-30,June,1:45 PM,26562,M.C.G.,False,True
2018,2018,15,Home & Away,Not applicable,False,Adelaide,West Coast,88,78,Adelaide,10,Win,Sat,2018-06-30,June,4:05 PM,44771,Adelaide Oval,False,True
2018,2018,15,Home & Away,Not applicable,False,Gold Coast,Collingwood,60,99,Collingwood,39,Win,Sat,2018-06-30,June,7:25 PM,13637,Carrara,False,True
2018,2018,15,Home & Away,Not applicable,False,Greater Western Sydney,Hawthorn,95,84,Greater Western Sydney,11,Win,Sat,2018-06-30,June,7:25 PM,10866,Sydney Showground,False,True
2018,2018,15,Home & Away,Not applicable,False,Melbourne,St Kilda,117,119,St Kilda,2,Win,Sun,2018-07-01,July,1:10 PM,38910,M.C.G.,False,True
2018,2018,15,Home & Away,Not applicable,False,Essendon,North Melbourne,125,108,Essendon,17,Win,Sun,2018-07-01,July,3:20 PM,45580,Docklands,False,True
2018,2018,15,Home & Away,Not applicable,False,Fremantle,Brisbane Lions,64,119,Brisbane Lions,55,Win,Sun,2018-07-01,July,2:40 PM,41674,Perth Stadium,False,True
2018,2018,16,Home & Away,Not applicable,False,Sydney,Geelong,59,71,Geelong,12,Win,Thu,2018-07-05,July,7:20 PM,34363,S.C.G.,False,True
2018,2018,16,Home & Away,Not applicable,False,Richmond,Adelaide,103,56,Richmond,47,Win,Fri,2018-07-06,July,7:50 PM,54934,M.C.G.,False,True
2018,2018,16,Home & Away,Not applicable,False,Brisbane Lions,Carlton,120,55,Brisbane Lions,65,Win,Sat,2018-07-07,July,1:45 PM,21074,Gabba,False,True
2018,2018,16,Home & Away,Not applicable,False,Port Adelaide,St Kilda,86,50,Port Adelaide,36,Win,Sat,2018-07-07,July,4:05 PM,36253,Adelaide Oval,False,True
2018,2018,16,Home & Away,Not applicable,False,Western Bulldogs,Hawthorn,59,122,Hawthorn,63,Win,Sat,2018-07-07,July,7:25 PM,35320,Docklands,False,True
2018,2018,16,Home & Away,Not applicable,False,Melbourne,Fremantle,102,48,Melbourne,54,Win,Sat,2018-07-07,July,7:10 PM,8689,Marrara Oval,False,True
2018,2018,16,Home & Away,Not applicable,False,North Melbourne,Gold Coast,95,58,North Melbourne,37,Win,Sun,2018-07-08,July,1:10 PM,14389,Docklands,False,True
2018,2018,16,Home & Away,Not applicable,False,Essendon,Collingwood,62,78,Collingwood,16,Win,Sun,2018-07-08,July,3:20 PM,69868,M.C.G.,False,True
2018,2018,16,Home & Away,Not applicable,False,West Coast,Greater Western Sydney,86,75,West Coast,11,Win,Sun,2018-07-08,July,2:40 PM,52105,Perth Stadium,False,True
2018,2018,17,Home & Away,Not applicable,False,Adelaide,Geelong,112,97,Adelaide,15,Win,Thu,2018-07-12,July,7:20 PM,46095,Adelaide Oval,False,True
2018,2018,17,Home & Away,Not applicable,False,St Kilda,Carlton,116,52,St Kilda,64,Win,Fri,2018-07-13,July,7:50 PM,33780,Docklands,False,True
2018,2018,17,Home & Away,Not applicable,False,Hawthorn,Brisbane Lions,65,98,Brisbane Lions,33,Win,Sat,2018-07-14,July,1:45 PM,12557,York Park,False,True
2018,2018,17,Home & Away,Not applicable,False,Melbourne,Western Bulldogs,119,69,Melbourne,50,Win,Sat,2018-07-14,July,4:35 PM,31053,M.C.G.,False,True
2018,2018,17,Home & Away,Not applicable,False,Gold Coast,Essendon,51,95,Essendon,44,Win,Sat,2018-07-14,July,7:25 PM,13061,Carrara,False,True
2018,2018,17,Home & Away,Not applicable,False,Greater Western Sydney,Richmond,79,77,Greater Western Sydney,2,Win,Sat,2018-07-14,July,7:25 PM,14456,Sydney Showground,False,True
2018,2018,17,Home & Away,Not applicable,False,Collingwood,West Coast,67,102,West Coast,35,Win,Sun,2018-07-15,July,1:10 PM,53439,M.C.G.,False,True
2018,2018,17,Home & Away,Not applicable,False,North Melbourne,Sydney,98,104,Sydney,6,Win,Sun,2018-07-15,July,3:20 PM,25633,Docklands,False,True
2018,2018,17,Home & Away,Not applicable,False,Fremantle,Port Adelaide,59,50,Fremantle,9,Win,Sun,2018-07-15,July,2:40 PM,33190,Perth Stadium,False,True
2018,2018,18,Home & Away,Not applicable,False,St Kilda,Richmond,57,111,Richmond,54,Win,Fri,2018-07-20,July,7:50 PM,36269,Docklands,False,True
2018,2018,18,Home & Away,Not applicable,False,Collingwood,North Melbourne,130,64,Collingwood,66,Win,Sat,2018-07-21,July,1:45 PM,50393,M.C.G.,False,True
2018,2018,18,Home & Away,Not applicable,False,Sydney,Gold Coast,64,88,Gold Coast,24,Win,Sat,2018-07-21,July,2:10 PM,32565,S.C.G.,False,True
2018,2018,18,Home & Away,Not applicable,False,Essendon,Fremantle,99,70,Essendon,29,Win,Sat,2018-07-21,July,4:35 PM,31564,Docklands,False,True
2018,2018,18,Home & Away,Not applicable,False,Brisbane Lions,Adelaide,88,93,Adelaide,5,Win,Sat,2018-07-21,July,7:25 PM,20475,Gabba,False,True
2018,2018,18,Home & Away,Not applicable,False,Geelong,Melbourne,100,98,Geelong,2,Win,Sat,2018-07-21,July,7:25 PM,30125,Kardinia Park,False,True
2018,2018,18,Home & Away,Not applicable,False,Carlton,Hawthorn,52,124,Hawthorn,72,Win,Sun,2018-07-22,July,1:10 PM,30405,Docklands,False,True
2018,2018,18,Home & Away,Not applicable,False,West Coast,Western Bulldogs,100,46,West Coast,54,Win,Sun,2018-07-22,July,1:20 PM,46854,Perth Stadium,False,True
2018,2018,18,Home & Away,Not applicable,False,Port Adelaide,Greater Western Sydney,58,80,Greater Western Sydney,22,Win,Sun,2018-07-22,July,4:10 PM,34693,Adelaide Oval,False,True
2018,2018,19,Home & Away,Not applicable,False,Essendon,Sydney,109,66,Essendon,43,Win,Fri,2018-07-27,July,7:50 PM,42251,Docklands,False,True
2018,2018,19,Home & Away,Not applicable,False,Richmond,Collingwood,105,77,Richmond,28,Win,Sat,2018-07-28,July,1:45 PM,88180,M.C.G.,False,True
2018,2018,19,Home & Away,Not applicable,False,Geelong,Brisbane Lions,120,78,Geelong,42,Win,Sat,2018-07-28,July,2:10 PM,28226,Kardinia Park,False,True
2018,2018,19,Home & Away,Not applicable,False,Greater Western Sydney,St Kilda,86,61,Greater Western Sydney,25,Win,Sat,2018-07-28,July,4:35 PM,12014,Sydney Showground,False,True
2018,2018,19,Home & Away,Not applicable,False,Gold Coast,Carlton,44,79,Carlton,35,Win,Sat,2018-07-28,July,7:25 PM,10776,Carrara,False,True
2018,2018,19,Home & Away,Not applicable,False,Adelaide,Melbourne,77,90,Melbourne,13,Win,Sat,2018-07-28,July,7:10 PM,45880,Adelaide Oval,False,True
2018,2018,19,Home & Away,Not applicable,False,North Melbourne,West Coast,81,41,North Melbourne,40,Win,Sun,2018-07-29,July,1:10 PM,11176,Bellerive Oval,False,True
2018,2018,19,Home & Away,Not applicable,False,Western Bulldogs,Port Adelaide,34,78,Port Adelaide,44,Win,Sun,2018-07-29,July,3:20 PM,6450,Eureka Stadium,False,True
2018,2018,19,Home & Away,Not applicable,False,Fremantle,Hawthorn,53,112,Hawthorn,59,Win,Sun,2018-07-29,July,2:40 PM,41845,Perth Stadium,False,True
2018,2018,20,Home & Away,Not applicable,False,Richmond,Geelong,85,82,Richmond,3,Win,Fri,2018-08-03,August,7:50 PM,67054,M.C.G.,False,True
2018,2018,20,Home & Away,Not applicable,False,Hawthorn,Essendon,107,103,Hawthorn,4,Win,Sat,2018-08-04,August,1:45 PM,68857,M.C.G.,False,True
2018,2018,20,Home & Away,Not applicable,False,Brisbane Lions,North Melbourne,104,107,North Melbourne,3,Win,Sat,2018-08-04,August,2:10 PM,18395,Gabba,False,True
2018,2018,20,Home & Away,Not applicable,False,Adelaide,Port Adelaide,96,93,Adelaide,3,Win,Sat,2018-08-04,August,4:05 PM,50377,Adelaide Oval,False,True
2018,2018,20,Home & Away,Not applicable,False,Sydney,Collingwood,73,71,Sydney,2,Win,Sat,2018-08-04,August,7:25 PM,39238,S.C.G.,False,True
2018,2018,20,Home & Away,Not applicable,False,St Kilda,Western Bulldogs,68,103,Western Bulldogs,35,Win,Sat,2018-08-04,August,7:25 PM,20748,Docklands,False,True
2018,2018,20,Home & Away,Not applicable,False,Carlton,Greater Western Sydney,46,151,Greater Western Sydney,105,Win,Sun,2018-08-05,August,1:10 PM,16697,Docklands,False,True
2018,2018,20,Home & Away,Not applicable,False,Melbourne,Gold Coast,143,47,Melbourne,96,Win,Sun,2018-08-05,August,3:20 PM,23072,M.C.G.,False,True
2018,2018,20,Home & Away,Not applicable,False,West Coast,Fremantle,142,84,West Coast,58,Win,Sun,2018-08-05,August,2:40 PM,57375,Perth Stadium,False,True
2018,2018,21,Home & Away,Not applicable,False,Essendon,St Kilda,122,79,Essendon,43,Win,Fri,2018-08-10,August,7:50 PM,37483,Docklands,False,True
2018,2018,21,Home & Away,Not applicable,False,Hawthorn,Geelong,71,60,Hawthorn,11,Win,Sat,2018-08-11,August,1:45 PM,59529,M.C.G.,False,True
2018,2018,21,Home & Away,Not applicable,False,Gold Coast,Richmond,51,125,Richmond,74,Win,Sat,2018-08-11,August,2:10 PM,18102,Carrara,False,True
2018,2018,21,Home & Away,Not applicable,False,Port Adelaide,West Coast,58,62,West Coast,4,Win,Sat,2018-08-11,August,4:05 PM,32534,Adelaide Oval,False,True
2018,2018,21,Home & Away,Not applicable,False,Greater Western Sydney,Adelaide,106,92,Greater Western Sydney,14,Win,Sat,2018-08-11,August,7:25 PM,13249,Manuka Oval,False,True
2018,2018,21,Home & Away,Not applicable,False,Collingwood,Brisbane Lions,104,73,Collingwood,31,Win,Sat,2018-08-11,August,7:25 PM,33390,Docklands,False,True
2018,2018,21,Home & Away,Not applicable,False,North Melbourne,Western Bulldogs,85,92,Western Bulldogs,7,Win,Sun,2018-08-12,August,1:10 PM,27031,Docklands,False,True
2018,2018,21,Home & Away,Not applicable,False,Melbourne,Sydney,78,87,Sydney,9,Win,Sun,2018-08-12,August,3:20 PM,51424,M.C.G.,False,True
2018,2018,21,Home & Away,Not applicable,False,Fremantle,Carlton,101,72,Fremantle,29,Win,Sun,2018-08-12,August,2:40 PM,40028,Perth Stadium,False,True
2018,2018,22,Home & Away,Not applicable,False,Richmond,Essendon,81,73,Richmond,8,Win,Fri,2018-08-17,August,7:50 PM,76424,M.C.G.,False,True
2018,2018,22,Home & Away,Not applicable,False,Collingwood,Port Adelaide,115,64,Collingwood,51,Win,Sat,2018-08-18,August,1:45 PM,46286,M.C.G.,False,True
2018,2018,22,Home & Away,Not applicable,False,Geelong,Fremantle,158,25,Geelong,133,Win,Sat,2018-08-18,August,2:10 PM,24507,Kardinia Park,False,True
2018,2018,22,Home & Away,Not applicable,False,Greater Western Sydney,Sydney,60,80,Sydney,20,Win,Sat,2018-08-18,August,4:35 PM,21433,Sydney Showground,False,True
2018,2018,22,Home & Away,Not applicable,False,St Kilda,Hawthorn,76,80,Hawthorn,4,Win,Sat,2018-08-18,August,7:25 PM,24795,Docklands,False,True
2018,2018,22,Home & Away,Not applicable,False,Gold Coast,Brisbane Lions,74,78,Brisbane Lions,4,Win,Sat,2018-08-18,August,7:25 PM,11907,Carrara,False,True
2018,2018,22,Home & Away,Not applicable,False,Carlton,Western Bulldogs,49,66,Western Bulldogs,17,Win,Sun,2018-08-19,August,1:10 PM,24143,Docklands,False,True
2018,2018,22,Home & Away,Not applicable,False,West Coast,Melbourne,91,108,Melbourne,17,Win,Sun,2018-08-19,August,1:20 PM,55824,Perth Stadium,False,True
2018,2018,22,Home & Away,Not applicable,False,Adelaide,North Melbourne,86,77,Adelaide,9,Win,Sun,2018-08-19,August,4:10 PM,41444,Adelaide Oval,False,True
2018,2018,23,Home & Away,Not applicable,False,Port Adelaide,Essendon,89,111,Essendon,22,Win,Fri,2018-08-24,August,7:20 PM,39168,Adelaide Oval,False,True
2018,2018,23,Home & Away,Not applicable,False,Geelong,Gold Coast,142,40,Geelong,102,Win,Sat,2018-08-25,August,1:45 PM,28004,Kardinia Park,False,True
2018,2018,23,Home & Away,Not applicable,False,Richmond,Western Bulldogs,98,95,Richmond,3,Win,Sat,2018-08-25,August,2:10 PM,56998,M.C.G.,False,True
2018,2018,23,Home & Away,Not applicable,False,Fremantle,Collingwood,67,76,Collingwood,9,Win,Sat,2018-08-25,August,2:35 PM,41320,Perth Stadium,False,True
2018,2018,23,Home & Away,Not applicable,False,Carlton,Adelaide,61,165,Adelaide,104,Win,Sat,2018-08-25,August,7:25 PM,17000,Docklands,False,True
2018,2018,23,Home & Away,Not applicable,False,Sydney,Hawthorn,74,83,Hawthorn,9,Win,Sat,2018-08-25,August,7:25 PM,39660,S.C.G.,False,True
2018,2018,23,Home & Away,Not applicable,False,Brisbane Lions,West Coast,72,98,West Coast,26,Win,Sun,2018-08-26,August,1:10 PM,16367,Gabba,False,True
2018,2018,23,Home & Away,Not applicable,False,Melbourne,Greater Western Sydney,102,57,Melbourne,45,Win,Sun,2018-08-26,August,3:20 PM,37285,M.C.G.,False,True
2018,2018,23,Home & Away,Not applicable,False,St Kilda,North Melbourne,94,117,North Melbourne,23,Win,Sun,2018-08-26,August,4:40 PM,19866,Docklands,False,True
2018,2018,,Finals,Qualifying Final,True,Richmond,Hawthorn,95,64,Richmond,31,Win,Thu,2018-09-06,September,7:20 PM,91446,M.C.G.,False,False
2018,2018,,Finals,Elimination Final,True,Melbourne,Geelong,75,46,Melbourne,29,Win,Fri,2018-09-07,September,7:50 PM,91767,M.C.G.,False,False
2018,2018,,Finals,Elimination Final,True,Sydney,Greater Western Sydney,30,79,Greater Western Sydney,49,Win,Sat,2018-09-08,September,4:20 PM,40350,S.C.G.,False,False
2018,2018,,Finals,Qualifying Final,True,West Coast,Collingwood,86,70,West Coast,16,Win,Sat,2018-09-08,September,6:10 PM,59585,Perth Stadium,False,False
2018,2018,,Finals,Semi Final,True,Hawthorn,Melbourne,71,104,Melbourne,33,Win,Fri,2018-09-14,September,7:50 PM,90152,M.C.G.,False,False
2018,2018,,Finals,Semi Final,True,Collingwood,Greater Western Sydney,69,59,Collingwood,10,Win,Sat,2018-09-15,September,7:25 PM,72504,M.C.G.,False,False
2018,2018,,Finals,Preliminary Final,True,Richmond,Collingwood,58,97,Collingwood,39,Win,Fri,2018-09-21,September,7:50 PM,94959,M.C.G.,False,False
2018,2018,,Finals,Preliminary Final,True,West Coast,Melbourne,121,55,West Coast,66,Win,Sat,2018-09-22,September,1:20 PM,59608,Perth Stadium,False,False
2018,2018,,Finals,Grand Final,True,West Coast,Collingwood,79,74,West Coast,5,Win,Sat,2018-09-29,September,2:30 PM,100022,M.C.G.,False,False
2019,2019,1,Home & Away,Not applicable,False,Carlton,Richmond,64,97,Richmond,33,Win,Thu,2019-03-21,March,7:25 PM,85016,M.C.G.,False,True
2019,2019,1,Home & Away,Not applicable,False,Collingwood,Geelong,65,72,Geelong,7,Win,Fri,2019-03-22,March,7:50 PM,78017,M.C.G.,False,True
2019,2019,1,Home & Away,Not applicable,False,Melbourne,Port Adelaide,61,87,Port Adelaide,26,Win,Sat,2019-03-23,March,1:45 PM,38866,M.C.G.,False,True
2019,2019,1,Home & Away,Not applicable,False,Adelaide,Hawthorn,55,87,Hawthorn,32,Win,Sat,2019-03-23,March,4:05 PM,50180,Adelaide Oval,False,True
2019,2019,1,Home & Away,Not applicable,False,Western Bulldogs,Sydney,82,65,Western Bulldogs,17,Win,Sat,2019-03-23,March,7:25 PM,32303,Docklands,False,True
2019,2019,1,Home & Away,Not applicable,False,Brisbane Lions,West Coast,102,58,Brisbane Lions,44,Win,Sat,2019-03-23,March,7:20 PM,20029,Gabba,False,True
2019,2019,1,Home & Away,Not applicable,False,St Kilda,Gold Coast,85,84,St Kilda,1,Win,Sun,2019-03-24,March,1:10 PM,20291,Docklands,False,True
2019,2019,1,Home & Away,Not applicable,False,Greater Western Sydney,Essendon,112,40,Greater Western Sydney,72,Win,Sun,2019-03-24,March,3:20 PM,15424,Sydney Showground,False,True
2019,2019,1,Home & Away,Not applicable,False,Fremantle,North Melbourne,141,59,Fremantle,82,Win,Sun,2019-03-24,March,3:20 PM,40033,Perth Stadium,False,True
2019,2019,2,Home & Away,Not applicable,False,Richmond,Collingwood,66,110,Collingwood,44,Win,Thu,2019-03-28,March,7:20 PM,70699,M.C.G.,False,True
2019,2019,2,Home & Away,Not applicable,False,Sydney,Adelaide,62,88,Adelaide,26,Win,Fri,2019-03-29,March,7:50 PM,32575,S.C.G.,False,True
2019,2019,2,Home & Away,Not applicable,False,Essendon,St Kilda,65,76,St Kilda,11,Win,Sat,2019-03-30,March,4:35 PM,44252,Docklands,False,True
2019,2019,2,Home & Away,Not applicable,False,Port Adelaide,Carlton,88,72,Port Adelaide,16,Win,Sat,2019-03-30,March,4:40 PM,41552,Adelaide Oval,False,True
2019,2019,2,Home & Away,Not applicable,False,Geelong,Melbourne,126,46,Geelong,80,Win,Sat,2019-03-30,March,7:25 PM,27561,Kardinia Park,False,True
2019,2019,2,Home & Away,Not applicable,False,West Coast,Greater Western Sydney,104,52,West Coast,52,Win,Sat,2019-03-30,March,5:10 PM,54985,Perth Stadium,False,True
2019,2019,2,Home & Away,Not applicable,False,North Melbourne,Brisbane Lions,87,107,Brisbane Lions,20,Win,Sun,2019-03-31,March,1:10 PM,23100,Docklands,False,True
2019,2019,2,Home & Away,Not applicable,False,Hawthorn,Western Bulldogs,87,106,Western Bulldogs,19,Win,Sun,2019-03-31,March,3:20 PM,39368,M.C.G.,False,True
2019,2019,2,Home & Away,Not applicable,False,Gold Coast,Fremantle,61,58,Gold Coast,3,Win,Sun,2019-03-31,March,3:40 PM,10119,Carrara,False,True
2019,2019,3,Home & Away,Not applicable,False,Adelaide,Geelong,75,99,Geelong,24,Win,Thu,2019-04-04,April,7:20 PM,45631,Adelaide Oval,False,True
2019,2019,3,Home & Away,Not applicable,False,Melbourne,Essendon,112,130,Essendon,18,Win,Fri,2019-04-05,April,7:50 PM,52475,M.C.G.,False,True
2019,2019,3,Home & Away,Not applicable,False,Carlton,Sydney,74,93,Sydney,19,Win,Sat,2019-04-06,April,1:45 PM,39290,Docklands,False,True
2019,2019,3,Home & Away,Not applicable,False,Greater Western Sydney,Richmond,125,76,Greater Western Sydney,49,Win,Sat,2019-04-06,April,4:35 PM,12697,Sydney Showground,False,True
2019,2019,3,Home & Away,Not applicable,False,Brisbane Lions,Port Adelaide,107,90,Brisbane Lions,17,Win,Sat,2019-04-06,April,6:25 PM,19958,Gabba,False,True
2019,2019,3,Home & Away,Not applicable,False,Collingwood,West Coast,76,98,West Coast,22,Win,Sat,2019-04-06,April,7:25 PM,60878,M.C.G.,False,True
2019,2019,3,Home & Away,Not applicable,False,Western Bulldogs,Gold Coast,68,73,Gold Coast,5,Win,Sun,2019-04-07,April,2:20 PM,22499,Docklands,False,True
2019,2019,3,Home & Away,Not applicable,False,Hawthorn,North Melbourne,87,71,Hawthorn,16,Win,Sun,2019-04-07,April,3:20 PM,36174,M.C.G.,False,True
2019,2019,3,Home & Away,Not applicable,False,Fremantle,St Kilda,71,66,Fremantle,5,Win,Sun,2019-04-07,April,3:20 PM,38227,Perth Stadium,False,True
2019,2019,4,Home & Away,Not applicable,False,Sydney,Melbourne,78,100,Melbourne,22,Win,Thu,2019-04-11,April,7:20 PM,26669,S.C.G.,False,True
2019,2019,4,Home & Away,Not applicable,False,Collingwood,Western Bulldogs,78,64,Collingwood,14,Win,Fri,2019-04-12,April,7:50 PM,59257,M.C.G.,False,True
2019,2019,4,Home & Away,Not applicable,False,Geelong,Greater Western Sydney,75,79,Greater Western Sydney,4,Win,Sat,2019-04-13,April,1:45 PM,28780,Kardinia Park,False,True
2019,2019,4,Home & Away,Not applicable,False,Essendon,Brisbane Lions,112,65,Essendon,47,Win,Sat,2019-04-13,April,2:10 PM,48289,M.C.G.,False,True
2019,2019,4,Home & Away,Not applicable,False,Port Adelaide,Richmond,92,99,Richmond,7,Win,Sat,2019-04-13,April,4:05 PM,38864,Adelaide Oval,False,True
2019,2019,4,Home & Away,Not applicable,False,North Melbourne,Adelaide,71,59,North Melbourne,12,Win,Sat,2019-04-13,April,7:25 PM,17207,Docklands,False,True
2019,2019,4,Home & Away,Not applicable,False,West Coast,Fremantle,69,56,West Coast,13,Win,Sat,2019-04-13,April,6:10 PM,58219,Perth Stadium,False,True
2019,2019,4,Home & Away,Not applicable,False,Gold Coast,Carlton,59,57,Gold Coast,2,Win,Sun,2019-04-14,April,2:40 PM,14176,Carrara,False,True
2019,2019,4,Home & Away,Not applicable,False,St Kilda,Hawthorn,74,69,St Kilda,5,Win,Sun,2019-04-14,April,3:20 PM,35883,Docklands,False,True
2019,2019,5,Home & Away,Not applicable,False,Brisbane Lions,Collingwood,61,123,Collingwood,62,Win,Thu,2019-04-18,April,7:35 PM,34017,Gabba,False,True
2019,2019,5,Home & Away,Not applicable,False,North Melbourne,Essendon,58,116,Essendon,58,Win,Fri,2019-04-19,April,4:20 PM,48278,Docklands,False,True
2019,2019,5,Home & Away,Not applicable,False,West Coast,Port Adelaide,53,95,Port Adelaide,42,Win,Fri,2019-04-19,April,6:10 PM,49290,Perth Stadium,False,True
2019,2019,5,Home & Away,Not applicable,False,Greater Western Sydney,Fremantle,82,106,Fremantle,24,Win,Sat,2019-04-20,April,1:45 PM,11277,Manuka Oval,False,True
2019,2019,5,Home & Away,Not applicable,False,Melbourne,St Kilda,55,95,St Kilda,40,Win,Sat,2019-04-20,April,4:35 PM,35558,M.C.G.,False,True
2019,2019,5,Home & Away,Not applicable,False,Richmond,Sydney,89,67,Richmond,22,Win,Sat,2019-04-20,April,7:25 PM,40053,Docklands,False,True
2019,2019,5,Home & Away,Not applicable,False,Western Bulldogs,Carlton,57,101,Carlton,44,Win,Sun,2019-04-21,April,1:10 PM,35069,Docklands,False,True
2019,2019,5,Home & Away,Not applicable,False,Adelaide,Gold Coast,119,46,Adelaide,73,Win,Sun,2019-04-21,April,4:10 PM,40847,Adelaide Oval,False,True
2019,2019,5,Home & Away,Not applicable,False,Hawthorn,Geelong,90,113,Geelong,23,Win,Mon,2019-04-22,April,3:20 PM,66347,M.C.G.,False,True
2019,2019,6,Home & Away,Not applicable,False,Richmond,Melbourne,85,42,Richmond,43,Win,Wed,2019-04-24,April,7:35 PM,72704,M.C.G.,False,True
2019,2019,6,Home & Away,Not applicable,False,Essendon,Collingwood,69,73,Collingwood,4,Win,Thu,2019-04-25,April,3:20 PM,92241,M.C.G.,False,True
2019,2019,6,Home & Away,Not applicable,False,Port Adelaide,North Melbourne,88,72,Port Adelaide,16,Win,Fri,2019-04-26,April,7:20 PM,36099,Adelaide Oval,False,True
2019,2019,6,Home & Away,Not applicable,False,Gold Coast,Brisbane Lions,62,111,Brisbane Lions,49,Win,Sat,2019-04-27,April,1:45 PM,13694,Carrara,False,True
2019,2019,6,Home & Away,Not applicable,False,St Kilda,Adelaide,68,97,Adelaide,29,Win,Sat,2019-04-27,April,4:35 PM,28404,Docklands,False,True
2019,2019,6,Home & Away,Not applicable,False,Sydney,Greater Western Sydney,79,120,Greater Western Sydney,41,Win,Sat,2019-04-27,April,7:25 PM,29780,S.C.G.,False,True
2019,2019,6,Home & Away,Not applicable,False,Fremantle,Western Bulldogs,88,69,Fremantle,19,Win,Sat,2019-04-27,April,6:10 PM,43732,Perth Stadium,False,True
2019,2019,6,Home & Away,Not applicable,False,Hawthorn,Carlton,93,88,Hawthorn,5,Win,Sun,2019-04-28,April,3:20 PM,15888,York Park,False,True
2019,2019,6,Home & Away,Not applicable,False,Geelong,West Coast,104,46,Geelong,58,Win,Sun,2019-04-28,April,4:40 PM,28085,Kardinia Park,False,True
2019,2019,7,Home & Away,Not applicable,False,Collingwood,Port Adelaide,108,69,Collingwood,39,Win,Fri,2019-05-03,May,7:50 PM,37559,Docklands,False,True
2019,2019,7,Home & Away,Not applicable,False,Melbourne,Hawthorn,79,74,Melbourne,5,Win,Sat,2019-05-04,May,1:45 PM,40864,M.C.G.,False,True
2019,2019,7,Home & Away,Not applicable,False,Greater Western Sydney,St Kilda,114,70,Greater Western Sydney,44,Win,Sat,2019-05-04,May,1:45 PM,12633,Manuka Oval,False,True
2019,2019,7,Home & Away,Not applicable,False,Brisbane Lions,Sydney,103,81,Brisbane Lions,22,Win,Sat,2019-05-04,May,4:35 PM,20075,Gabba,False,True
2019,2019,7,Home & Away,Not applicable,False,Western Bulldogs,Richmond,99,52,Western Bulldogs,47,Win,Sat,2019-05-04,May,7:25 PM,36151,Docklands,False,True
2019,2019,7,Home & Away,Not applicable,False,West Coast,Gold Coast,80,57,West Coast,23,Win,Sat,2019-05-04,May,6:10 PM,47497,Perth Stadium,False,True
2019,2019,7,Home & Away,Not applicable,False,Carlton,North Melbourne,62,120,North Melbourne,58,Win,Sun,2019-05-05,May,1:10 PM,42430,Docklands,False,True
2019,2019,7,Home & Away,Not applicable,False,Geelong,Essendon,86,54,Geelong,32,Win,Sun,2019-05-05,May,3:20 PM,63527,M.C.G.,False,True
2019,2019,7,Home & Away,Not applicable,False,Adelaide,Fremantle,51,34,Adelaide,17,Win,Sun,2019-05-05,May,4:10 PM,42383,Adelaide Oval,False,True
2019,2019,8,Home & Away,Not applicable,False,Sydney,Essendon,77,72,Sydney,5,Win,Fri,2019-05-10,May,7:50 PM,26502,S.C.G.,False,True
2019,2019,8,Home & Away,Not applicable,False,Carlton,Collingwood,87,106,Collingwood,19,Win,Sat,2019-05-11,May,1:45 PM,69289,M.C.G.,False,True
2019,2019,8,Home & Away,Not applicable,False,Western Bulldogs,Brisbane Lions,92,76,Western Bulldogs,16,Win,Sat,2019-05-11,May,1:45 PM,9039,Eureka Stadium,False,True
2019,2019,8,Home & Away,Not applicable,False,Gold Coast,Melbourne,60,61,Melbourne,1,Win,Sat,2019-05-11,May,4:35 PM,9765,Carrara,False,True
2019,2019,8,Home & Away,Not applicable,False,St Kilda,West Coast,70,88,West Coast,18,Win,Sat,2019-05-11,May,7:25 PM,24246,Docklands,False,True
2019,2019,8,Home & Away,Not applicable,False,Port Adelaide,Adelaide,68,88,Adelaide,20,Win,Sat,2019-05-11,May,7:10 PM,49675,Adelaide Oval,False,True
2019,2019,8,Home & Away,Not applicable,False,North Melbourne,Geelong,80,104,Geelong,24,Win,Sun,2019-05-12,May,1:10 PM,21156,Docklands,False,True
2019,2019,8,Home & Away,Not applicable,False,Hawthorn,Greater Western Sydney,71,38,Hawthorn,33,Win,Sun,2019-05-12,May,3:20 PM,14636,M.C.G.,False,True
2019,2019,8,Home & Away,Not applicable,False,Fremantle,Richmond,86,111,Richmond,25,Win,Sun,2019-05-12,May,3:20 PM,42641,Perth Stadium,False,True
2019,2019,9,Home & Away,Not applicable,False,West Coast,Melbourne,85,69,West Coast,16,Win,Fri,2019-05-17,May,6:10 PM,51162,Perth Stadium,False,True
2019,2019,9,Home & Away,Not applicable,False,Collingwood,St Kilda,112,71,Collingwood,41,Win,Sat,2019-05-18,May,1:45 PM,60702,M.C.G.,False,True
2019,2019,9,Home & Away,Not applicable,False,Brisbane Lions,Adelaide,93,92,Brisbane Lions,1,Win,Sat,2019-05-18,May,2:10 PM,20405,Gabba,False,True
2019,2019,9,Home & Away,Not applicable,False,Geelong,Western Bulldogs,133,89,Geelong,44,Win,Sat,2019-05-18,May,4:35 PM,31373,Kardinia Park,False,True
2019,2019,9,Home & Away,Not applicable,False,Essendon,Fremantle,60,53,Essendon,7,Win,Sat,2019-05-18,May,7:25 PM,29176,Docklands,False,True
2019,2019,9,Home & Away,Not applicable,False,North Melbourne,Sydney,72,77,Sydney,5,Win,Sat,2019-05-18,May,7:25 PM,12799,Bellerive Oval,False,True
2019,2019,9,Home & Away,Not applicable,False,Port Adelaide,Gold Coast,89,51,Port Adelaide,38,Win,Sun,2019-05-19,May,12:40 PM,26129,Adelaide Oval,False,True
2019,2019,9,Home & Away,Not applicable,False,Richmond,Hawthorn,95,59,Richmond,36,Win,Sun,2019-05-19,May,3:20 PM,64936,M.C.G.,False,True
2019,2019,9,Home & Away,Not applicable,False,Greater Western Sydney,Carlton,138,45,Greater Western Sydney,93,Win,Sun,2019-05-19,May,4:40 PM,9599,Sydney Showground,False,True
2019,2019,10,Home & Away,Not applicable,False,Sydney,Collingwood,73,80,Collingwood,7,Win,Fri,2019-05-24,May,7:50 PM,34649,S.C.G.,False,True
2019,2019,10,Home & Away,Not applicable,False,Hawthorn,Port Adelaide,80,49,Hawthorn,31,Win,Sat,2019-05-25,May,1:45 PM,11637,York Park,False,True
2019,2019,10,Home & Away,Not applicable,False,Western Bulldogs,North Melbourne,90,115,North Melbourne,25,Win,Sat,2019-05-25,May,2:10 PM,26156,Docklands,False,True
2019,2019,10,Home & Away,Not applicable,False,Adelaide,West Coast,73,85,West Coast,12,Win,Sat,2019-05-25,May,4:05 PM,41630,Adelaide Oval,False,True
2019,2019,10,Home & Away,Not applicable,False,Richmond,Essendon,73,50,Richmond,23,Win,Sat,2019-05-25,May,7:25 PM,80176,M.C.G.,False,True
2019,2019,10,Home & Away,Not applicable,False,Gold Coast,Geelong,64,91,Geelong,27,Win,Sat,2019-05-25,May,7:25 PM,13144,Carrara,False,True
2019,2019,10,Home & Away,Not applicable,False,Melbourne,Greater Western Sydney,68,94,Greater Western Sydney,26,Win,Sun,2019-05-26,May,1:10 PM,20023,M.C.G.,False,True
2019,2019,10,Home & Away,Not applicable,False,St Kilda,Carlton,68,55,St Kilda,13,Win,Sun,2019-05-26,May,3:20 PM,35058,Docklands,False,True
2019,2019,10,Home & Away,Not applicable,False,Fremantle,Brisbane Lions,73,72,Fremantle,1,Win,Sun,2019-05-26,May,3:20 PM,36383,Perth Stadium,False,True
2019,2019,11,Home & Away,Not applicable,False,North Melbourne,Richmond,99,62,North Melbourne,37,Win,Fri,2019-05-31,May,7:50 PM,29326,Docklands,False,True
2019,2019,11,Home & Away,Not applicable,False,Collingwood,Fremantle,75,79,Fremantle,4,Win,Sat,2019-06-01,June,1:45 PM,41774,M.C.G.,False,True
2019,2019,11,Home & Away,Not applicable,False,Greater Western Sydney,Gold Coast,126,43,Greater Western Sydney,83,Win,Sat,2019-06-01,June,1:45 PM,7581,Sydney Showground,False,True
2019,2019,11,Home & Away,Not applicable,False,Geelong,Sydney,85,63,Geelong,22,Win,Sat,2019-06-01,June,4:35 PM,29021,Kardinia Park,False,True
2019,2019,11,Home & Away,Not applicable,False,Brisbane Lions,Hawthorn,85,66,Brisbane Lions,19,Win,Sat,2019-06-01,June,7:25 PM,25051,Gabba,False,True
2019,2019,11,Home & Away,Not applicable,False,Melbourne,Adelaide,88,90,Adelaide,2,Win,Sat,2019-06-01,June,7:10 PM,10634,Marrara Oval,False,True
2019,2019,11,Home & Away,Not applicable,False,St Kilda,Port Adelaide,69,139,Port Adelaide,70,Win,Sun,2019-06-02,June,12:20 PM,9412,Jiangwan Stadium,False,True
2019,2019,11,Home & Away,Not applicable,False,Essendon,Carlton,74,33,Essendon,41,Win,Sun,2019-06-02,June,3:20 PM,50423,M.C.G.,False,True
2019,2019,11,Home & Away,Not applicable,False,West Coast,Western Bulldogs,133,72,West Coast,61,Win,Sun,2019-06-02,June,3:20 PM,53195,Perth Stadium,False,True
2019,2019,12,Home & Away,Not applicable,False,Richmond,Geelong,37,104,Geelong,67,Win,Fri,2019-06-07,June,7:50 PM,65214,M.C.G.,False,True
2019,2019,12,Home & Away,Not applicable,False,Carlton,Brisbane Lions,78,63,Carlton,15,Win,Sat,2019-06-08,June,1:45 PM,32211,Docklands,False,True
2019,2019,12,Home & Away,Not applicable,False,Gold Coast,North Melbourne,72,99,North Melbourne,27,Win,Sat,2019-06-08,June,4:35 PM,9305,Carrara,False,True
2019,2019,12,Home & Away,Not applicable,False,Adelaide,Greater Western Sydney,82,61,Adelaide,21,Win,Sat,2019-06-08,June,7:10 PM,41710,Adelaide Oval,False,True
2019,2019,12,Home & Away,Not applicable,False,Sydney,West Coast,116,71,Sydney,45,Win,Sun,2019-06-09,June,3:20 PM,36640,S.C.G.,False,True
2019,2019,12,Home & Away,Not applicable,False,Collingwood,Melbourne,98,57,Collingwood,41,Win,Mon,2019-06-10,June,3:20 PM,74036,M.C.G.,False,True
2019,2019,13,Home & Away,Not applicable,False,Adelaide,Richmond,101,68,Adelaide,33,Win,Thu,2019-06-13,June,7:20 PM,40837,Adelaide Oval,False,True
2019,2019,13,Home & Away,Not applicable,False,Essendon,Hawthorn,96,77,Essendon,19,Win,Fri,2019-06-14,June,7:50 PM,44846,Docklands,False,True
2019,2019,13,Home & Away,Not applicable,False,Gold Coast,St Kilda,76,80,St Kilda,4,Win,Sat,2019-06-15,June,1:45 PM,7243,Riverway Stadium,False,True
2019,2019,13,Home & Away,Not applicable,False,Fremantle,Port Adelaide,100,79,Fremantle,21,Win,Sat,2019-06-15,June,2:35 PM,37451,Perth Stadium,False,True
2019,2019,13,Home & Away,Not applicable,False,Carlton,Western Bulldogs,100,103,Western Bulldogs,3,Win,Sat,2019-06-15,June,7:25 PM,35479,Docklands,False,True
2019,2019,13,Home & Away,Not applicable,False,North Melbourne,Greater Western Sydney,68,91,Greater Western Sydney,23,Win,Sun,2019-06-16,June,3:20 PM,7832,Bellerive Oval,False,True
2019,2019,14,Home & Away,Not applicable,False,West Coast,Essendon,106,71,West Coast,35,Win,Thu,2019-06-20,June,6:10 PM,52810,Perth Stadium,False,True
2019,2019,14,Home & Away,Not applicable,False,Sydney,Hawthorn,82,63,Sydney,19,Win,Fri,2019-06-21,June,7:50 PM,29553,S.C.G.,False,True
2019,2019,14,Home & Away,Not applicable,False,Melbourne,Fremantle,85,71,Melbourne,14,Win,Sat,2019-06-22,June,1:45 PM,20211,M.C.G.,False,True
2019,2019,14,Home & Away,Not applicable,False,St Kilda,Brisbane Lions,59,115,Brisbane Lions,56,Win,Sat,2019-06-22,June,4:35 PM,22885,Docklands,False,True
2019,2019,14,Home & Away,Not applicable,False,Port Adelaide,Geelong,67,56,Port Adelaide,11,Win,Sat,2019-06-22,June,7:10 PM,37726,Adelaide Oval,False,True
2019,2019,14,Home & Away,Not applicable,False,Western Bulldogs,Collingwood,73,82,Collingwood,9,Win,Sun,2019-06-23,June,3:20 PM,39836,Docklands,False,True
2019,2019,15,Home & Away,Not applicable,False,Essendon,Greater Western Sydney,77,71,Essendon,6,Win,Thu,2019-06-27,June,7:20 PM,25195,Docklands,False,True
2019,2019,15,Home & Away,Not applicable,False,Geelong,Adelaide,96,69,Geelong,27,Win,Fri,2019-06-28,June,7:50 PM,28108,Kardinia Park,False,True
2019,2019,15,Home & Away,Not applicable,False,Hawthorn,West Coast,71,77,West Coast,6,Win,Sat,2019-06-29,June,1:45 PM,31895,M.C.G.,False,True
2019,2019,15,Home & Away,Not applicable,False,Sydney,Gold Coast,93,51,Sydney,42,Win,Sat,2019-06-29,June,4:35 PM,26194,S.C.G.,False,True
2019,2019,15,Home & Away,Not applicable,False,Collingwood,North Melbourne,37,81,North Melbourne,44,Win,Sat,2019-06-29,June,7:25 PM,38801,Docklands,False,True
2019,2019,15,Home & Away,Not applicable,False,Port Adelaide,Western Bulldogs,41,66,Western Bulldogs,25,Win,Sat,2019-06-29,June,7:10 PM,25623,Adelaide Oval,False,True
2019,2019,15,Home & Away,Not applicable,False,St Kilda,Richmond,70,103,Richmond,33,Win,Sun,2019-06-30,June,1:10 PM,40962,Docklands,False,True
2019,2019,15,Home & Away,Not applicable,False,Brisbane Lions,Melbourne,107,74,Brisbane Lions,33,Win,Sun,2019-06-30,June,3:20 PM,24809,Gabba,False,True
2019,2019,15,Home & Away,Not applicable,False,Fremantle,Carlton,75,79,Carlton,4,Win,Sun,2019-06-30,June,3:20 PM,37293,Perth Stadium,False,True
2019,2019,16,Home & Away,Not applicable,False,Hawthorn,Collingwood,67,63,Hawthorn,4,Win,Fri,2019-07-05,July,7:50 PM,66407,M.C.G.,False,True
2019,2019,16,Home & Away,Not applicable,False,Essendon,Sydney,76,66,Essendon,10,Win,Sat,2019-07-06,July,1:45 PM,60199,M.C.G.,False,True
2019,2019,16,Home & Away,Not applicable,False,Gold Coast,Richmond,58,150,Richmond,92,Win,Sat,2019-07-06,July,2:10 PM,16031,Carrara,False,True
2019,2019,16,Home & Away,Not applicable,False,Adelaide,Port Adelaide,44,101,Port Adelaide,57,Win,Sat,2019-07-06,July,4:05 PM,50544,Adelaide Oval,False,True
2019,2019,16,Home & Away,Not applicable,False,Western Bulldogs,Geelong,71,55,Western Bulldogs,16,Win,Sat,2019-07-06,July,7:25 PM,35641,Docklands,False,True
2019,2019,16,Home & Away,Not applicable,False,Fremantle,West Coast,31,122,West Coast,91,Win,Sat,2019-07-06,July,6:10 PM,56358,Perth Stadium,False,True
2019,2019,16,Home & Away,Not applicable,False,Carlton,Melbourne,100,105,Melbourne,5,Win,Sun,2019-07-07,July,1:10 PM,55593,M.C.G.,False,True
2019,2019,16,Home & Away,Not applicable,False,North Melbourne,St Kilda,112,73,North Melbourne,39,Win,Sun,2019-07-07,July,3:20 PM,10696,Bellerive Oval,False,True
2019,2019,16,Home & Away,Not applicable,False,Greater Western Sydney,Brisbane Lions,74,94,Brisbane Lions,20,Win,Sun,2019-07-07,July,4:40 PM,12268,Sydney Showground,False,True
2019,2019,17,Home & Away,Not applicable,False,West Coast,Collingwood,77,78,Collingwood,1,Win,Fri,2019-07-12,July,6:10 PM,56251,Perth Stadium,False,True
2019,2019,17,Home & Away,Not applicable,False,Sydney,Carlton,62,69,Carlton,7,Win,Sat,2019-07-13,July,1:45 PM,32570,S.C.G.,False,True
2019,2019,17,Home & Away,Not applicable,False,Hawthorn,Fremantle,84,53,Hawthorn,31,Win,Sat,2019-07-13,July,2:10 PM,13006,York Park,False,True
2019,2019,17,Home & Away,Not applicable,False,Essendon,North Melbourne,86,81,Essendon,5,Win,Sat,2019-07-13,July,4:35 PM,45682,Docklands,False,True
2019,2019,17,Home & Away,Not applicable,False,Gold Coast,Adelaide,56,151,Adelaide,95,Win,Sat,2019-07-13,July,7:25 PM,8741,Carrara,False,True
2019,2019,17,Home & Away,Not applicable,False,Geelong,St Kilda,84,57,Geelong,27,Win,Sat,2019-07-13,July,7:25 PM,24035,Kardinia Park,False,True
2019,2019,17,Home & Away,Not applicable,False,Richmond,Greater Western Sydney,94,67,Richmond,27,Win,Sun,2019-07-14,July,1:10 PM,38986,M.C.G.,False,True
2019,2019,17,Home & Away,Not applicable,False,Western Bulldogs,Melbourne,74,66,Western Bulldogs,8,Win,Sun,2019-07-14,July,3:20 PM,26781,Docklands,False,True
2019,2019,17,Home & Away,Not applicable,False,Port Adelaide,Brisbane Lions,49,97,Brisbane Lions,48,Win,Sun,2019-07-14,July,4:10 PM,33118,Adelaide Oval,False,True
2019,2019,18,Home & Away,Not applicable,False,Adelaide,Essendon,75,96,Essendon,21,Win,Fri,2019-07-19,July,7:20 PM,47735,Adelaide Oval,False,True
2019,2019,18,Home & Away,Not applicable,False,Richmond,Port Adelaide,101,63,Richmond,38,Win,Sat,2019-07-20,July,1:45 PM,41642,M.C.G.,False,True
2019,2019,18,Home & Away,Not applicable,False,Carlton,Gold Coast,99,75,Carlton,24,Win,Sat,2019-07-20,July,2:10 PM,31765,Docklands,False,True
2019,2019,18,Home & Away,Not applicable,False,Greater Western Sydney,Collingwood,122,75,Greater Western Sydney,47,Win,Sat,2019-07-20,July,4:35 PM,15467,Sydney Showground,False,True
2019,2019,18,Home & Away,Not applicable,False,Brisbane Lions,North Melbourne,87,75,Brisbane Lions,12,Win,Sat,2019-07-20,July,7:25 PM,23833,Gabba,False,True
2019,2019,18,Home & Away,Not applicable,False,Fremantle,Sydney,52,51,Fremantle,1,Win,Sat,2019-07-20,July,6:10 PM,33594,Perth Stadium,False,True
2019,2019,18,Home & Away,Not applicable,False,Geelong,Hawthorn,61,85,Hawthorn,24,Win,Sun,2019-07-21,July,1:10 PM,53636,M.C.G.,False,True
2019,2019,18,Home & Away,Not applicable,False,Melbourne,West Coast,78,91,West Coast,13,Win,Sun,2019-07-21,July,2:50 PM,7164,Traeger Park,False,True
2019,2019,18,Home & Away,Not applicable,False,St Kilda,Western Bulldogs,116,89,St Kilda,27,Win,Sun,2019-07-21,July,4:40 PM,21705,Docklands,False,True
2019,2019,19,Home & Away,Not applicable,False,Collingwood,Richmond,66,98,Richmond,32,Win,Fri,2019-07-26,July,7:50 PM,78722,M.C.G.,False,True
2019,2019,19,Home & Away,Not applicable,False,Hawthorn,Brisbane Lions,60,87,Brisbane Lions,27,Win,Sat,2019-07-27,July,1:45 PM,15157,York Park,False,True
2019,2019,19,Home & Away,Not applicable,False,Carlton,Adelaide,87,60,Carlton,27,Win,Sat,2019-07-27,July,2:10 PM,38369,M.C.G.,False,True
2019,2019,19,Home & Away,Not applicable,False,West Coast,North Melbourne,121,72,West Coast,49,Win,Sat,2019-07-27,July,2:35 PM,54376,Perth Stadium,False,True
2019,2019,19,Home & Away,Not applicable,False,St Kilda,Melbourne,104,85,St Kilda,19,Win,Sat,2019-07-27,July,7:25 PM,22854,Docklands,False,True
2019,2019,19,Home & Away,Not applicable,False,Port Adelaide,Greater Western Sydney,55,56,Greater Western Sydney,1,Win,Sat,2019-07-27,July,7:10 PM,27591,Adelaide Oval,False,True
2019,2019,19,Home & Away,Not applicable,False,Western Bulldogs,Fremantle,113,66,Western Bulldogs,47,Win,Sun,2019-07-28,July,1:10 PM,21181,Docklands,False,True
2019,2019,19,Home & Away,Not applicable,False,Sydney,Geelong,80,107,Geelong,27,Win,Sun,2019-07-28,July,3:20 PM,32911,S.C.G.,False,True
2019,2019,19,Home & Away,Not applicable,False,Gold Coast,Essendon,96,106,Essendon,10,Win,Sun,2019-07-28,July,4:40 PM,15759,Carrara,False,True
2019,2019,20,Home & Away,Not applicable,False,North Melbourne,Hawthorn,86,64,North Melbourne,22,Win,Fri,2019-08-02,August,7:50 PM,33226,Docklands,False,True
2019,2019,20,Home & Away,Not applicable,False,Essendon,Port Adelaide,67,126,Port Adelaide,59,Win,Sat,2019-08-03,August,1:45 PM,42940,Docklands,False,True
2019,2019,20,Home & Away,Not applicable,False,Greater Western Sydney,Sydney,83,81,Greater Western Sydney,2,Win,Sat,2019-08-03,August,2:10 PM,16116,Sydney Showground,False,True
2019,2019,20,Home & Away,Not applicable,False,Fremantle,Geelong,95,61,Fremantle,34,Win,Sat,2019-08-03,August,2:35 PM,36310,Perth Stadium,False,True
2019,2019,20,Home & Away,Not applicable,False,Melbourne,Richmond,60,93,Richmond,33,Win,Sat,2019-08-03,August,7:25 PM,37254,M.C.G.,False,True
2019,2019,20,Home & Away,Not applicable,False,Adelaide,St Kilda,92,70,Adelaide,22,Win,Sat,2019-08-03,August,7:10 PM,39984,Adelaide Oval,False,True
2019,2019,20,Home & Away,Not applicable,False,Collingwood,Gold Coast,120,51,Collingwood,69,Win,Sun,2019-08-04,August,1:10 PM,33577,M.C.G.,False,True
2019,2019,20,Home & Away,Not applicable,False,Carlton,West Coast,75,99,West Coast,24,Win,Sun,2019-08-04,August,3:20 PM,32802,Docklands,False,True
2019,2019,20,Home & Away,Not applicable,False,Brisbane Lions,Western Bulldogs,98,80,Brisbane Lions,18,Win,Sun,2019-08-04,August,4:40 PM,25831,Gabba,False,True
2019,2019,21,Home & Away,Not applicable,False,Greater Western Sydney,Hawthorn,29,85,Hawthorn,56,Win,Fri,2019-08-09,August,7:50 PM,11741,Manuka Oval,False,True
2019,2019,21,Home & Away,Not applicable,False,Melbourne,Collingwood,53,70,Collingwood,17,Win,Sat,2019-08-10,August,1:45 PM,31903,M.C.G.,False,True
2019,2019,21,Home & Away,Not applicable,False,Port Adelaide,Sydney,103,56,Port Adelaide,47,Win,Sat,2019-08-10,August,1:40 PM,29568,Adelaide Oval,False,True
2019,2019,21,Home & Away,Not applicable,False,Brisbane Lions,Gold Coast,144,53,Brisbane Lions,91,Win,Sat,2019-08-10,August,4:35 PM,22530,Gabba,False,True
2019,2019,21,Home & Away,Not applicable,False,Essendon,Western Bulldogs,33,137,Western Bulldogs,104,Win,Sat,2019-08-10,August,7:25 PM,41816,Docklands,False,True
2019,2019,21,Home & Away,Not applicable,False,Geelong,North Melbourne,69,14,Geelong,55,Win,Sat,2019-08-10,August,7:25 PM,21664,Kardinia Park,False,True
2019,2019,21,Home & Away,Not applicable,False,St Kilda,Fremantle,72,69,St Kilda,3,Win,Sun,2019-08-11,August,1:10 PM,17715,Docklands,False,True
2019,2019,21,Home & Away,Not applicable,False,Richmond,Carlton,73,45,Richmond,28,Win,Sun,2019-08-11,August,3:20 PM,51039,M.C.G.,False,True
2019,2019,21,Home & Away,Not applicable,False,West Coast,Adelaide,90,80,West Coast,10,Win,Sun,2019-08-11,August,3:20 PM,54994,Perth Stadium,False,True
2019,2019,22,Home & Away,Not applicable,False,Melbourne,Sydney,42,95,Sydney,53,Win,Fri,2019-08-16,August,7:50 PM,23700,M.C.G.,False,True
2019,2019,22,Home & Away,Not applicable,False,Carlton,St Kilda,78,68,Carlton,10,Win,Sat,2019-08-17,August,1:45 PM,51786,M.C.G.,False,True
2019,2019,22,Home & Away,Not applicable,False,Brisbane Lions,Geelong,75,74,Brisbane Lions,1,Win,Sat,2019-08-17,August,2:10 PM,35608,Gabba,False,True
2019,2019,22,Home & Away,Not applicable,False,Adelaide,Collingwood,48,114,Collingwood,66,Win,Sat,2019-08-17,August,4:05 PM,48175,Adelaide Oval,False,True
2019,2019,22,Home & Away,Not applicable,False,North Melbourne,Port Adelaide,144,58,North Melbourne,86,Win,Sat,2019-08-17,August,7:25 PM,17063,Docklands,False,True
2019,2019,22,Home & Away,Not applicable,False,Fremantle,Essendon,55,87,Essendon,32,Win,Sat,2019-08-17,August,6:10 PM,47833,Perth Stadium,False,True
2019,2019,22,Home & Away,Not applicable,False,Richmond,West Coast,88,82,Richmond,6,Win,Sun,2019-08-18,August,1:10 PM,57415,M.C.G.,False,True
2019,2019,22,Home & Away,Not applicable,False,Greater Western Sydney,Western Bulldogs,65,126,Western Bulldogs,61,Win,Sun,2019-08-18,August,3:20 PM,10139,Sydney Showground,False,True
2019,2019,22,Home & Away,Not applicable,False,Hawthorn,Gold Coast,118,48,Hawthorn,70,Win,Sun,2019-08-18,August,4:40 PM,31331,Docklands,False,True
2019,2019,23,Home & Away,Not applicable,False,Collingwood,Essendon,76,65,Collingwood,11,Win,Fri,2019-08-23,August,7:50 PM,85405,M.C.G.,False,True
2019,2019,23,Home & Away,Not applicable,False,Sydney,St Kilda,109,64,Sydney,45,Win,Sat,2019-08-24,August,1:45 PM,33722,S.C.G.,False,True
2019,2019,23,Home & Away,Not applicable,False,North Melbourne,Melbourne,88,83,North Melbourne,5,Win,Sat,2019-08-24,August,2:10 PM,8202,Bellerive Oval,False,True
2019,2019,23,Home & Away,Not applicable,False,Geelong,Carlton,129,61,Geelong,68,Win,Sat,2019-08-24,August,4:35 PM,31669,Kardinia Park,False,True
2019,2019,23,Home & Away,Not applicable,False,Gold Coast,Greater Western Sydney,55,127,Greater Western Sydney,72,Win,Sat,2019-08-24,August,7:25 PM,7610,Carrara,False,True
2019,2019,23,Home & Away,Not applicable,False,West Coast,Hawthorn,67,105,Hawthorn,38,Win,Sat,2019-08-24,August,6:10 PM,55859,Perth Stadium,False,True
2019,2019,23,Home & Away,Not applicable,False,Western Bulldogs,Adelaide,121,87,Western Bulldogs,34,Win,Sun,2019-08-25,August,1:10 PM,9560,Eureka Stadium,False,True
2019,2019,23,Home & Away,Not applicable,False,Richmond,Brisbane Lions,82,55,Richmond,27,Win,Sun,2019-08-25,August,3:20 PM,76995,M.C.G.,False,True
2019,2019,23,Home & Away,Not applicable,False,Port Adelaide,Fremantle,110,67,Port Adelaide,43,Win,Sun,2019-08-25,August,4:10 PM,27504,Adelaide Oval,False,True
2019,2019,,Finals,Elimination Final,True,West Coast,Essendon,116,61,West Coast,55,Win,Thu,2019-09-05,September,6:10 PM,59216,Perth Stadium,False,False
2019,2019,,Finals,Qualifying Final,True,Geelong,Collingwood,51,61,Collingwood,10,Win,Fri,2019-09-06,September,7:50 PM,93436,M.C.G.,False,False
2019,2019,,Finals,Elimination Final,True,Greater Western Sydney,Western Bulldogs,113,55,Greater Western Sydney,58,Win,Sat,2019-09-07,September,3:20 PM,19218,Sydney Showground,False,False
2019,2019,,Finals,Qualifying Final,True,Brisbane Lions,Richmond,65,112,Richmond,47,Win,Sat,2019-09-07,September,7:25 PM,37478,Gabba,False,False
2019,2019,,Finals,Semi Final,True,Geelong,West Coast,88,68,Geelong,20,Win,Fri,2019-09-13,September,7:50 PM,51813,M.C.G.,False,False
2019,2019,,Finals,Semi Final,True,Brisbane Lions,Greater Western Sydney,80,83,Greater Western Sydney,3,Win,Sat,2019-09-14,September,7:25 PM,30034,Gabba,False,False
2019,2019,,Finals,Preliminary Final,True,Richmond,Geelong,85,66,Richmond,19,Win,Fri,2019-09-20,September,7:50 PM,94423,M.C.G.,False,False
2019,2019,,Finals,Preliminary Final,True,Collingwood,Greater Western Sydney,52,56,Greater Western Sydney,4,Win,Sat,2019-09-21,September,4:35 PM,77828,M.C.G.,False,False
2019,2019,,Finals,Grand Final,True,Richmond,Greater Western Sydney,114,25,Richmond,89,Win,Sat,2019-09-28,September,2:30 PM,100014,M.C.G.,False,False
2020,2020,2,Home & Away,Not applicable,False,Port Adelaide,Adelaide,110,35,Port Adelaide,75,Win,Sat,2020-06-13,June,7:10 PM,2240,Adelaide Oval,True,False
2020,2020,2,Home & Away,Not applicable,False,Greater Western Sydney,North Melbourne,60,80,North Melbourne,20,Win,Sun,2020-06-14,June,1:05 PM,350,Sydney Showground,True,False
2020,2020,2,Home & Away,Not applicable,False,Sydney,Essendon,73,79,Essendon,6,Win,Sun,2020-06-14,June,3:35 PM,337,S.C.G.,True,False
2020,2020,3,Home & Away,Not applicable,False,Brisbane Lions,West Coast,74,44,Brisbane Lions,30,Win,Sat,2020-06-20,June,7:40 PM,1965,Gabba,True,False
2020,2020,3,Home & Away,Not applicable,False,Gold Coast,Adelaide,82,29,Gold Coast,53,Win,Sun,2020-06-21,June,3:05 PM,1997,Carrara,True,False
2020,2020,3,Home & Away,Not applicable,False,Fremantle,Port Adelaide,41,70,Port Adelaide,29,Win,Sun,2020-06-21,June,8:10 PM,180,Carrara,True,False
2020,2020,4,Home & Away,Not applicable,False,Sydney,Western Bulldogs,39,67,Western Bulldogs,28,Win,Thu,2020-06-25,June,7:40 PM,605,S.C.G.,True,False
2020,2020,4,Home & Away,Not applicable,False,Greater Western Sydney,Collingwood,66,64,Greater Western Sydney,2,Win,Fri,2020-06-26,June,7:50 PM,487,Sydney Showground,True,False
2020,2020,4,Home & Away,Not applicable,False,Port Adelaide,West Coast,89,41,Port Adelaide,48,Win,Sat,2020-06-27,June,1:45 PM,450,Carrara,True,False
2020,2020,4,Home & Away,Not applicable,False,Gold Coast,Fremantle,64,51,Gold Coast,13,Win,Sat,2020-06-27,June,7:40 PM,5106,Carrara,True,False
2020,2020,4,Home & Away,Not applicable,False,Brisbane Lions,Adelaide,83,46,Brisbane Lions,37,Win,Sun,2020-06-28,June,1:05 PM,7354,Gabba,True,False
2020,2020,5,Home & Away,Not applicable,False,West Coast,Sydney,77,43,West Coast,34,Win,Sat,2020-07-04,July,1:45 PM,2238,Carrara,True,False
2020,2020,5,Home & Away,Not applicable,False,Brisbane Lions,Port Adelaide,85,48,Brisbane Lions,37,Win,Sat,2020-07-04,July,7:40 PM,10161,Gabba,True,False
2020,2020,5,Home & Away,Not applicable,False,Adelaide,Fremantle,34,54,Fremantle,20,Win,Sun,2020-07-05,July,1:05 PM,418,Carrara,True,False
2020,2020,5,Home & Away,Not applicable,False,Greater Western Sydney,Hawthorn,83,49,Greater Western Sydney,34,Win,Sun,2020-07-05,July,6:10 PM,5674,Sydney Showground,True,False
2020,2020,6,Home & Away,Not applicable,False,Geelong,Brisbane Lions,73,46,Geelong,27,Win,Thu,2020-07-09,July,7:40 PM,1311,S.C.G.,True,False
2020,2020,6,Home & Away,Not applicable,False,Collingwood,Hawthorn,59,27,Collingwood,32,Win,Fri,2020-07-10,July,7:50 PM,1772,Sydney Showground,True,False
2020,2020,6,Home & Away,Not applicable,False,Fremantle,St Kilda,79,73,Fremantle,6,Win,Sat,2020-07-11,July,12:35 PM,638,Carrara,True,False
2020,2020,6,Home & Away,Not applicable,False,West Coast,Adelaide,67,34,West Coast,33,Win,Sat,2020-07-11,July,3:05 PM,210,Gabba,True,False
2020,2020,6,Home & Away,Not applicable,False,Melbourne,Gold Coast,80,63,Melbourne,17,Win,Sat,2020-07-11,July,6:05 PM,250,Sydney Showground,True,False
2020,2020,6,Home & Away,Not applicable,False,Essendon,North Melbourne,67,53,Essendon,14,Win,Sat,2020-07-11,July,7:40 PM,4271,Carrara,True,False
2020,2020,6,Home & Away,Not applicable,False,Port Adelaide,Greater Western Sydney,63,46,Port Adelaide,17,Win,Sun,2020-07-12,July,1:05 PM,368,Carrara,True,False
2020,2020,6,Home & Away,Not applicable,False,Richmond,Sydney,34,26,Richmond,8,Win,Sun,2020-07-12,July,3:35 PM,3606,Gabba,True,False
2020,2020,6,Home & Away,Not applicable,False,Carlton,Western Bulldogs,103,51,Carlton,52,Win,Sun,2020-07-12,July,6:45 PM,2178,Carrara,True,False
2020,2020,7,Home & Away,Not applicable,False,Geelong,Collingwood,35,57,Collingwood,22,Win,Thu,2020-07-16,July,6:10 PM,22077,Perth Stadium,True,False
2020,2020,7,Home & Away,Not applicable,False,Essendon,Western Bulldogs,51,93,Western Bulldogs,42,Win,Fri,2020-07-17,July,7:50 PM,4949,Carrara,True,False
2020,2020,7,Home & Away,Not applicable,False,Greater Western Sydney,Brisbane Lions,68,88,Brisbane Lions,20,Win,Sat,2020-07-18,July,1:45 PM,3168,Sydney Showground,True,False
2020,2020,7,Home & Away,Not applicable,False,Sydney,Gold Coast,60,92,Gold Coast,32,Win,Sat,2020-07-18,July,4:35 PM,6000,S.C.G.,True,False
2020,2020,7,Home & Away,Not applicable,False,Richmond,North Melbourne,77,23,Richmond,54,Win,Sat,2020-07-18,July,7:40 PM,4337,Carrara,True,False
2020,2020,7,Home & Away,Not applicable,False,Carlton,Port Adelaide,61,64,Port Adelaide,3,Win,Sun,2020-07-19,July,1:05 PM,3510,Gabba,True,False
2020,2020,7,Home & Away,Not applicable,False,Hawthorn,Melbourne,48,91,Melbourne,43,Win,Sun,2020-07-19,July,3:35 PM,750,Sydney Showground,True,False
2020,2020,7,Home & Away,Not applicable,False,Fremantle,West Coast,32,62,West Coast,30,Win,Sun,2020-07-19,July,4:35 PM,25306,Perth Stadium,True,False
2020,2020,7,Home & Away,Not applicable,False,Adelaide,St Kilda,55,78,St Kilda,23,Win,Mon,2020-07-20,July,7:10 PM,13579,Adelaide Oval,True,False
2020,2020,8,Home & Away,Not applicable,False,Gold Coast,Western Bulldogs,46,51,Western Bulldogs,5,Win,Thu,2020-07-23,July,7:40 PM,4039,Carrara,True,False
2020,2020,8,Home & Away,Not applicable,False,Greater Western Sydney,Richmond,62,50,Greater Western Sydney,12,Win,Fri,2020-07-24,July,7:50 PM,5500,Sydney Showground,True,False
2020,2020,8,Home & Away,Not applicable,False,North Melbourne,Carlton,57,64,Carlton,7,Win,Sat,2020-07-25,July,1:05 PM,3655,Gabba,True,False
2020,2020,8,Home & Away,Not applicable,False,Sydney,Hawthorn,60,53,Sydney,7,Win,Sat,2020-07-25,July,3:35 PM,4264,S.C.G.,True,False
2020,2020,8,Home & Away,Not applicable,False,Port Adelaide,St Kilda,44,73,St Kilda,29,Win,Sat,2020-07-25,July,7:10 PM,16727,Adelaide Oval,True,False
2020,2020,8,Home & Away,Not applicable,False,Adelaide,Essendon,59,62,Essendon,3,Win,Sun,2020-07-26,July,12:35 PM,15155,Adelaide Oval,True,False
2020,2020,8,Home & Away,Not applicable,False,West Coast,Collingwood,111,45,West Coast,66,Win,Sun,2020-07-26,July,1:35 PM,24824,Perth Stadium,True,False
2020,2020,8,Home & Away,Not applicable,False,Melbourne,Brisbane Lions,49,53,Brisbane Lions,4,Win,Sun,2020-07-26,July,6:10 PM,3011,Carrara,True,False
2020,2020,8,Home & Away,Not applicable,False,Fremantle,Geelong,16,48,Geelong,32,Win,Mon,2020-07-27,July,6:10 PM,20251,Perth Stadium,True,False
2020,2020,9,Home & Away,Not applicable,False,Western Bulldogs,Richmond,49,90,Richmond,41,Win,Wed,2020-07-29,July,7:10 PM,2824,Carrara,True,False
2020,2020,9,Home & Away,Not applicable,False,Melbourne,Port Adelaide,32,83,Port Adelaide,51,Win,Thu,2020-07-30,July,7:50 PM,323,Gabba,True,False
2020,2020,9,Home & Away,Not applicable,False,Carlton,Hawthorn,58,89,Hawthorn,31,Win,Fri,2020-07-31,July,3:40 PM,12304,Perth Stadium,True,False
2020,2020,9,Home & Away,Not applicable,False,Essendon,Brisbane Lions,28,91,Brisbane Lions,63,Win,Fri,2020-07-31,July,8:10 PM,4860,Carrara,True,False
2020,2020,9,Home & Away,Not applicable,False,North Melbourne,Adelaide,119,50,North Melbourne,69,Win,Sat,2020-08-01,August,2:35 PM,522,Carrara,True,False
2020,2020,9,Home & Away,Not applicable,False,St Kilda,Sydney,101,48,St Kilda,53,Win,Sat,2020-08-01,August,5:10 PM,2978,Gabba,True,False
2020,2020,9,Home & Away,Not applicable,False,West Coast,Geelong,73,64,West Coast,9,Win,Sat,2020-08-01,August,6:10 PM,26211,Perth Stadium,True,False
2020,2020,9,Home & Away,Not applicable,False,Gold Coast,Greater Western Sydney,35,61,Greater Western Sydney,26,Win,Sun,2020-08-02,August,3:35 PM,4363,Carrara,True,False
2020,2020,9,Home & Away,Not applicable,False,Fremantle,Collingwood,61,49,Fremantle,12,Win,Sun,2020-08-02,August,4:10 PM,20912,Perth Stadium,True,False
2020,2020,10,Home & Away,Not applicable,False,Port Adelaide,Western Bulldogs,55,42,Port Adelaide,13,Win,Mon,2020-08-03,August,6:40 PM,14159,Adelaide Oval,True,False
2020,2020,10,Home & Away,Not applicable,False,Richmond,Brisbane Lions,82,41,Richmond,41,Win,Tue,2020-08-04,August,7:10 PM,5651,Carrara,True,False
2020,2020,10,Home & Away,Not applicable,False,Geelong,North Melbourne,90,57,Geelong,33,Win,Wed,2020-08-05,August,5:40 PM,2282,Gabba,True,False
2020,2020,10,Home & Away,Not applicable,False,Adelaide,Melbourne,37,88,Melbourne,51,Win,Wed,2020-08-05,August,7:40 PM,12022,Adelaide Oval,True,False
2020,2020,10,Home & Away,Not applicable,False,Collingwood,Sydney,50,41,Collingwood,9,Win,Thu,2020-08-06,August,5:40 PM,4146,Gabba,True,False
2020,2020,10,Home & Away,Not applicable,False,Gold Coast,St Kilda,74,78,St Kilda,4,Win,Thu,2020-08-06,August,8:10 PM,3095,Carrara,True,False
2020,2020,10,Home & Away,Not applicable,False,Essendon,Greater Western Sydney,55,59,Greater Western Sydney,4,Win,Fri,2020-08-07,August,7:50 PM,1178,Carrara,True,False
2020,2020,11,Home & Away,Not applicable,False,Port Adelaide,Richmond,93,72,Port Adelaide,21,Win,Sat,2020-08-08,August,4:05 PM,10256,Adelaide Oval,True,False
2020,2020,11,Home & Away,Not applicable,False,Brisbane Lions,Western Bulldogs,96,72,Brisbane Lions,24,Win,Sat,2020-08-08,August,7:40 PM,11061,Gabba,True,False
2020,2020,11,Home & Away,Not applicable,False,West Coast,Carlton,72,50,West Coast,22,Win,Sun,2020-08-09,August,1:35 PM,19092,Perth Stadium,True,False
2020,2020,11,Home & Away,Not applicable,False,Melbourne,North Melbourne,92,35,Melbourne,57,Win,Sun,2020-08-09,August,5:40 PM,2172,Adelaide Oval,True,False
2020,2020,11,Home & Away,Not applicable,False,St Kilda,Geelong,34,93,Geelong,59,Win,Mon,2020-08-10,August,6:10 PM,3903,Gabba,True,False
2020,2020,11,Home & Away,Not applicable,False,Fremantle,Hawthorn,48,32,Fremantle,16,Win,Mon,2020-08-10,August,6:40 PM,18512,Perth Stadium,True,False
2020,2020,11,Home & Away,Not applicable,False,Adelaide,Collingwood,38,62,Collingwood,24,Win,Tue,2020-08-11,August,6:05 PM,8577,Adelaide Oval,True,False
2020,2020,11,Home & Away,Not applicable,False,Gold Coast,Essendon,73,73,Draw,0,Draw,Wed,2020-08-12,August,7:10 PM,4303,Carrara,True,False
2020,2020,12,Home & Away,Not applicable,False,Sydney,Greater Western Sydney,66,25,Sydney,41,Win,Thu,2020-08-13,August,6:10 PM,6464,Perth Stadium,True,False
2020,2020,12,Home & Away,Not applicable,False,Geelong,Port Adelaide,91,31,Geelong,60,Win,Fri,2020-08-14,August,7:50 PM,3378,Carrara,True,False
2020,2020,12,Home & Away,Not applicable,False,North Melbourne,Brisbane Lions,52,53,Brisbane Lions,1,Win,Sat,2020-08-15,August,2:35 PM,2722,Carrara,True,False
2020,2020,12,Home & Away,Not applicable,False,Melbourne,Collingwood,100,44,Melbourne,56,Win,Sat,2020-08-15,August,5:10 PM,5338,Gabba,True,False
2020,2020,12,Home & Away,Not applicable,False,Fremantle,Carlton,36,40,Carlton,4,Win,Sat,2020-08-15,August,6:10 PM,24114,Perth Stadium,True,False
2020,2020,12,Home & Away,Not applicable,False,Western Bulldogs,Adelaide,111,54,Western Bulldogs,57,Win,Sun,2020-08-16,August,1:05 PM,613,Carrara,True,False
2020,2020,12,Home & Away,Not applicable,False,St Kilda,Essendon,68,33,St Kilda,35,Win,Sun,2020-08-16,August,3:35 PM,4686,Gabba,True,False
2020,2020,12,Home & Away,Not applicable,False,West Coast,Hawthorn,81,49,West Coast,32,Win,Sun,2020-08-16,August,4:10 PM,22870,Perth Stadium,True,False
2020,2020,12,Home & Away,Not applicable,False,Richmond,Gold Coast,53,32,Richmond,21,Win,Mon,2020-08-17,August,7:10 PM,4062,Gabba,True,False
2020,2020,13,Home & Away,Not applicable,False,Gold Coast,Carlton,27,60,Carlton,33,Win,Fri,2020-08-21,August,7:20 PM,5172,Marrara Oval,True,False
2020,2020,13,Home & Away,Not applicable,False,Western Bulldogs,Melbourne,80,52,Western Bulldogs,28,Win,Sat,2020-08-22,August,1:45 PM,1765,Carrara,True,False
2020,2020,13,Home & Away,Not applicable,False,Port Adelaide,Hawthorn,68,58,Port Adelaide,10,Win,Sat,2020-08-22,August,4:05 PM,11740,Adelaide Oval,True,False
2020,2020,13,Home & Away,Not applicable,False,Essendon,Richmond,61,73,Richmond,12,Win,Sat,2020-08-22,August,7:15 PM,5401,Marrara Oval,True,False
2020,2020,13,Home & Away,Not applicable,False,Fremantle,Sydney,50,19,Fremantle,31,Win,Sat,2020-08-22,August,6:10 PM,24714,Perth Stadium,True,False
2020,2020,13,Home & Away,Not applicable,False,Adelaide,Geelong,37,65,Geelong,28,Win,Sun,2020-08-23,August,12:35 PM,10431,Adelaide Oval,True,False
2020,2020,13,Home & Away,Not applicable,False,Brisbane Lions,St Kilda,50,48,Brisbane Lions,2,Win,Sun,2020-08-23,August,3:35 PM,13750,Gabba,True,False
2020,2020,13,Home & Away,Not applicable,False,West Coast,Greater Western Sydney,61,49,West Coast,12,Win,Sun,2020-08-23,August,4:10 PM,27339,Perth Stadium,True,False
2020,2020,13,Home & Away,Not applicable,False,Collingwood,North Melbourne,65,35,Collingwood,30,Win,Mon,2020-08-24,August,7:10 PM,2443,Gabba,True,False
2020,2020,14,Home & Away,Not applicable,False,Hawthorn,Essendon,71,87,Essendon,16,Win,Thu,2020-08-27,August,4:10 PM,4973,Adelaide Oval,True,False
2020,2020,14,Home & Away,Not applicable,False,Richmond,West Coast,88,61,Richmond,27,Win,Thu,2020-08-27,August,7:10 PM,3628,Carrara,True,False
2020,2020,14,Home & Away,Not applicable,False,Western Bulldogs,Geelong,61,72,Geelong,11,Win,Fri,2020-08-28,August,7:50 PM,2156,Carrara,True,False
2020,2020,14,Home & Away,Not applicable,False,Port Adelaide,Sydney,73,47,Port Adelaide,26,Win,Sat,2020-08-29,August,1:15 PM,11801,Adelaide Oval,True,False
2020,2020,14,Home & Away,Not applicable,False,Fremantle,Greater Western Sydney,53,91,Greater Western Sydney,38,Win,Sat,2020-08-29,August,2:35 PM,24406,Perth Stadium,True,False
2020,2020,14,Home & Away,Not applicable,False,Melbourne,St Kilda,52,49,Melbourne,3,Win,Sat,2020-08-29,August,7:10 PM,1917,Traeger Park,True,False
2020,2020,14,Home & Away,Not applicable,False,Carlton,Collingwood,48,72,Collingwood,24,Win,Sun,2020-08-30,August,3:35 PM,9033,Gabba,True,False
2020,2020,14,Home & Away,Not applicable,False,Gold Coast,North Melbourne,91,28,Gold Coast,63,Win,Sun,2020-08-30,August,6:10 PM,3353,Carrara,True,False
2020,2020,15,Home & Away,Not applicable,False,Hawthorn,Adelaide,48,83,Adelaide,35,Win,Tue,2020-09-01,September,5:10 PM,6191,Adelaide Oval,True,False
2020,2020,15,Home & Away,Not applicable,False,West Coast,Essendon,60,45,West Coast,15,Win,Tue,2020-09-01,September,8:10 PM,1932,Gabba,True,False
2020,2020,15,Home & Away,Not applicable,False,Richmond,Fremantle,56,29,Richmond,27,Win,Wed,2020-09-02,September,7:10 PM,1818,Carrara,True,False
2020,2020,15,Home & Away,Not applicable,False,Sydney,Melbourne,67,46,Sydney,21,Win,Thu,2020-09-03,September,4:40 PM,3199,Cazaly's Stadium,True,False
2020,2020,15,Home & Away,Not applicable,False,Greater Western Sydney,Carlton,48,39,Greater Western Sydney,9,Win,Thu,2020-09-03,September,7:10 PM,1469,Carrara,True,False
2020,2020,15,Home & Away,Not applicable,False,Brisbane Lions,Collingwood,42,34,Brisbane Lions,8,Win,Fri,2020-09-04,September,7:50 PM,15036,Gabba,True,False
2020,2020,16,Home & Away,Not applicable,False,North Melbourne,Port Adelaide,42,78,Port Adelaide,36,Win,Sat,2020-09-05,September,7:40 PM,592,Carrara,True,False
2020,2020,16,Home & Away,Not applicable,False,St Kilda,Hawthorn,80,66,St Kilda,14,Win,Sun,2020-09-06,September,1:05 PM,2740,Carrara,True,False
2020,2020,16,Home & Away,Not applicable,False,Geelong,Essendon,108,42,Geelong,66,Win,Sun,2020-09-06,September,3:35 PM,5011,Gabba,True,False
2020,2020,16,Home & Away,Not applicable,False,Western Bulldogs,West Coast,49,47,Western Bulldogs,2,Win,Sun,2020-09-06,September,6:10 PM,532,Carrara,True,False
2020,2020,16,Home & Away,Not applicable,False,Melbourne,Fremantle,33,47,Fremantle,14,Win,Mon,2020-09-07,September,7:10 PM,3279,Cazaly's Stadium,True,False
2020,2020,16,Home & Away,Not applicable,False,Adelaide,Greater Western Sydney,59,47,Adelaide,12,Win,Tue,2020-09-08,September,5:10 PM,12436,Adelaide Oval,True,False
2020,2020,16,Home & Away,Not applicable,False,Carlton,Sydney,57,52,Carlton,5,Win,Tue,2020-09-08,September,8:10 PM,1580,Carrara,True,False
2020,2020,16,Home & Away,Not applicable,False,Brisbane Lions,Gold Coast,88,43,Brisbane Lions,45,Win,Wed,2020-09-09,September,7:10 PM,11292,Gabba,True,False
2020,2020,17,Home & Away,Not applicable,False,St Kilda,West Coast,50,65,West Coast,15,Win,Thu,2020-09-10,September,7:10 PM,1925,Gabba,True,False
2020,2020,17,Home & Away,Not applicable,False,Geelong,Richmond,31,57,Richmond,26,Win,Fri,2020-09-11,September,7:50 PM,7061,Carrara,True,False
2020,2020,17,Home & Away,Not applicable,False,North Melbourne,Fremantle,35,99,Fremantle,64,Win,Sat,2020-09-12,September,2:10 PM,308,Carrara,True,False
2020,2020,17,Home & Away,Not applicable,False,Port Adelaide,Essendon,79,29,Port Adelaide,50,Win,Sat,2020-09-12,September,4:35 PM,17482,Adelaide Oval,True,False
2020,2020,17,Home & Away,Not applicable,False,Greater Western Sydney,Melbourne,74,79,Melbourne,5,Win,Sat,2020-09-12,September,7:40 PM,1204,Gabba,True,False
2020,2020,17,Home & Away,Not applicable,False,Carlton,Adelaide,56,72,Adelaide,16,Win,Sun,2020-09-13,September,1:05 PM,2735,Carrara,True,False
2020,2020,17,Home & Away,Not applicable,False,Hawthorn,Western Bulldogs,40,76,Western Bulldogs,36,Win,Sun,2020-09-13,September,3:05 PM,2625,Adelaide Oval,True,False
2020,2020,17,Home & Away,Not applicable,False,Sydney,Brisbane Lions,41,73,Brisbane Lions,32,Win,Sun,2020-09-13,September,6:10 PM,3700,Cazaly's Stadium,True,False
2020,2020,17,Home & Away,Not applicable,False,Collingwood,Gold Coast,68,46,Collingwood,22,Win,Mon,2020-09-14,September,7:10 PM,2896,Gabba,True,False
2020,2020,18,Home & Away,Not applicable,False,North Melbourne,West Coast,34,49,West Coast,15,Win,Thu,2020-09-17,September,7:10 PM,724,Carrara,True,False
2020,2020,18,Home & Away,Not applicable,False,St Kilda,Greater Western Sydney,82,30,St Kilda,52,Win,Fri,2020-09-18,September,7:50 PM,1528,Gabba,True,False
2020,2020,18,Home & Away,Not applicable,False,Essendon,Melbourne,49,68,Melbourne,19,Win,Sat,2020-09-19,September,2:10 PM,2175,Carrara,True,False
2020,2020,18,Home & Away,Not applicable,False,Adelaide,Richmond,33,77,Richmond,44,Win,Sat,2020-09-19,September,4:40 PM,17710,Adelaide Oval,True,False
2020,2020,18,Home & Away,Not applicable,False,Brisbane Lions,Carlton,78,61,Brisbane Lions,17,Win,Sat,2020-09-19,September,7:40 PM,14563,Gabba,True,False
2020,2020,18,Home & Away,Not applicable,False,Hawthorn,Gold Coast,108,57,Hawthorn,51,Win,Sun,2020-09-20,September,12:35 PM,2136,Adelaide Oval,True,False
2020,2020,18,Home & Away,Not applicable,False,Sydney,Geelong,63,69,Geelong,6,Win,Sun,2020-09-20,September,3:35 PM,2798,Carrara,True,False
2020,2020,18,Home & Away,Not applicable,False,Fremantle,Western Bulldogs,44,74,Western Bulldogs,30,Win,Sun,2020-09-20,September,6:10 PM,3114,Cazaly's Stadium,True,False
2020,2020,18,Home & Away,Not applicable,False,Collingwood,Port Adelaide,45,61,Port Adelaide,16,Win,Mon,2020-09-21,September,7:15 PM,5424,Gabba,True,False
2020,2020,,Finals,Qualifying Final,True,Port Adelaide,Geelong,58,42,Port Adelaide,16,Win,Thu,2020-10-01,October,7:10 PM,22755,Adelaide Oval,True,False
2020,2020,,Finals,Qualifying Final,True,Brisbane Lions,Richmond,69,54,Brisbane Lions,15,Win,Fri,2020-10-02,October,7:50 PM,22104,Gabba,True,False
2020,2020,,Finals,Elimination Final,True,St Kilda,Western Bulldogs,67,64,St Kilda,3,Win,Sat,2020-10-03,October,4:40 PM,10561,Gabba,True,False
2020,2020,,Finals,Elimination Final,True,West Coast,Collingwood,75,76,Collingwood,1,Win,Sat,2020-10-03,October,6:10 PM,32865,Perth Stadium,True,False
2020,2020,,Finals,Semi Final,True,Richmond,St Kilda,80,49,Richmond,31,Win,Fri,2020-10-09,October,6:50 PM,13778,Carrara,True,False
2020,2020,,Finals,Semi Final,True,Geelong,Collingwood,100,32,Geelong,68,Win,Sat,2020-10-10,October,6:40 PM,21396,Gabba,True,False
2020,2020,,Finals,Preliminary Final,True,Port Adelaide,Richmond,40,46,Richmond,6,Win,Fri,2020-10-16,October,7:20 PM,24292,Adelaide Oval,True,False
2020,2020,,Finals,Preliminary Final,True,Brisbane Lions,Geelong,42,82,Geelong,40,Win,Sat,2020-10-17,October,6:40 PM,29121,Gabba,True,False
2020,2020,,Finals,Grand Final,True,Richmond,Geelong,81,50,Richmond,31,Win,Sat,2020-10-24,October,6:30 PM,29707,Gabba,True,False
2021,2021,1,Home & Away,Not applicable,False,Richmond,Carlton,105,80,Richmond,25,Win,Thu,2021-03-18,March,7:25 PM,49218,M.C.G.,True,False
2021,2021,1,Home & Away,Not applicable,False,Collingwood,Western Bulldogs,53,69,Western Bulldogs,16,Win,Fri,2021-03-19,March,7:50 PM,46051,M.C.G.,True,False
2021,2021,1,Home & Away,Not applicable,False,Melbourne,Fremantle,80,58,Melbourne,22,Win,Sat,2021-03-20,March,1:45 PM,21365,M.C.G.,True,False
2021,2021,1,Home & Away,Not applicable,False,Adelaide,Geelong,103,91,Adelaide,12,Win,Sat,2021-03-20,March,4:05 PM,26985,Adelaide Oval,True,False
2021,2021,1,Home & Away,Not applicable,False,Essendon,Hawthorn,91,92,Hawthorn,1,Win,Sat,2021-03-20,March,7:25 PM,25128,Docklands,True,False
2021,2021,1,Home & Away,Not applicable,False,Brisbane Lions,Sydney,94,125,Sydney,31,Win,Sat,2021-03-20,March,6:45 PM,22762,Gabba,True,False
2021,2021,1,Home & Away,Not applicable,False,North Melbourne,Port Adelaide,65,117,Port Adelaide,52,Win,Sun,2021-03-21,March,1:10 PM,13050,Docklands,True,False
2021,2021,1,Home & Away,Not applicable,False,Greater Western Sydney,St Kilda,78,86,St Kilda,8,Win,Sun,2021-03-21,March,3:20 PM,5014,Sydney Showground,True,False
2021,2021,1,Home & Away,Not applicable,False,West Coast,Gold Coast,83,58,West Coast,25,Win,Sun,2021-03-21,March,3:10 PM,38493,Perth Stadium,True,False
2021,2021,2,Home & Away,Not applicable,False,Carlton,Collingwood,85,106,Collingwood,21,Win,Thu,2021-03-25,March,7:20 PM,51723,M.C.G.,True,False
2021,2021,2,Home & Away,Not applicable,False,Geelong,Brisbane Lions,81,80,Geelong,1,Win,Fri,2021-03-26,March,7:50 PM,20070,Kardinia Park,True,False
2021,2021,2,Home & Away,Not applicable,False,Sydney,Adelaide,121,88,Sydney,33,Win,Sat,2021-03-27,March,1:45 PM,23946,S.C.G.,True,False
2021,2021,2,Home & Away,Not applicable,False,Port Adelaide,Essendon,119,65,Port Adelaide,54,Win,Sat,2021-03-27,March,4:05 PM,29978,Adelaide Oval,True,False
2021,2021,2,Home & Away,Not applicable,False,St Kilda,Melbourne,73,91,Melbourne,18,Win,Sat,2021-03-27,March,7:25 PM,25903,Docklands,True,False
2021,2021,2,Home & Away,Not applicable,False,Gold Coast,North Melbourne,98,39,Gold Coast,59,Win,Sat,2021-03-27,March,7:10 PM,6661,Carrara,True,False
2021,2021,2,Home & Away,Not applicable,False,Hawthorn,Richmond,49,78,Richmond,29,Win,Sun,2021-03-28,March,1:10 PM,41051,M.C.G.,True,False
2021,2021,2,Home & Away,Not applicable,False,Western Bulldogs,West Coast,100,93,Western Bulldogs,7,Win,Sun,2021-03-28,March,3:20 PM,21391,Docklands,True,False
2021,2021,2,Home & Away,Not applicable,False,Fremantle,Greater Western Sydney,87,56,Fremantle,31,Win,Sun,2021-03-28,March,3:10 PM,27625,Perth Stadium,True,False
2021,2021,3,Home & Away,Not applicable,False,Collingwood,Brisbane Lions,72,73,Brisbane Lions,1,Win,Thu,2021-04-01,April,7:40 PM,28057,Docklands,True,False
2021,2021,3,Home & Away,Not applicable,False,North Melbourne,Western Bulldogs,39,167,Western Bulldogs,128,Win,Fri,2021-04-02,April,4:20 PM,28483,Docklands,True,False
2021,2021,3,Home & Away,Not applicable,False,Adelaide,Gold Coast,95,85,Adelaide,10,Win,Fri,2021-04-02,April,7:20 PM,30175,Adelaide Oval,True,False
2021,2021,3,Home & Away,Not applicable,False,Richmond,Sydney,72,117,Sydney,45,Win,Sat,2021-04-03,April,1:45 PM,43637,M.C.G.,True,False
2021,2021,3,Home & Away,Not applicable,False,Essendon,St Kilda,143,68,Essendon,75,Win,Sat,2021-04-03,April,4:35 PM,29234,Docklands,True,False
2021,2021,3,Home & Away,Not applicable,False,West Coast,Port Adelaide,108,71,West Coast,37,Win,Sat,2021-04-03,April,5:10 PM,42090,Perth Stadium,True,False
2021,2021,3,Home & Away,Not applicable,False,Carlton,Fremantle,109,64,Carlton,45,Win,Sun,2021-04-04,April,3:20 PM,24551,Docklands,True,False
2021,2021,3,Home & Away,Not applicable,False,Greater Western Sydney,Melbourne,68,102,Melbourne,34,Win,Sun,2021-04-04,April,6:10 PM,9563,Manuka Oval,True,False
2021,2021,3,Home & Away,Not applicable,False,Geelong,Hawthorn,69,64,Geelong,5,Win,Mon,2021-04-05,April,3:20 PM,50030,M.C.G.,True,False
2021,2021,4,Home & Away,Not applicable,False,Sydney,Essendon,83,80,Sydney,3,Win,Thu,2021-04-08,April,7:20 PM,28039,S.C.G.,True,False
2021,2021,4,Home & Away,Not applicable,False,Port Adelaide,Richmond,79,77,Port Adelaide,2,Win,Fri,2021-04-09,April,7:20 PM,33742,Adelaide Oval,True,False
2021,2021,4,Home & Away,Not applicable,False,Western Bulldogs,Brisbane Lions,73,54,Western Bulldogs,19,Win,Sat,2021-04-10,April,1:35 PM,7387,Eureka Stadium,True,False
2021,2021,4,Home & Away,Not applicable,False,St Kilda,West Coast,102,82,St Kilda,20,Win,Sat,2021-04-10,April,4:35 PM,16710,Docklands,True,False
2021,2021,4,Home & Away,Not applicable,False,Gold Coast,Carlton,59,70,Carlton,11,Win,Sat,2021-04-10,April,7:25 PM,11618,Carrara,True,False
2021,2021,4,Home & Away,Not applicable,False,Collingwood,Greater Western Sydney,60,90,Greater Western Sydney,30,Win,Sat,2021-04-10,April,7:25 PM,29866,M.C.G.,True,False
2021,2021,4,Home & Away,Not applicable,False,North Melbourne,Adelaide,68,109,Adelaide,41,Win,Sun,2021-04-11,April,1:10 PM,13479,Docklands,True,False
2021,2021,4,Home & Away,Not applicable,False,Melbourne,Geelong,85,60,Melbourne,25,Win,Sun,2021-04-11,April,3:20 PM,33728,M.C.G.,True,False
2021,2021,4,Home & Away,Not applicable,False,Fremantle,Hawthorn,96,81,Fremantle,15,Win,Sun,2021-04-11,April,2:40 PM,29490,Perth Stadium,True,False
2021,2021,5,Home & Away,Not applicable,False,St Kilda,Richmond,48,134,Richmond,86,Win,Thu,2021-04-15,April,7:20 PM,32056,Docklands,True,False
2021,2021,5,Home & Away,Not applicable,False,West Coast,Collingwood,103,76,West Coast,27,Win,Fri,2021-04-16,April,6:10 PM,54159,Perth Stadium,True,False
2021,2021,5,Home & Away,Not applicable,False,Western Bulldogs,Gold Coast,118,56,Western Bulldogs,62,Win,Sat,2021-04-17,April,4:35 PM,18920,Docklands,True,False
2021,2021,5,Home & Away,Not applicable,False,Sydney,Greater Western Sydney,69,71,Greater Western Sydney,2,Win,Sat,2021-04-17,April,4:35 PM,33541,S.C.G.,True,False
2021,2021,5,Home & Away,Not applicable,False,Carlton,Port Adelaide,68,96,Port Adelaide,28,Win,Sat,2021-04-17,April,7:25 PM,32893,M.C.G.,True,False
2021,2021,5,Home & Away,Not applicable,False,Brisbane Lions,Essendon,102,45,Brisbane Lions,57,Win,Sat,2021-04-17,April,7:25 PM,23544,Gabba,True,False
2021,2021,5,Home & Away,Not applicable,False,Adelaide,Fremantle,72,84,Fremantle,12,Win,Sun,2021-04-18,April,12:40 PM,31454,Adelaide Oval,True,False
2021,2021,5,Home & Away,Not applicable,False,Hawthorn,Melbourne,54,104,Melbourne,50,Win,Sun,2021-04-18,April,3:20 PM,36337,M.C.G.,True,False
2021,2021,5,Home & Away,Not applicable,False,Geelong,North Melbourne,77,47,Geelong,30,Win,Sun,2021-04-18,April,4:40 PM,21282,Kardinia Park,True,False
2021,2021,6,Home & Away,Not applicable,False,Greater Western Sydney,Western Bulldogs,65,104,Western Bulldogs,39,Win,Fri,2021-04-23,April,7:50 PM,10064,Manuka Oval,True,False
2021,2021,6,Home & Away,Not applicable,False,Geelong,West Coast,136,39,Geelong,97,Win,Sat,2021-04-24,April,1:45 PM,21282,Kardinia Park,True,False
2021,2021,6,Home & Away,Not applicable,False,Gold Coast,Sydney,100,60,Gold Coast,40,Win,Sat,2021-04-24,April,1:45 PM,9819,Carrara,True,False
2021,2021,6,Home & Away,Not applicable,False,Carlton,Brisbane Lions,85,103,Brisbane Lions,18,Win,Sat,2021-04-24,April,4:35 PM,29576,Docklands,True,False
2021,2021,6,Home & Away,Not applicable,False,Melbourne,Richmond,82,48,Melbourne,34,Win,Sat,2021-04-24,April,7:25 PM,56418,M.C.G.,True,False
2021,2021,6,Home & Away,Not applicable,False,Hawthorn,Adelaide,102,99,Hawthorn,3,Win,Sun,2021-04-25,April,12:30 PM,9007,York Park,True,False
2021,2021,6,Home & Away,Not applicable,False,Collingwood,Essendon,85,109,Essendon,24,Win,Sun,2021-04-25,April,3:20 PM,78113,M.C.G.,True,False
2021,2021,6,Home & Away,Not applicable,False,Port Adelaide,St Kilda,93,39,Port Adelaide,54,Win,Sun,2021-04-25,April,6:10 PM,33125,Adelaide Oval,True,False
2021,2021,7,Home & Away,Not applicable,False,Richmond,Western Bulldogs,77,55,Richmond,22,Win,Fri,2021-04-30,April,7:50 PM,52402,M.C.G.,True,False
2021,2021,7,Home & Away,Not applicable,False,Collingwood,Gold Coast,55,79,Gold Coast,24,Win,Sat,2021-05-01,May,1:45 PM,24397,M.C.G.,True,False
2021,2021,7,Home & Away,Not applicable,False,Adelaide,Greater Western Sydney,39,106,Greater Western Sydney,67,Win,Sat,2021-05-01,May,1:40 PM,28853,Adelaide Oval,True,False
2021,2021,7,Home & Away,Not applicable,False,St Kilda,Hawthorn,128,59,St Kilda,69,Win,Sat,2021-05-01,May,4:35 PM,26433,Docklands,True,False
2021,2021,7,Home & Away,Not applicable,False,Sydney,Geelong,90,88,Sydney,2,Win,Sat,2021-05-01,May,7:25 PM,29123,S.C.G.,True,False
2021,2021,7,Home & Away,Not applicable,False,Brisbane Lions,Port Adelaide,93,44,Brisbane Lions,49,Win,Sat,2021-05-01,May,7:25 PM,20007,Gabba,True,False
2021,2021,7,Home & Away,Not applicable,False,North Melbourne,Melbourne,73,103,Melbourne,30,Win,Sun,2021-05-02,May,1:10 PM,6009,Bellerive Oval,True,False
2021,2021,7,Home & Away,Not applicable,False,Essendon,Carlton,107,123,Carlton,16,Win,Sun,2021-05-02,May,3:20 PM,57447,M.C.G.,True,False
2021,2021,8,Home & Away,Not applicable,False,Richmond,Geelong,63,126,Geelong,63,Win,Fri,2021-05-07,May,7:50 PM,54857,M.C.G.,True,False
2021,2021,8,Home & Away,Not applicable,False,Gold Coast,St Kilda,54,63,St Kilda,9,Win,Sat,2021-05-08,May,1:45 PM,9271,Carrara,True,False
2021,2021,8,Home & Away,Not applicable,False,Greater Western Sydney,Essendon,107,105,Greater Western Sydney,2,Win,Sat,2021-05-08,May,2:10 PM,8526,Sydney Showground,True,False
2021,2021,8,Home & Away,Not applicable,False,North Melbourne,Collingwood,76,94,Collingwood,18,Win,Sat,2021-05-08,May,4:35 PM,22329,Docklands,True,False
2021,2021,8,Home & Away,Not applicable,False,Melbourne,Sydney,67,58,Melbourne,9,Win,Sat,2021-05-08,May,7:25 PM,35567,M.C.G.,True,False
2021,2021,8,Home & Away,Not applicable,False,Port Adelaide,Adelaide,87,38,Port Adelaide,49,Win,Sat,2021-05-08,May,7:10 PM,43069,Adelaide Oval,True,False
2021,2021,8,Home & Away,Not applicable,False,Hawthorn,West Coast,60,98,West Coast,38,Win,Sun,2021-05-09,May,1:10 PM,15277,M.C.G.,True,False
2021,2021,8,Home & Away,Not applicable,False,Western Bulldogs,Carlton,107,91,Western Bulldogs,16,Win,Sun,2021-05-09,May,3:20 PM,27663,Docklands,True,False
2021,2021,8,Home & Away,Not applicable,False,Brisbane Lions,Fremantle,95,71,Brisbane Lions,24,Win,Sun,2021-05-09,May,4:40 PM,15403,Gabba,True,False
2021,2021,9,Home & Away,Not applicable,False,St Kilda,Geelong,47,68,Geelong,21,Win,Fri,2021-05-14,May,7:50 PM,26712,Docklands,True,False
2021,2021,9,Home & Away,Not applicable,False,Sydney,Collingwood,72,42,Sydney,30,Win,Sat,2021-05-15,May,1:45 PM,31448,S.C.G.,True,False
2021,2021,9,Home & Away,Not applicable,False,Hawthorn,North Melbourne,80,87,North Melbourne,7,Win,Sat,2021-05-15,May,2:10 PM,9121,York Park,True,False
2021,2021,9,Home & Away,Not applicable,False,Gold Coast,Brisbane Lions,51,124,Brisbane Lions,73,Win,Sat,2021-05-15,May,4:35 PM,12636,Carrara,True,False
2021,2021,9,Home & Away,Not applicable,False,Richmond,Greater Western Sydney,87,83,Richmond,4,Win,Sat,2021-05-15,May,7:25 PM,18798,Docklands,True,False
2021,2021,9,Home & Away,Not applicable,False,Port Adelaide,Western Bulldogs,77,96,Western Bulldogs,19,Win,Sat,2021-05-15,May,7:10 PM,32787,Adelaide Oval,True,False
2021,2021,9,Home & Away,Not applicable,False,Essendon,Fremantle,68,61,Essendon,7,Win,Sun,2021-05-16,May,1:10 PM,26357,Docklands,True,False
2021,2021,9,Home & Away,Not applicable,False,Melbourne,Carlton,94,68,Melbourne,26,Win,Sun,2021-05-16,May,3:20 PM,38581,M.C.G.,True,False
2021,2021,9,Home & Away,Not applicable,False,West Coast,Adelaide,106,76,West Coast,30,Win,Sun,2021-05-16,May,2:40 PM,43427,Perth Stadium,True,False
2021,2021,10,Home & Away,Not applicable,False,Brisbane Lions,Richmond,102,74,Brisbane Lions,28,Win,Fri,2021-05-21,May,7:50 PM,31127,Gabba,True,False
2021,2021,10,Home & Away,Not applicable,False,Carlton,Hawthorn,86,63,Carlton,23,Win,Sat,2021-05-22,May,1:45 PM,45741,M.C.G.,True,False
2021,2021,10,Home & Away,Not applicable,False,Geelong,Gold Coast,91,57,Geelong,34,Win,Sat,2021-05-22,May,2:10 PM,22055,Kardinia Park,True,False
2021,2021,10,Home & Away,Not applicable,False,Adelaide,Melbourne,96,95,Adelaide,1,Win,Sat,2021-05-22,May,4:05 PM,31373,Adelaide Oval,True,False
2021,2021,10,Home & Away,Not applicable,False,Western Bulldogs,St Kilda,144,33,Western Bulldogs,111,Win,Sat,2021-05-22,May,7:25 PM,28720,Docklands,True,False
2021,2021,10,Home & Away,Not applicable,False,Fremantle,Sydney,86,84,Fremantle,2,Win,Sat,2021-05-22,May,5:40 PM,29134,Perth Stadium,True,False
2021,2021,10,Home & Away,Not applicable,False,Greater Western Sydney,West Coast,93,77,Greater Western Sydney,16,Win,Sun,2021-05-23,May,1:10 PM,9046,Sydney Showground,True,False
2021,2021,10,Home & Away,Not applicable,False,Collingwood,Port Adelaide,58,59,Port Adelaide,1,Win,Sun,2021-05-23,May,3:20 PM,23415,M.C.G.,True,False
2021,2021,10,Home & Away,Not applicable,False,Essendon,North Melbourne,141,69,Essendon,72,Win,Sun,2021-05-23,May,4:40 PM,33121,Docklands,True,False
2021,2021,11,Home & Away,Not applicable,False,Brisbane Lions,Greater Western Sydney,129,65,Brisbane Lions,64,Win,Sat,2021-05-29,May,2:10 PM,22038,Gabba,True,False
2021,2021,11,Home & Away,Not applicable,False,West Coast,Essendon,71,87,Essendon,16,Win,Sat,2021-05-29,May,5:40 PM,41883,Perth Stadium,True,False
2021,2021,11,Home & Away,Not applicable,False,Gold Coast,Hawthorn,113,76,Gold Coast,37,Win,Sat,2021-05-29,May,7:40 PM,1241,S.C.G.,True,False
2021,2021,11,Home & Away,Not applicable,False,Richmond,Adelaide,111,83,Richmond,28,Win,Sun,2021-05-30,May,2:10 PM,4236,Sydney Showground,True,False
2021,2021,11,Home & Away,Not applicable,False,Sydney,Carlton,100,78,Sydney,22,Win,Sun,2021-05-30,May,3:20 PM,29882,S.C.G.,True,False
2021,2021,11,Home & Away,Not applicable,False,Port Adelaide,Fremantle,115,69,Port Adelaide,46,Win,Sun,2021-05-30,May,4:50 PM,26759,Adelaide Oval,True,False
2021,2021,12,Home & Away,Not applicable,False,Melbourne,Brisbane Lions,97,75,Melbourne,22,Win,Fri,2021-06-04,June,7:50 PM,3772,Sydney Showground,True,False
2021,2021,12,Home & Away,Not applicable,False,Sydney,St Kilda,92,83,Sydney,9,Win,Sat,2021-06-05,June,1:45 PM,19020,S.C.G.,True,False
2021,2021,12,Home & Away,Not applicable,False,Adelaide,Collingwood,73,78,Collingwood,5,Win,Sat,2021-06-05,June,4:05 PM,30446,Adelaide Oval,True,False
2021,2021,12,Home & Away,Not applicable,False,Essendon,Richmond,84,123,Richmond,39,Win,Sat,2021-06-05,June,5:40 PM,55656,Perth Stadium,True,False
2021,2021,12,Home & Away,Not applicable,False,Carlton,West Coast,73,95,West Coast,22,Win,Sun,2021-06-06,June,3:20 PM,5137,S.C.G.,True,False
2021,2021,12,Home & Away,Not applicable,False,Fremantle,Western Bulldogs,65,93,Western Bulldogs,28,Win,Sun,2021-06-06,June,4:40 PM,32875,Perth Stadium,True,False
2021,2021,13,Home & Away,Not applicable,False,Port Adelaide,Geelong,91,112,Geelong,21,Win,Thu,2021-06-10,June,7:10 PM,28718,Adelaide Oval,True,False
2021,2021,13,Home & Away,Not applicable,False,Sydney,Hawthorn,51,89,Hawthorn,38,Win,Fri,2021-06-11,June,7:50 PM,25904,S.C.G.,True,False
2021,2021,13,Home & Away,Not applicable,False,Fremantle,Gold Coast,76,49,Fremantle,27,Win,Sat,2021-06-12,June,2:15 PM,27318,Perth Stadium,True,False
2021,2021,13,Home & Away,Not applicable,False,St Kilda,Adelaide,60,66,Adelaide,6,Win,Sat,2021-06-12,June,7:25 PM,5969,Cazaly's Stadium,True,False
2021,2021,13,Home & Away,Not applicable,False,North Melbourne,Greater Western Sydney,94,94,Draw,0,Draw,Sun,2021-06-13,June,3:20 PM,3462,Bellerive Oval,True,False
2021,2021,13,Home & Away,Not applicable,False,West Coast,Richmond,85,81,West Coast,4,Win,Sun,2021-06-13,June,5:20 PM,50834,Perth Stadium,True,False
2021,2021,13,Home & Away,Not applicable,False,Melbourne,Collingwood,63,80,Collingwood,17,Win,Mon,2021-06-14,June,3:20 PM,16453,S.C.G.,True,False
2021,2021,14,Home & Away,Not applicable,False,Geelong,Western Bulldogs,83,78,Geelong,5,Win,Fri,2021-06-18,June,7:50 PM,6583,Kardinia Park,True,False
2021,2021,14,Home & Away,Not applicable,False,Gold Coast,Port Adelaide,31,81,Port Adelaide,50,Win,Sat,2021-06-19,June,1:45 PM,7117,Carrara,True,False
2021,2021,14,Home & Away,Not applicable,False,North Melbourne,Brisbane Lions,45,68,Brisbane Lions,23,Win,Sat,2021-06-19,June,4:35 PM,5060,Bellerive Oval,True,False
2021,2021,14,Home & Away,Not applicable,False,Greater Western Sydney,Carlton,102,66,Greater Western Sydney,36,Win,Sat,2021-06-19,June,7:25 PM,7035,Sydney Showground,True,False
2021,2021,14,Home & Away,Not applicable,False,Hawthorn,Essendon,73,86,Essendon,13,Win,Sun,2021-06-20,June,3:20 PM,14834,York Park,True,False
2021,2021,15,Home & Away,Not applicable,False,Brisbane Lions,Geelong,94,50,Brisbane Lions,44,Win,Thu,2021-06-24,June,7:30 PM,29024,Gabba,True,False
2021,2021,15,Home & Away,Not applicable,False,Richmond,St Kilda,22,62,St Kilda,40,Win,Fri,2021-06-25,June,7:50 PM,14787,M.C.G.,True,False
2021,2021,15,Home & Away,Not applicable,False,Collingwood,Fremantle,79,91,Fremantle,12,Win,Sat,2021-06-26,June,1:45 PM,11570,Docklands,True,False
2021,2021,15,Home & Away,Not applicable,False,North Melbourne,Gold Coast,72,63,North Melbourne,9,Win,Sat,2021-06-26,June,1:45 PM,6719,Bellerive Oval,True,False
2021,2021,15,Home & Away,Not applicable,False,Port Adelaide,Sydney,81,71,Port Adelaide,10,Win,Sat,2021-06-26,June,4:05 PM,29631,Adelaide Oval,True,False
2021,2021,15,Home & Away,Not applicable,False,Essendon,Melbourne,57,68,Melbourne,11,Win,Sat,2021-06-26,June,7:25 PM,19414,M.C.G.,True,False
2021,2021,15,Home & Away,Not applicable,False,Greater Western Sydney,Hawthorn,72,90,Hawthorn,18,Win,Sun,2021-06-27,June,1:10 PM,9897,M.C.G.,True,False
2021,2021,15,Home & Away,Not applicable,False,Carlton,Adelaide,83,73,Carlton,10,Win,Sun,2021-06-27,June,4:10 PM,14930,Docklands,True,False
2021,2021,16,Home & Away,Not applicable,False,Gold Coast,Richmond,77,67,Gold Coast,10,Win,Thu,2021-07-01,July,7:20 PM,9327,Docklands,True,False
2021,2021,16,Home & Away,Not applicable,False,Geelong,Essendon,98,57,Geelong,41,Win,Fri,2021-07-02,July,7:50 PM,15579,Kardinia Park,True,False
2021,2021,16,Home & Away,Not applicable,False,Melbourne,Greater Western Sydney,55,64,Greater Western Sydney,9,Win,Sat,2021-07-03,July,1:45 PM,16963,M.C.G.,True,False
2021,2021,16,Home & Away,Not applicable,False,Adelaide,Brisbane Lions,59,111,Brisbane Lions,52,Win,Sat,2021-07-03,July,4:05 PM,16178,Adelaide Oval,True,False
2021,2021,16,Home & Away,Not applicable,False,Fremantle,Carlton,64,80,Carlton,16,Win,Sat,2021-07-03,July,7:40 PM,12103,M.C.G.,True,False
2021,2021,16,Home & Away,Not applicable,False,Hawthorn,Port Adelaide,53,87,Port Adelaide,34,Win,Sat,2021-07-03,July,7:40 PM,18251,Docklands,True,False
2021,2021,16,Home & Away,Not applicable,False,Sydney,West Coast,118,26,Sydney,92,Win,Sun,2021-07-04,July,1:10 PM,9520,Kardinia Park,True,False
2021,2021,16,Home & Away,Not applicable,False,Collingwood,St Kilda,61,70,St Kilda,9,Win,Sun,2021-07-04,July,3:20 PM,18082,M.C.G.,True,False
2021,2021,16,Home & Away,Not applicable,False,Western Bulldogs,North Melbourne,108,79,Western Bulldogs,29,Win,Sun,2021-07-04,July,4:40 PM,18216,Docklands,True,False
2021,2021,17,Home & Away,Not applicable,False,Port Adelaide,Melbourne,55,86,Melbourne,31,Win,Thu,2021-07-08,July,7:10 PM,30908,Adelaide Oval,True,False
2021,2021,17,Home & Away,Not applicable,False,Essendon,Adelaide,84,21,Essendon,63,Win,Fri,2021-07-09,July,7:50 PM,23604,Docklands,True,False
2021,2021,17,Home & Away,Not applicable,False,Hawthorn,Fremantle,46,108,Fremantle,62,Win,Sat,2021-07-10,July,1:45 PM,9111,York Park,True,False
2021,2021,17,Home & Away,Not applicable,False,Carlton,Geelong,44,70,Geelong,26,Win,Sat,2021-07-10,July,4:35 PM,31834,M.C.G.,True,False
2021,2021,17,Home & Away,Not applicable,False,Brisbane Lions,St Kilda,63,95,St Kilda,32,Win,Sat,2021-07-10,July,7:25 PM,9075,Carrara,True,False
2021,2021,17,Home & Away,Not applicable,False,Greater Western Sydney,Gold Coast,64,65,Gold Coast,1,Win,Sun,2021-07-11,July,12:40 PM,2952,Eureka Stadium,True,False
2021,2021,17,Home & Away,Not applicable,False,Western Bulldogs,Sydney,60,79,Sydney,19,Win,Sun,2021-07-11,July,3:20 PM,24817,Docklands,True,False
2021,2021,17,Home & Away,Not applicable,False,Richmond,Collingwood,71,87,Collingwood,16,Win,Sun,2021-07-11,July,4:10 PM,29437,M.C.G.,True,False
2021,2021,17,Home & Away,Not applicable,False,West Coast,North Melbourne,60,70,North Melbourne,10,Win,Mon,2021-07-12,July,5:40 PM,30515,Perth Stadium,True,False
2021,2021,18,Home & Away,Not applicable,False,Fremantle,Geelong,31,100,Geelong,69,Win,Thu,2021-07-15,July,6:10 PM,35271,Perth Stadium,True,False
2021,2021,18,Home & Away,Not applicable,False,Richmond,Brisbane Lions,106,86,Richmond,20,Win,Fri,2021-07-16,July,8:05 PM,4119,Carrara,True,False
2021,2021,18,Home & Away,Not applicable,False,Gold Coast,Western Bulldogs,79,90,Western Bulldogs,11,Win,Sat,2021-07-17,July,4:35 PM,8244,Carrara,True,False
2021,2021,18,Home & Away,Not applicable,False,North Melbourne,Essendon,74,92,Essendon,18,Win,Sun,2021-07-18,July,12:35 PM,5114,Carrara,True,False
2021,2021,18,Home & Away,Not applicable,False,Adelaide,West Coast,56,98,West Coast,42,Win,Sun,2021-07-18,July,4:10 PM,24554,Adelaide Oval,True,False
2021,2021,18,Home & Away,Not applicable,False,Greater Western Sydney,Sydney,72,98,Sydney,26,Win,Sun,2021-07-18,July,6:10 PM,2374,Carrara,True,False
2021,2021,19,Home & Away,Not applicable,False,Brisbane Lions,Gold Coast,120,71,Brisbane Lions,49,Win,Sat,2021-07-24,July,3:10 PM,16660,Gabba,True,False
2021,2021,19,Home & Away,Not applicable,False,West Coast,St Kilda,94,86,West Coast,8,Win,Sat,2021-07-24,July,2:35 PM,43657,Perth Stadium,True,False
2021,2021,19,Home & Away,Not applicable,False,Sydney,Fremantle,98,58,Sydney,40,Win,Sun,2021-07-25,July,12:30 PM,2875,Carrara,True,False
2021,2021,19,Home & Away,Not applicable,False,Essendon,Greater Western Sydney,53,66,Greater Western Sydney,13,Win,Sun,2021-07-25,July,6:10 PM,2681,Carrara,True,False
2021,2021,20,Home & Away,Not applicable,False,North Melbourne,Geelong,42,62,Geelong,20,Win,Sat,2021-07-31,July,1:15 PM,8033,Bellerive Oval,True,False
2021,2021,20,Home & Away,Not applicable,False,Hawthorn,Brisbane Lions,92,80,Hawthorn,12,Win,Sun,2021-08-01,August,2:10 PM,5381,York Park,True,False
2021,2021,20,Home & Away,Not applicable,False,Fremantle,Richmond,55,51,Fremantle,4,Win,Sun,2021-08-01,August,3:10 PM,24979,Perth Stadium,True,False
2021,2021,21,Home & Away,Not applicable,False,Adelaide,Port Adelaide,51,55,Port Adelaide,4,Win,Sat,2021-08-07,August,7:10 PM,14736,Adelaide Oval,True,False
2021,2021,21,Home & Away,Not applicable,False,Fremantle,Brisbane Lions,54,118,Brisbane Lions,64,Win,Sun,2021-08-08,August,3:10 PM,29589,Perth Stadium,True,False
2021,2021,21,Home & Away,Not applicable,False,West Coast,Melbourne,63,72,Melbourne,9,Win,Mon,2021-08-09,August,6:10 PM,31584,Perth Stadium,True,False
2021,2021,22,Home & Away,Not applicable,False,Hawthorn,Western Bulldogs,64,37,Hawthorn,27,Win,Sat,2021-08-14,August,1:45 PM,7822,York Park,True,False
2021,2021,22,Home & Away,Not applicable,False,Port Adelaide,Carlton,140,45,Port Adelaide,95,Win,Sat,2021-08-14,August,4:05 PM,13943,Adelaide Oval,True,False
2021,2021,22,Home & Away,Not applicable,False,Brisbane Lions,Collingwood,142,57,Brisbane Lions,85,Win,Sat,2021-08-14,August,7:25 PM,15146,Gabba,True,False
2021,2021,22,Home & Away,Not applicable,False,Fremantle,West Coast,79,64,Fremantle,15,Win,Sun,2021-08-15,August,3:10 PM,51692,Perth Stadium,True,False
2021,2021,23,Home & Away,Not applicable,False,Brisbane Lions,West Coast,125,87,Brisbane Lions,38,Win,Sat,2021-08-21,August,4:35 PM,21845,Gabba,True,False
2021,2021,23,Home & Away,Not applicable,False,St Kilda,Fremantle,107,49,St Kilda,58,Win,Sun,2021-08-22,August,12:15 PM,3082,Bellerive Oval,True,False
2021,2021,23,Home & Away,Not applicable,False,Adelaide,North Melbourne,98,54,Adelaide,44,Win,Sun,2021-08-22,August,4:10 PM,13103,Adelaide Oval,True,False
2021,2021,,Finals,Qualifying Final,True,Port Adelaide,Geelong,86,43,Port Adelaide,43,Win,Fri,2021-08-27,August,7:20 PM,19712,Adelaide Oval,True,False
2021,2021,,Finals,Elimination Final,True,Sydney,Greater Western Sydney,73,74,Greater Western Sydney,1,Win,Sat,2021-08-28,August,3:20 PM,8635,York Park,True,False
2021,2021,,Finals,Qualifying Final,True,Melbourne,Brisbane Lions,93,60,Melbourne,33,Win,Sat,2021-08-28,August,7:00 PM,13784,Adelaide Oval,True,False
2021,2021,,Finals,Elimination Final,True,Western Bulldogs,Essendon,85,36,Western Bulldogs,49,Win,Sun,2021-08-29,August,3:20 PM,9760,York Park,True,False
2021,2021,,Finals,Semi Final,True,Geelong,Greater Western Sydney,103,68,Geelong,35,Win,Fri,2021-09-03,September,5:50 PM,44091,Perth Stadium,True,False
2021,2021,,Finals,Semi Final,True,Brisbane Lions,Western Bulldogs,78,79,Western Bulldogs,1,Win,Sat,2021-09-04,September,7:20 PM,30647,Gabba,True,False
2021,2021,,Finals,Preliminary Final,True,Melbourne,Geelong,125,42,Melbourne,83,Win,Fri,2021-09-10,September,5:50 PM,58599,Perth Stadium,True,False
2021,2021,,Finals,Preliminary Final,True,Port Adelaide,Western Bulldogs,45,116,Western Bulldogs,71,Win,Sat,2021-09-11,September,7:10 PM,26400,Adelaide Oval,True,False
2021,2021,,Finals,Grand Final,True,Melbourne,Western Bulldogs,140,66,Melbourne,74,Win,Sat,2021-09-25,September,5:15 PM,61118,Perth Stadium,True,False
2022,2022,1,Home & Away,Not applicable,False,Melbourne,Western Bulldogs,97,71,Melbourne,26,Win,Wed,2022-03-16,March,7:10 PM,58002,M.C.G.,False,True
2022,2022,1,Home & Away,Not applicable,False,Carlton,Richmond,101,76,Carlton,25,Win,Thu,2022-03-17,March,7:25 PM,72179,M.C.G.,False,True
2022,2022,1,Home & Away,Not applicable,False,St Kilda,Collingwood,85,102,Collingwood,17,Win,Fri,2022-03-18,March,7:50 PM,40129,Docklands,False,True
2022,2022,1,Home & Away,Not applicable,False,Geelong,Essendon,138,72,Geelong,66,Win,Sat,2022-03-19,March,2:10 PM,54495,M.C.G.,False,True
2022,2022,1,Home & Away,Not applicable,False,Greater Western Sydney,Sydney,92,112,Sydney,20,Win,Sat,2022-03-19,March,5:10 PM,25572,Stadium Australia,False,True
2022,2022,1,Home & Away,Not applicable,False,Brisbane Lions,Port Adelaide,80,69,Brisbane Lions,11,Win,Sat,2022-03-19,March,7:10 PM,25100,Gabba,False,True
2022,2022,1,Home & Away,Not applicable,False,Hawthorn,North Melbourne,78,58,Hawthorn,20,Win,Sun,2022-03-20,March,1:10 PM,38297,M.C.G.,False,True
2022,2022,1,Home & Away,Not applicable,False,Adelaide,Fremantle,82,83,Fremantle,1,Win,Sun,2022-03-20,March,3:40 PM,28186,Adelaide Oval,False,True
2022,2022,1,Home & Away,Not applicable,False,West Coast,Gold Coast,80,107,Gold Coast,27,Win,Sun,2022-03-20,March,4:40 PM,20932,Perth Stadium,False,True
2022,2022,2,Home & Away,Not applicable,False,Western Bulldogs,Carlton,90,102,Carlton,12,Win,Thu,2022-03-24,March,7:20 PM,34961,Docklands,False,True
2022,2022,2,Home & Away,Not applicable,False,Sydney,Geelong,107,77,Sydney,30,Win,Fri,2022-03-25,March,7:50 PM,36578,S.C.G.,False,True
2022,2022,2,Home & Away,Not applicable,False,Collingwood,Adelaide,100,58,Collingwood,42,Win,Sat,2022-03-26,March,1:45 PM,36843,M.C.G.,False,True
2022,2022,2,Home & Away,Not applicable,False,Essendon,Brisbane Lions,75,97,Brisbane Lions,22,Win,Sat,2022-03-26,March,4:35 PM,30631,Docklands,False,True
2022,2022,2,Home & Away,Not applicable,False,Port Adelaide,Hawthorn,56,120,Hawthorn,64,Win,Sat,2022-03-26,March,7:10 PM,30267,Adelaide Oval,False,True
2022,2022,2,Home & Away,Not applicable,False,Gold Coast,Melbourne,69,82,Melbourne,13,Win,Sat,2022-03-26,March,7:00 PM,8280,Carrara,False,True
2022,2022,2,Home & Away,Not applicable,False,North Melbourne,West Coast,74,59,North Melbourne,15,Win,Sun,2022-03-27,March,1:10 PM,14204,Docklands,False,True
2022,2022,2,Home & Away,Not applicable,False,Richmond,Greater Western Sydney,109,73,Richmond,36,Win,Sun,2022-03-27,March,3:20 PM,28813,M.C.G.,False,True
2022,2022,2,Home & Away,Not applicable,False,Fremantle,St Kilda,55,65,St Kilda,10,Win,Sun,2022-03-27,March,3:20 PM,25284,Perth Stadium,False,True
2022,2022,3,Home & Away,Not applicable,False,Western Bulldogs,Sydney,71,60,Western Bulldogs,11,Win,Thu,2022-03-31,March,7:20 PM,24327,Docklands,False,True
2022,2022,3,Home & Away,Not applicable,False,Melbourne,Essendon,99,70,Melbourne,29,Win,Fri,2022-04-01,April,7:20 PM,44503,M.C.G.,False,True
2022,2022,3,Home & Away,Not applicable,False,Adelaide,Port Adelaide,96,92,Adelaide,4,Win,Fri,2022-04-01,April,7:50 PM,39190,Adelaide Oval,False,True
2022,2022,3,Home & Away,Not applicable,False,Greater Western Sydney,Gold Coast,83,57,Greater Western Sydney,26,Win,Sat,2022-04-02,April,4:35 PM,4014,Sydney Showground,False,True
2022,2022,3,Home & Away,Not applicable,False,Collingwood,Geelong,91,104,Geelong,13,Win,Sat,2022-04-02,April,7:25 PM,52974,M.C.G.,False,True
2022,2022,3,Home & Away,Not applicable,False,Brisbane Lions,North Melbourne,156,48,Brisbane Lions,108,Win,Sat,2022-04-02,April,7:00 PM,19817,Gabba,False,True
2022,2022,3,Home & Away,Not applicable,False,Carlton,Hawthorn,74,73,Carlton,1,Win,Sun,2022-04-03,April,1:10 PM,66317,M.C.G.,False,True
2022,2022,3,Home & Away,Not applicable,False,St Kilda,Richmond,117,84,St Kilda,33,Win,Sun,2022-04-03,April,3:20 PM,31933,Docklands,False,True
2022,2022,3,Home & Away,Not applicable,False,West Coast,Fremantle,47,102,Fremantle,55,Win,Sun,2022-04-03,April,4:20 PM,38920,Perth Stadium,False,True
2022,2022,4,Home & Away,Not applicable,False,Port Adelaide,Melbourne,36,68,Melbourne,32,Win,Thu,2022-04-07,April,7:10 PM,23058,Adelaide Oval,False,True
2022,2022,4,Home & Away,Not applicable,False,Geelong,Brisbane Lions,80,70,Geelong,10,Win,Fri,2022-04-08,April,7:50 PM,20505,Kardinia Park,False,True
2022,2022,4,Home & Away,Not applicable,False,Sydney,North Melbourne,86,75,Sydney,11,Win,Sat,2022-04-09,April,2:40 PM,22307,S.C.G.,False,True
2022,2022,4,Home & Away,Not applicable,False,Collingwood,West Coast,74,87,West Coast,13,Win,Sat,2022-04-09,April,4:35 PM,25897,Docklands,False,True
2022,2022,4,Home & Away,Not applicable,False,Fremantle,Greater Western Sydney,88,54,Fremantle,34,Win,Sat,2022-04-09,April,5:25 PM,30201,Perth Stadium,False,True
2022,2022,4,Home & Away,Not applicable,False,Richmond,Western Bulldogs,99,61,Richmond,38,Win,Sat,2022-04-09,April,7:25 PM,43645,M.C.G.,False,True
2022,2022,4,Home & Away,Not applicable,False,Essendon,Adelaide,103,99,Essendon,4,Win,Sun,2022-04-10,April,1:10 PM,24906,Docklands,False,True
2022,2022,4,Home & Away,Not applicable,False,Hawthorn,St Kilda,73,142,St Kilda,69,Win,Sun,2022-04-10,April,3:20 PM,30926,M.C.G.,False,True
2022,2022,4,Home & Away,Not applicable,False,Gold Coast,Carlton,92,62,Gold Coast,30,Win,Sun,2022-04-10,April,4:10 PM,14349,Carrara,False,True
2022,2022,5,Home & Away,Not applicable,False,Brisbane Lions,Collingwood,98,91,Brisbane Lions,7,Win,Thu,2022-04-14,April,7:35 PM,32312,Gabba,False,True
2022,2022,5,Home & Away,Not applicable,False,North Melbourne,Western Bulldogs,71,139,Western Bulldogs,68,Win,Fri,2022-04-15,April,4:20 PM,32162,Docklands,False,True
2022,2022,5,Home & Away,Not applicable,False,West Coast,Sydney,58,121,Sydney,63,Win,Fri,2022-04-15,April,5:40 PM,42888,Perth Stadium,False,True
2022,2022,5,Home & Away,Not applicable,False,St Kilda,Gold Coast,87,61,St Kilda,26,Win,Sat,2022-04-16,April,1:45 PM,18724,Docklands,False,True
2022,2022,5,Home & Away,Not applicable,False,Adelaide,Richmond,101,82,Adelaide,19,Win,Sat,2022-04-16,April,4:05 PM,33031,Adelaide Oval,False,True
2022,2022,5,Home & Away,Not applicable,False,Melbourne,Greater Western Sydney,120,53,Melbourne,67,Win,Sat,2022-04-16,April,7:25 PM,20791,M.C.G.,False,True
2022,2022,5,Home & Away,Not applicable,False,Carlton,Port Adelaide,94,91,Carlton,3,Win,Sun,2022-04-17,April,1:40 PM,33433,M.C.G.,False,True
2022,2022,5,Home & Away,Not applicable,False,Essendon,Fremantle,59,107,Fremantle,48,Win,Sun,2022-04-17,April,4:40 PM,23935,Docklands,False,True
2022,2022,5,Home & Away,Not applicable,False,Hawthorn,Geelong,92,80,Hawthorn,12,Win,Mon,2022-04-18,April,3:20 PM,48030,M.C.G.,False,True
2022,2022,6,Home & Away,Not applicable,False,Greater Western Sydney,St Kilda,60,77,St Kilda,17,Win,Fri,2022-04-22,April,7:50 PM,11207,Manuka Oval,False,True
2022,2022,6,Home & Away,Not applicable,False,Western Bulldogs,Adelaide,62,63,Adelaide,1,Win,Sat,2022-04-23,April,1:45 PM,10412,Eureka Stadium,False,True
2022,2022,6,Home & Away,Not applicable,False,Port Adelaide,West Coast,117,33,Port Adelaide,84,Win,Sat,2022-04-23,April,4:05 PM,28587,Adelaide Oval,False,True
2022,2022,6,Home & Away,Not applicable,False,Fremantle,Carlton,97,62,Fremantle,35,Win,Sat,2022-04-23,April,5:40 PM,42302,Perth Stadium,False,True
2022,2022,6,Home & Away,Not applicable,False,North Melbourne,Geelong,61,121,Geelong,60,Win,Sun,2022-04-24,April,1:10 PM,8663,Bellerive Oval,False,True
2022,2022,6,Home & Away,Not applicable,False,Gold Coast,Brisbane Lions,80,132,Brisbane Lions,52,Win,Sun,2022-04-24,April,4:10 PM,14897,Carrara,False,True
2022,2022,6,Home & Away,Not applicable,False,Richmond,Melbourne,54,76,Melbourne,22,Win,Sun,2022-04-24,April,7:25 PM,70334,M.C.G.,False,True
2022,2022,6,Home & Away,Not applicable,False,Hawthorn,Sydney,68,109,Sydney,41,Win,Mon,2022-04-25,April,12:30 PM,14107,York Park,False,True
2022,2022,6,Home & Away,Not applicable,False,Essendon,Collingwood,82,93,Collingwood,11,Win,Mon,2022-04-25,April,3:20 PM,84205,M.C.G.,False,True
2022,2022,7,Home & Away,Not applicable,False,West Coast,Richmond,56,165,Richmond,109,Win,Fri,2022-04-29,April,6:10 PM,39430,Perth Stadium,False,True
2022,2022,7,Home & Away,Not applicable,False,Geelong,Fremantle,66,69,Fremantle,3,Win,Sat,2022-04-30,April,1:45 PM,20136,Kardinia Park,False,True
2022,2022,7,Home & Away,Not applicable,False,Adelaide,Greater Western Sydney,54,113,Greater Western Sydney,59,Win,Sat,2022-04-30,April,1:40 PM,31811,Adelaide Oval,False,True
2022,2022,7,Home & Away,Not applicable,False,Melbourne,Hawthorn,91,81,Melbourne,10,Win,Sat,2022-04-30,April,4:35 PM,39425,M.C.G.,False,True
2022,2022,7,Home & Away,Not applicable,False,Carlton,North Melbourne,114,64,Carlton,50,Win,Sat,2022-04-30,April,7:25 PM,40129,Docklands,False,True
2022,2022,7,Home & Away,Not applicable,False,St Kilda,Port Adelaide,42,43,Port Adelaide,1,Win,Sat,2022-04-30,April,7:25 PM,6645,Cazaly's Stadium,False,True
2022,2022,7,Home & Away,Not applicable,False,Collingwood,Gold Coast,115,90,Collingwood,25,Win,Sun,2022-05-01,May,1:10 PM,28916,M.C.G.,False,True
2022,2022,7,Home & Away,Not applicable,False,Western Bulldogs,Essendon,103,71,Western Bulldogs,32,Win,Sun,2022-05-01,May,3:20 PM,33677,Docklands,False,True
2022,2022,7,Home & Away,Not applicable,False,Sydney,Brisbane Lions,89,113,Brisbane Lions,24,Win,Sun,2022-05-01,May,4:40 PM,30110,S.C.G.,False,True
2022,2022,8,Home & Away,Not applicable,False,Port Adelaide,Western Bulldogs,86,69,Port Adelaide,17,Win,Fri,2022-05-06,May,7:00 PM,29290,Adelaide Oval,False,True
2022,2022,8,Home & Away,Not applicable,False,Fremantle,North Melbourne,102,24,Fremantle,78,Win,Fri,2022-05-06,May,6:40 PM,37040,Perth Stadium,False,True
2022,2022,8,Home & Away,Not applicable,False,Richmond,Collingwood,113,86,Richmond,27,Win,Sat,2022-05-07,May,1:45 PM,64481,M.C.G.,False,True
2022,2022,8,Home & Away,Not applicable,False,Sydney,Gold Coast,61,75,Gold Coast,14,Win,Sat,2022-05-07,May,1:45 PM,20420,S.C.G.,False,True
2022,2022,8,Home & Away,Not applicable,False,Greater Western Sydney,Geelong,35,88,Geelong,53,Win,Sat,2022-05-07,May,4:35 PM,11661,Manuka Oval,False,True
2022,2022,8,Home & Away,Not applicable,False,Essendon,Hawthorn,108,81,Essendon,27,Win,Sat,2022-05-07,May,7:25 PM,33042,Docklands,False,True
2022,2022,8,Home & Away,Not applicable,False,Brisbane Lions,West Coast,105,30,Brisbane Lions,75,Win,Sat,2022-05-07,May,7:25 PM,19331,Gabba,False,True
2022,2022,8,Home & Away,Not applicable,False,Melbourne,St Kilda,93,55,Melbourne,38,Win,Sun,2022-05-08,May,1:10 PM,35767,M.C.G.,False,True
2022,2022,8,Home & Away,Not applicable,False,Carlton,Adelaide,116,68,Carlton,48,Win,Sun,2022-05-08,May,4:40 PM,25376,Docklands,False,True
2022,2022,9,Home & Away,Not applicable,False,Collingwood,Western Bulldogs,51,99,Western Bulldogs,48,Win,Fri,2022-05-13,May,7:50 PM,44029,Docklands,False,True
2022,2022,9,Home & Away,Not applicable,False,Hawthorn,Richmond,94,117,Richmond,23,Win,Sat,2022-05-14,May,1:45 PM,40663,M.C.G.,False,True
2022,2022,9,Home & Away,Not applicable,False,North Melbourne,Port Adelaide,46,115,Port Adelaide,69,Win,Sat,2022-05-14,May,2:10 PM,5114,Bellerive Oval,False,True
2022,2022,9,Home & Away,Not applicable,False,St Kilda,Geelong,90,80,St Kilda,10,Win,Sat,2022-05-14,May,4:35 PM,32517,Docklands,False,True
2022,2022,9,Home & Away,Not applicable,False,Sydney,Essendon,105,47,Sydney,58,Win,Sat,2022-05-14,May,7:25 PM,27464,S.C.G.,False,True
2022,2022,9,Home & Away,Not applicable,False,Adelaide,Brisbane Lions,66,102,Brisbane Lions,36,Win,Sat,2022-05-14,May,7:10 PM,36579,Adelaide Oval,False,True
2022,2022,9,Home & Away,Not applicable,False,Gold Coast,Fremantle,69,33,Gold Coast,36,Win,Sun,2022-05-15,May,1:40 PM,6136,Carrara,False,True
2022,2022,9,Home & Away,Not applicable,False,Greater Western Sydney,Carlton,75,105,Carlton,30,Win,Sun,2022-05-15,May,3:20 PM,8754,Sydney Showground,False,True
2022,2022,9,Home & Away,Not applicable,False,West Coast,Melbourne,38,112,Melbourne,74,Win,Sun,2022-05-15,May,3:20 PM,27488,Perth Stadium,False,True
2022,2022,10,Home & Away,Not applicable,False,Carlton,Sydney,102,87,Carlton,15,Win,Fri,2022-05-20,May,7:50 PM,44769,Docklands,False,True
2022,2022,10,Home & Away,Not applicable,False,Western Bulldogs,Gold Coast,106,87,Western Bulldogs,19,Win,Sat,2022-05-21,May,1:45 PM,6040,Eureka Stadium,False,True
2022,2022,10,Home & Away,Not applicable,False,Geelong,Port Adelaide,82,47,Geelong,35,Win,Sat,2022-05-21,May,1:45 PM,18721,Kardinia Park,False,True
2022,2022,10,Home & Away,Not applicable,False,North Melbourne,Melbourne,53,100,Melbourne,47,Win,Sat,2022-05-21,May,4:35 PM,13422,Docklands,False,True
2022,2022,10,Home & Away,Not applicable,False,Adelaide,St Kilda,69,90,St Kilda,21,Win,Sat,2022-05-21,May,7:00 PM,28783,Adelaide Oval,False,True
2022,2022,10,Home & Away,Not applicable,False,Richmond,Essendon,80,48,Richmond,32,Win,Sat,2022-05-21,May,7:30 PM,70226,M.C.G.,False,True
2022,2022,10,Home & Away,Not applicable,False,Greater Western Sydney,West Coast,138,86,Greater Western Sydney,52,Win,Sun,2022-05-22,May,2:10 PM,5057,Sydney Showground,False,True
2022,2022,10,Home & Away,Not applicable,False,Hawthorn,Brisbane Lions,117,112,Hawthorn,5,Win,Sun,2022-05-22,May,3:20 PM,12007,York Park,False,True
2022,2022,10,Home & Away,Not applicable,False,Fremantle,Collingwood,44,80,Collingwood,36,Win,Sun,2022-05-22,May,3:20 PM,35534,Perth Stadium,False,True
2022,2022,11,Home & Away,Not applicable,False,Sydney,Richmond,106,100,Sydney,6,Win,Fri,2022-05-27,May,7:50 PM,31387,S.C.G.,False,True
2022,2022,11,Home & Away,Not applicable,False,Geelong,Adelaide,97,55,Geelong,42,Win,Sat,2022-05-28,May,1:45 PM,19051,Kardinia Park,False,True
2022,2022,11,Home & Away,Not applicable,False,Brisbane Lions,Greater Western Sydney,110,96,Brisbane Lions,14,Win,Sat,2022-05-28,May,1:45 PM,22068,Gabba,False,True
2022,2022,11,Home & Away,Not applicable,False,Melbourne,Fremantle,56,94,Fremantle,38,Win,Sat,2022-05-28,May,4:35 PM,29812,M.C.G.,False,True
2022,2022,11,Home & Away,Not applicable,False,West Coast,Western Bulldogs,60,161,Western Bulldogs,101,Win,Sat,2022-05-28,May,5:30 PM,31838,Perth Stadium,False,True
2022,2022,11,Home & Away,Not applicable,False,Gold Coast,Hawthorn,121,54,Gold Coast,67,Win,Sat,2022-05-28,May,7:10 PM,7516,Marrara Oval,False,True
2022,2022,11,Home & Away,Not applicable,False,St Kilda,North Melbourne,103,50,St Kilda,53,Win,Sun,2022-05-29,May,1:10 PM,23464,Docklands,False,True
2022,2022,11,Home & Away,Not applicable,False,Collingwood,Carlton,79,75,Collingwood,4,Win,Sun,2022-05-29,May,3:20 PM,80627,M.C.G.,False,True
2022,2022,11,Home & Away,Not applicable,False,Port Adelaide,Essendon,66,50,Port Adelaide,16,Win,Sun,2022-05-29,May,4:10 PM,25877,Adelaide Oval,False,True
2022,2022,12,Home & Away,Not applicable,False,Western Bulldogs,Geelong,70,83,Geelong,13,Win,Fri,2022-06-03,June,7:50 PM,34370,Docklands,False,True
2022,2022,12,Home & Away,Not applicable,False,Adelaide,West Coast,88,57,Adelaide,31,Win,Sat,2022-06-04,June,1:15 PM,22859,Adelaide Oval,False,True
2022,2022,12,Home & Away,Not applicable,False,Gold Coast,North Melbourne,109,47,Gold Coast,62,Win,Sat,2022-06-04,June,4:05 PM,5523,Marrara Oval,False,True
2022,2022,12,Home & Away,Not applicable,False,Melbourne,Sydney,61,73,Sydney,12,Win,Sat,2022-06-04,June,7:25 PM,32753,M.C.G.,False,True
2022,2022,12,Home & Away,Not applicable,False,Hawthorn,Collingwood,68,72,Collingwood,4,Win,Sun,2022-06-05,June,2:10 PM,43939,M.C.G.,False,True
2022,2022,12,Home & Away,Not applicable,False,Fremantle,Brisbane Lions,99,85,Fremantle,14,Win,Sun,2022-06-05,June,3:20 PM,47214,Perth Stadium,False,True
2022,2022,13,Home & Away,Not applicable,False,Richmond,Port Adelaide,77,65,Richmond,12,Win,Thu,2022-06-09,June,7:20 PM,21757,M.C.G.,False,True
2022,2022,13,Home & Away,Not applicable,False,Essendon,Carlton,54,80,Carlton,26,Win,Fri,2022-06-10,June,7:50 PM,65440,M.C.G.,False,True
2022,2022,13,Home & Away,Not applicable,False,Fremantle,Hawthorn,95,82,Fremantle,13,Win,Sat,2022-06-11,June,2:10 PM,39428,Perth Stadium,False,True
2022,2022,13,Home & Away,Not applicable,False,Brisbane Lions,St Kilda,78,57,Brisbane Lions,21,Win,Sat,2022-06-11,June,7:25 PM,26610,Gabba,False,True
2022,2022,13,Home & Away,Not applicable,False,North Melbourne,Greater Western Sydney,53,102,Greater Western Sydney,49,Win,Sun,2022-06-12,June,3:20 PM,13742,Docklands,False,True
2022,2022,13,Home & Away,Not applicable,False,Collingwood,Melbourne,82,56,Collingwood,26,Win,Mon,2022-06-13,June,3:20 PM,76059,M.C.G.,False,True
2022,2022,14,Home & Away,Not applicable,False,Richmond,Carlton,81,66,Richmond,15,Win,Thu,2022-06-16,June,7:20 PM,50741,M.C.G.,False,True
2022,2022,14,Home & Away,Not applicable,False,St Kilda,Essendon,72,107,Essendon,35,Win,Fri,2022-06-17,June,7:50 PM,33274,Docklands,False,True
2022,2022,14,Home & Away,Not applicable,False,Port Adelaide,Sydney,82,59,Port Adelaide,23,Win,Sat,2022-06-18,June,1:15 PM,30445,Adelaide Oval,False,True
2022,2022,14,Home & Away,Not applicable,False,West Coast,Geelong,63,81,Geelong,18,Win,Sat,2022-06-18,June,2:35 PM,32526,Perth Stadium,False,True
2022,2022,14,Home & Away,Not applicable,False,Greater Western Sydney,Western Bulldogs,105,125,Western Bulldogs,20,Win,Sat,2022-06-18,June,7:25 PM,6208,Sydney Showground,False,True
2022,2022,14,Home & Away,Not applicable,False,Gold Coast,Adelaide,116,73,Gold Coast,43,Win,Sun,2022-06-19,June,3:20 PM,10507,Carrara,False,True
2022,2022,15,Home & Away,Not applicable,False,Melbourne,Brisbane Lions,117,53,Melbourne,64,Win,Thu,2022-06-23,June,7:20 PM,37728,M.C.G.,False,True
2022,2022,15,Home & Away,Not applicable,False,Western Bulldogs,Hawthorn,125,83,Western Bulldogs,42,Win,Fri,2022-06-24,June,7:00 PM,32505,Docklands,False,True
2022,2022,15,Home & Away,Not applicable,False,West Coast,Essendon,107,97,West Coast,10,Win,Fri,2022-06-24,June,6:40 PM,40933,Perth Stadium,False,True
2022,2022,15,Home & Away,Not applicable,False,Carlton,Fremantle,81,50,Carlton,31,Win,Sat,2022-06-25,June,1:45 PM,35441,Docklands,False,True
2022,2022,15,Home & Away,Not applicable,False,Geelong,Richmond,89,86,Geelong,3,Win,Sat,2022-06-25,June,4:35 PM,59335,M.C.G.,False,True
2022,2022,15,Home & Away,Not applicable,False,Sydney,St Kilda,83,32,Sydney,51,Win,Sat,2022-06-25,June,7:25 PM,31513,S.C.G.,False,True
2022,2022,15,Home & Away,Not applicable,False,North Melbourne,Adelaide,58,115,Adelaide,57,Win,Sun,2022-06-26,June,1:10 PM,5072,Bellerive Oval,False,True
2022,2022,15,Home & Away,Not applicable,False,Collingwood,Greater Western Sydney,88,77,Collingwood,11,Win,Sun,2022-06-26,June,3:20 PM,30804,M.C.G.,False,True
2022,2022,15,Home & Away,Not applicable,False,Port Adelaide,Gold Coast,93,91,Port Adelaide,2,Win,Sun,2022-06-26,June,3:40 PM,26241,Adelaide Oval,False,True
2022,2022,16,Home & Away,Not applicable,False,Brisbane Lions,Western Bulldogs,108,67,Brisbane Lions,41,Win,Thu,2022-06-30,June,7:20 PM,25011,Gabba,False,True
2022,2022,16,Home & Away,Not applicable,False,Carlton,St Kilda,78,93,St Kilda,15,Win,Fri,2022-07-01,July,7:50 PM,43194,Docklands,False,True
2022,2022,16,Home & Away,Not applicable,False,Essendon,Sydney,95,86,Essendon,9,Win,Sat,2022-07-02,July,1:45 PM,43163,M.C.G.,False,True
2022,2022,16,Home & Away,Not applicable,False,Adelaide,Melbourne,65,94,Melbourne,29,Win,Sat,2022-07-02,July,4:05 PM,30702,Adelaide Oval,False,True
2022,2022,16,Home & Away,Not applicable,False,Gold Coast,Collingwood,62,67,Collingwood,5,Win,Sat,2022-07-02,July,7:25 PM,16027,Carrara,False,True
2022,2022,16,Home & Away,Not applicable,False,Geelong,North Melbourne,144,32,Geelong,112,Win,Sat,2022-07-02,July,7:25 PM,18091,Kardinia Park,False,True
2022,2022,16,Home & Away,Not applicable,False,Richmond,West Coast,128,93,Richmond,35,Win,Sun,2022-07-03,July,2:10 PM,39391,M.C.G.,False,True
2022,2022,16,Home & Away,Not applicable,False,Greater Western Sydney,Hawthorn,72,50,Greater Western Sydney,22,Win,Sun,2022-07-03,July,3:20 PM,4812,Sydney Showground,False,True
2022,2022,16,Home & Away,Not applicable,False,Fremantle,Port Adelaide,99,91,Fremantle,8,Win,Sun,2022-07-03,July,3:20 PM,41326,Perth Stadium,False,True
2022,2022,17,Home & Away,Not applicable,False,Geelong,Melbourne,91,63,Geelong,28,Win,Thu,2022-07-07,July,7:20 PM,21501,Kardinia Park,False,True
2022,2022,17,Home & Away,Not applicable,False,Sydney,Western Bulldogs,120,67,Sydney,53,Win,Fri,2022-07-08,July,7:50 PM,22226,S.C.G.,False,True
2022,2022,17,Home & Away,Not applicable,False,Collingwood,North Melbourne,88,81,Collingwood,7,Win,Sat,2022-07-09,July,1:45 PM,45039,M.C.G.,False,True
2022,2022,17,Home & Away,Not applicable,False,Gold Coast,Richmond,94,92,Gold Coast,2,Win,Sat,2022-07-09,July,4:35 PM,18031,Carrara,False,True
2022,2022,17,Home & Away,Not applicable,False,St Kilda,Fremantle,70,111,Fremantle,41,Win,Sat,2022-07-09,July,7:25 PM,21652,Docklands,False,True
2022,2022,17,Home & Away,Not applicable,False,Port Adelaide,Greater Western Sydney,84,29,Port Adelaide,55,Win,Sat,2022-07-09,July,7:00 PM,24744,Adelaide Oval,False,True
2022,2022,17,Home & Away,Not applicable,False,Brisbane Lions,Essendon,90,100,Essendon,10,Win,Sun,2022-07-10,July,1:10 PM,29101,Gabba,False,True
2022,2022,17,Home & Away,Not applicable,False,Hawthorn,Adelaide,86,54,Hawthorn,32,Win,Sun,2022-07-10,July,3:20 PM,18833,Docklands,False,True
2022,2022,17,Home & Away,Not applicable,False,West Coast,Carlton,53,116,Carlton,63,Win,Sun,2022-07-10,July,2:40 PM,43359,Perth Stadium,False,True
2022,2022,18,Home & Away,Not applicable,False,Western Bulldogs,St Kilda,84,56,Western Bulldogs,28,Win,Fri,2022-07-15,July,7:50 PM,25981,Docklands,False,True
2022,2022,18,Home & Away,Not applicable,False,Adelaide,Collingwood,86,91,Collingwood,5,Win,Sat,2022-07-16,July,1:15 PM,30110,Adelaide Oval,False,True
2022,2022,18,Home & Away,Not applicable,False,Greater Western Sydney,Brisbane Lions,59,99,Brisbane Lions,40,Win,Sat,2022-07-16,July,1:45 PM,9010,Manuka Oval,False,True
2022,2022,18,Home & Away,Not applicable,False,North Melbourne,Richmond,92,88,North Melbourne,4,Win,Sat,2022-07-16,July,4:35 PM,22666,Docklands,False,True
2022,2022,18,Home & Away,Not applicable,False,Carlton,Geelong,55,85,Geelong,30,Win,Sat,2022-07-16,July,7:25 PM,68208,M.C.G.,False,True
2022,2022,18,Home & Away,Not applicable,False,Fremantle,Sydney,65,82,Sydney,17,Win,Sat,2022-07-16,July,5:30 PM,46596,Perth Stadium,False,True
2022,2022,18,Home & Away,Not applicable,False,Hawthorn,West Coast,102,77,Hawthorn,25,Win,Sun,2022-07-17,July,1:10 PM,22598,M.C.G.,False,True
2022,2022,18,Home & Away,Not applicable,False,Melbourne,Port Adelaide,83,69,Melbourne,14,Win,Sun,2022-07-17,July,2:50 PM,6312,Traeger Park,False,True
2022,2022,18,Home & Away,Not applicable,False,Essendon,Gold Coast,103,55,Essendon,48,Win,Sun,2022-07-17,July,4:40 PM,23484,Docklands,False,True
2022,2022,19,Home & Away,Not applicable,False,Richmond,Fremantle,52,52,Draw,0,Draw,Fri,2022-07-22,July,7:50 PM,23549,Docklands,False,True
2022,2022,19,Home & Away,Not applicable,False,Sydney,Adelaide,118,85,Sydney,33,Win,Sat,2022-07-23,July,1:45 PM,25084,S.C.G.,False,True
2022,2022,19,Home & Away,Not applicable,False,North Melbourne,Hawthorn,75,121,Hawthorn,46,Win,Sat,2022-07-23,July,1:45 PM,9713,Bellerive Oval,False,True
2022,2022,19,Home & Away,Not applicable,False,Port Adelaide,Geelong,94,106,Geelong,12,Win,Sat,2022-07-23,July,4:05 PM,30937,Adelaide Oval,False,True
2022,2022,19,Home & Away,Not applicable,False,Brisbane Lions,Gold Coast,110,93,Brisbane Lions,17,Win,Sat,2022-07-23,July,7:10 PM,21467,Gabba,False,True
2022,2022,19,Home & Away,Not applicable,False,Western Bulldogs,Melbourne,110,100,Western Bulldogs,10,Win,Sat,2022-07-23,July,7:25 PM,26501,Docklands,False,True
2022,2022,19,Home & Away,Not applicable,False,Carlton,Greater Western Sydney,90,54,Carlton,36,Win,Sun,2022-07-24,July,1:10 PM,30295,Docklands,False,True
2022,2022,19,Home & Away,Not applicable,False,Collingwood,Essendon,80,76,Collingwood,4,Win,Sun,2022-07-24,July,3:20 PM,72402,M.C.G.,False,True
2022,2022,19,Home & Away,Not applicable,False,West Coast,St Kilda,62,90,St Kilda,28,Win,Sun,2022-07-24,July,2:40 PM,35665,Perth Stadium,False,True
2022,2022,20,Home & Away,Not applicable,False,Fremantle,Melbourne,39,85,Melbourne,46,Win,Fri,2022-07-29,July,6:10 PM,46313,Perth Stadium,False,True
2022,2022,20,Home & Away,Not applicable,False,Collingwood,Port Adelaide,88,82,Collingwood,6,Win,Sat,2022-07-30,July,1:45 PM,40716,M.C.G.,False,True
2022,2022,20,Home & Away,Not applicable,False,Sydney,Greater Western Sydney,112,39,Sydney,73,Win,Sat,2022-07-30,July,2:10 PM,31916,S.C.G.,False,True
2022,2022,20,Home & Away,Not applicable,False,St Kilda,Hawthorn,75,63,St Kilda,12,Win,Sat,2022-07-30,July,4:35 PM,25348,Docklands,False,True
2022,2022,20,Home & Away,Not applicable,False,Geelong,Western Bulldogs,94,66,Geelong,28,Win,Sat,2022-07-30,July,7:25 PM,22106,Kardinia Park,False,True
2022,2022,20,Home & Away,Not applicable,False,Adelaide,Carlton,84,55,Adelaide,29,Win,Sat,2022-07-30,July,7:00 PM,35666,Adelaide Oval,False,True
2022,2022,20,Home & Away,Not applicable,False,Gold Coast,West Coast,107,104,Gold Coast,3,Win,Sun,2022-07-31,July,1:10 PM,8282,Carrara,False,True
2022,2022,20,Home & Away,Not applicable,False,Richmond,Brisbane Lions,104,97,Richmond,7,Win,Sun,2022-07-31,July,3:20 PM,39056,M.C.G.,False,True
2022,2022,20,Home & Away,Not applicable,False,Essendon,North Melbourne,114,66,Essendon,48,Win,Sun,2022-07-31,July,4:40 PM,29549,Docklands,False,True
2022,2022,21,Home & Away,Not applicable,False,Melbourne,Collingwood,89,96,Collingwood,7,Win,Fri,2022-08-05,August,7:50 PM,70596,M.C.G.,False,True
2022,2022,21,Home & Away,Not applicable,False,Hawthorn,Gold Coast,70,63,Hawthorn,7,Win,Sat,2022-08-06,August,1:45 PM,9022,York Park,False,True
2022,2022,21,Home & Away,Not applicable,False,Greater Western Sydney,Essendon,96,69,Greater Western Sydney,27,Win,Sat,2022-08-06,August,2:10 PM,7772,Sydney Showground,False,True
2022,2022,21,Home & Away,Not applicable,False,Western Bulldogs,Fremantle,78,95,Fremantle,17,Win,Sat,2022-08-06,August,4:35 PM,24130,Docklands,False,True
2022,2022,21,Home & Away,Not applicable,False,Geelong,St Kilda,110,65,Geelong,45,Win,Sat,2022-08-06,August,7:25 PM,20583,Kardinia Park,False,True
2022,2022,21,Home & Away,Not applicable,False,Port Adelaide,Richmond,71,109,Richmond,38,Win,Sat,2022-08-06,August,7:10 PM,27091,Adelaide Oval,False,True
2022,2022,21,Home & Away,Not applicable,False,North Melbourne,Sydney,88,126,Sydney,38,Win,Sun,2022-08-07,August,1:10 PM,19091,Docklands,False,True
2022,2022,21,Home & Away,Not applicable,False,Brisbane Lions,Carlton,114,81,Brisbane Lions,33,Win,Sun,2022-08-07,August,3:20 PM,31011,Gabba,False,True
2022,2022,21,Home & Away,Not applicable,False,West Coast,Adelaide,86,102,Adelaide,16,Win,Sun,2022-08-07,August,2:10 PM,50117,Perth Stadium,False,True
2022,2022,22,Home & Away,Not applicable,False,St Kilda,Brisbane Lions,66,81,Brisbane Lions,15,Win,Fri,2022-08-12,August,7:50 PM,22211,Docklands,False,True
2022,2022,22,Home & Away,Not applicable,False,Western Bulldogs,Greater Western Sydney,62,57,Western Bulldogs,5,Win,Sat,2022-08-13,August,1:45 PM,18301,Docklands,False,True
2022,2022,22,Home & Away,Not applicable,False,Adelaide,North Melbourne,103,74,Adelaide,29,Win,Sat,2022-08-13,August,1:40 PM,28802,Adelaide Oval,False,True
2022,2022,22,Home & Away,Not applicable,False,Gold Coast,Geelong,59,119,Geelong,60,Win,Sat,2022-08-13,August,4:35 PM,14728,Carrara,False,True
2022,2022,22,Home & Away,Not applicable,False,Melbourne,Carlton,79,74,Melbourne,5,Win,Sat,2022-08-13,August,7:25 PM,55705,M.C.G.,False,True
2022,2022,22,Home & Away,Not applicable,False,Fremantle,West Coast,71,47,Fremantle,24,Win,Sat,2022-08-13,August,5:40 PM,53818,Perth Stadium,False,True
2022,2022,22,Home & Away,Not applicable,False,Richmond,Hawthorn,128,67,Richmond,61,Win,Sun,2022-08-14,August,1:10 PM,59338,M.C.G.,False,True
2022,2022,22,Home & Away,Not applicable,False,Sydney,Collingwood,77,50,Sydney,27,Win,Sun,2022-08-14,August,3:20 PM,44659,S.C.G.,False,True
2022,2022,22,Home & Away,Not applicable,False,Essendon,Port Adelaide,62,146,Port Adelaide,84,Win,Sun,2022-08-14,August,4:40 PM,20568,Docklands,False,True
2022,2022,23,Home & Away,Not applicable,False,Brisbane Lions,Melbourne,57,115,Melbourne,58,Win,Fri,2022-08-19,August,7:50 PM,32172,Gabba,False,True
2022,2022,23,Home & Away,Not applicable,False,Greater Western Sydney,Fremantle,69,89,Fremantle,20,Win,Sat,2022-08-20,August,1:45 PM,7338,Manuka Oval,False,True
2022,2022,23,Home & Away,Not applicable,False,North Melbourne,Gold Coast,47,114,Gold Coast,67,Win,Sat,2022-08-20,August,2:10 PM,14196,Docklands,False,True
2022,2022,23,Home & Away,Not applicable,False,Geelong,West Coast,131,46,Geelong,85,Win,Sat,2022-08-20,August,4:35 PM,21098,Kardinia Park,False,True
2022,2022,23,Home & Away,Not applicable,False,Essendon,Richmond,75,141,Richmond,66,Win,Sat,2022-08-20,August,7:25 PM,58366,M.C.G.,False,True
2022,2022,23,Home & Away,Not applicable,False,Port Adelaide,Adelaide,111,55,Port Adelaide,56,Win,Sat,2022-08-20,August,7:00 PM,50090,Adelaide Oval,False,True
2022,2022,23,Home & Away,Not applicable,False,Hawthorn,Western Bulldogs,64,87,Western Bulldogs,23,Win,Sun,2022-08-21,August,1:10 PM,13105,York Park,False,True
2022,2022,23,Home & Away,Not applicable,False,Carlton,Collingwood,74,75,Collingwood,1,Win,Sun,2022-08-21,August,3:20 PM,88287,M.C.G.,False,True
2022,2022,23,Home & Away,Not applicable,False,St Kilda,Sydney,74,88,Sydney,14,Win,Sun,2022-08-21,August,4:40 PM,23344,Docklands,False,True
2022,2022,,Finals,Elimination Final,True,Brisbane Lions,Richmond,106,104,Brisbane Lions,2,Win,Thu,2022-09-01,September,7:20 PM,35013,Gabba,False,False
2022,2022,,Finals,Qualifying Final,True,Melbourne,Sydney,69,91,Sydney,22,Win,Fri,2022-09-02,September,7:50 PM,78377,M.C.G.,False,False
2022,2022,,Finals,Qualifying Final,True,Geelong,Collingwood,78,72,Geelong,6,Win,Sat,2022-09-03,September,4:35 PM,91525,M.C.G.,False,False
2022,2022,,Finals,Elimination Final,True,Fremantle,Western Bulldogs,73,60,Fremantle,13,Win,Sat,2022-09-03,September,6:10 PM,58982,Perth Stadium,False,False
2022,2022,,Finals,Semi Final,True,Melbourne,Brisbane Lions,79,92,Brisbane Lions,13,Win,Fri,2022-09-09,September,7:50 PM,62162,M.C.G.,False,False
2022,2022,,Finals,Semi Final,True,Collingwood,Fremantle,79,59,Collingwood,20,Win,Sat,2022-09-10,September,7:25 PM,90612,M.C.G.,False,False
2022,2022,,Finals,Preliminary Final,True,Geelong,Brisbane Lions,120,49,Geelong,71,Win,Fri,2022-09-16,September,7:50 PM,77677,M.C.G.,False,False
2022,2022,,Finals,Preliminary Final,True,Sydney,Collingwood,95,94,Sydney,1,Win,Sat,2022-09-17,September,4:45 PM,45608,S.C.G.,False,False
2022,2022,,Finals,Grand Final,True,Geelong,Sydney,133,52,Geelong,81,Win,Sat,2022-09-24,September,2:30 PM,100024,M.C.G.,False,False
2023,2023,1,Home & Away,Not applicable,False,Richmond,Carlton,58,58,Draw,0,Draw,Thu,2023-03-16,March,7:20 PM,88084,M.C.G.,False,True
2023,2023,1,Home & Away,Not applicable,False,Geelong,Collingwood,103,125,Collingwood,22,Win,Fri,2023-03-17,March,7:40 PM,86595,M.C.G.,False,True
2023,2023,1,Home & Away,Not applicable,False,North Melbourne,West Coast,87,82,North Melbourne,5,Win,Sat,2023-03-18,March,1:45 PM,21274,Docklands,False,True
2023,2023,1,Home & Away,Not applicable,False,Port Adelaide,Brisbane Lions,126,72,Port Adelaide,54,Win,Sat,2023-03-18,March,4:05 PM,34255,Adelaide Oval,False,True
2023,2023,1,Home & Away,Not applicable,False,Melbourne,Western Bulldogs,115,65,Melbourne,50,Win,Sat,2023-03-18,March,7:25 PM,48103,M.C.G.,False,True
2023,2023,1,Home & Away,Not applicable,False,Gold Coast,Sydney,61,110,Sydney,49,Win,Sat,2023-03-18,March,7:00 PM,13648,Carrara,False,True
2023,2023,1,Home & Away,Not applicable,False,Greater Western Sydney,Adelaide,106,90,Greater Western Sydney,16,Win,Sun,2023-03-19,March,1:10 PM,8169,Sydney Showground,False,True
2023,2023,1,Home & Away,Not applicable,False,Hawthorn,Essendon,65,124,Essendon,59,Win,Sun,2023-03-19,March,3:20 PM,68691,M.C.G.,False,True
2023,2023,1,Home & Away,Not applicable,False,St Kilda,Fremantle,67,52,St Kilda,15,Win,Sun,2023-03-19,March,4:40 PM,23429,Docklands,False,True
2023,2023,2,Home & Away,Not applicable,False,Carlton,Geelong,90,82,Carlton,8,Win,Thu,2023-03-23,March,7:20 PM,55861,M.C.G.,False,True
2023,2023,2,Home & Away,Not applicable,False,Brisbane Lions,Melbourne,93,82,Brisbane Lions,11,Win,Fri,2023-03-24,March,6:55 PM,30047,Gabba,False,True
2023,2023,2,Home & Away,Not applicable,False,Collingwood,Port Adelaide,135,64,Collingwood,71,Win,Sat,2023-03-25,March,1:45 PM,60744,M.C.G.,False,True
2023,2023,2,Home & Away,Not applicable,False,Adelaide,Richmond,76,108,Richmond,32,Win,Sat,2023-03-25,March,4:05 PM,38492,Adelaide Oval,False,True
2023,2023,2,Home & Away,Not applicable,False,Western Bulldogs,St Kilda,41,92,St Kilda,51,Win,Sat,2023-03-25,March,7:25 PM,33294,Docklands,False,True
2023,2023,2,Home & Away,Not applicable,False,Fremantle,North Melbourne,72,73,North Melbourne,1,Win,Sat,2023-03-25,March,4:30 PM,40487,Perth Stadium,False,True
2023,2023,2,Home & Away,Not applicable,False,Sydney,Hawthorn,118,37,Sydney,81,Win,Sun,2023-03-26,March,1:10 PM,37052,S.C.G.,False,True
2023,2023,2,Home & Away,Not applicable,False,Essendon,Gold Coast,108,80,Essendon,28,Win,Sun,2023-03-26,March,3:20 PM,32915,Docklands,False,True
2023,2023,2,Home & Away,Not applicable,False,West Coast,Greater Western Sydney,100,81,West Coast,19,Win,Sun,2023-03-26,March,3:20 PM,44649,Perth Stadium,False,True
2023,2023,3,Home & Away,Not applicable,False,Western Bulldogs,Brisbane Lions,67,53,Western Bulldogs,14,Win,Thu,2023-03-30,March,7:20 PM,23665,Docklands,False,True
2023,2023,3,Home & Away,Not applicable,False,Collingwood,Richmond,63,49,Collingwood,14,Win,Fri,2023-03-31,March,7:50 PM,85241,M.C.G.,False,True
2023,2023,3,Home & Away,Not applicable,False,Hawthorn,North Melbourne,80,61,Hawthorn,19,Win,Sat,2023-04-01,April,1:45 PM,11007,York Park,False,True
2023,2023,3,Home & Away,Not applicable,False,Greater Western Sydney,Carlton,64,74,Carlton,10,Win,Sat,2023-04-01,April,4:35 PM,9691,Sydney Showground,False,True
2023,2023,3,Home & Away,Not applicable,False,St Kilda,Essendon,92,74,St Kilda,18,Win,Sat,2023-04-01,April,7:25 PM,69255,M.C.G.,False,True
2023,2023,3,Home & Away,Not applicable,False,Port Adelaide,Adelaide,86,117,Adelaide,31,Win,Sat,2023-04-01,April,7:00 PM,48962,Adelaide Oval,False,True
2023,2023,3,Home & Away,Not applicable,False,Gold Coast,Geelong,73,54,Gold Coast,19,Win,Sun,2023-04-02,April,2:10 PM,13122,Carrara,False,True
2023,2023,3,Home & Away,Not applicable,False,Melbourne,Sydney,134,84,Melbourne,50,Win,Sun,2023-04-02,April,3:20 PM,42423,M.C.G.,False,True
2023,2023,3,Home & Away,Not applicable,False,Fremantle,West Coast,108,67,Fremantle,41,Win,Sun,2023-04-02,April,3:20 PM,56090,Perth Stadium,False,True
2023,2023,4,Home & Away,Not applicable,False,Brisbane Lions,Collingwood,116,83,Brisbane Lions,33,Win,Thu,2023-04-06,April,7:35 PM,33565,Gabba,False,True
2023,2023,4,Home & Away,Not applicable,False,North Melbourne,Carlton,84,107,Carlton,23,Win,Fri,2023-04-07,April,4:20 PM,49062,Docklands,False,True
2023,2023,4,Home & Away,Not applicable,False,Adelaide,Fremantle,111,72,Adelaide,39,Win,Sat,2023-04-08,April,1:15 PM,33725,Adelaide Oval,False,True
2023,2023,4,Home & Away,Not applicable,False,Richmond,Western Bulldogs,84,89,Western Bulldogs,5,Win,Sat,2023-04-08,April,4:35 PM,56449,M.C.G.,False,True
2023,2023,4,Home & Away,Not applicable,False,Sydney,Port Adelaide,64,66,Port Adelaide,2,Win,Sat,2023-04-08,April,7:30 PM,31686,S.C.G.,False,True
2023,2023,4,Home & Away,Not applicable,False,St Kilda,Gold Coast,113,60,St Kilda,53,Win,Sat,2023-04-08,April,7:30 PM,21049,Docklands,False,True
2023,2023,4,Home & Away,Not applicable,False,Essendon,Greater Western Sydney,88,75,Essendon,13,Win,Sun,2023-04-09,April,2:10 PM,28815,Docklands,False,True
2023,2023,4,Home & Away,Not applicable,False,West Coast,Melbourne,63,126,Melbourne,63,Win,Sun,2023-04-09,April,3:20 PM,42458,Perth Stadium,False,True
2023,2023,4,Home & Away,Not applicable,False,Geelong,Hawthorn,127,45,Geelong,82,Win,Mon,2023-04-10,April,3:20 PM,65335,M.C.G.,False,True
2023,2023,5,Home & Away,Not applicable,False,Adelaide,Carlton,118,62,Adelaide,56,Win,Thu,2023-04-13,April,7:10 PM,47395,Adelaide Oval,False,True
2023,2023,5,Home & Away,Not applicable,False,Fremantle,Gold Coast,100,90,Fremantle,10,Win,Fri,2023-04-14,April,4:40 PM,9329,Norwood Oval,False,True
2023,2023,5,Home & Away,Not applicable,False,Richmond,Sydney,78,122,Sydney,44,Win,Fri,2023-04-14,April,7:40 PM,42134,Adelaide Oval,False,True
2023,2023,5,Home & Away,Not applicable,False,Brisbane Lions,North Melbourne,152,77,Brisbane Lions,75,Win,Sat,2023-04-15,April,12:40 PM,7329,Summit Sports Park,False,True
2023,2023,5,Home & Away,Not applicable,False,Essendon,Melbourne,104,77,Essendon,27,Win,Sat,2023-04-15,April,3:40 PM,33832,Adelaide Oval,False,True
2023,2023,5,Home & Away,Not applicable,False,Port Adelaide,Western Bulldogs,70,56,Port Adelaide,14,Win,Sat,2023-04-15,April,7:20 PM,45115,Adelaide Oval,False,True
2023,2023,5,Home & Away,Not applicable,False,Geelong,West Coast,136,89,Geelong,47,Win,Sun,2023-04-16,April,12:40 PM,30120,Adelaide Oval,False,True
2023,2023,5,Home & Away,Not applicable,False,Greater Western Sydney,Hawthorn,77,75,Greater Western Sydney,2,Win,Sun,2023-04-16,April,2:50 PM,9057,Norwood Oval,False,True
2023,2023,5,Home & Away,Not applicable,False,Collingwood,St Kilda,70,64,Collingwood,6,Win,Sun,2023-04-16,April,4:20 PM,43976,Adelaide Oval,False,True
2023,2023,6,Home & Away,Not applicable,False,Fremantle,Western Bulldogs,69,118,Western Bulldogs,49,Win,Fri,2023-04-21,April,6:10 PM,47503,Perth Stadium,False,True
2023,2023,6,Home & Away,Not applicable,False,Port Adelaide,West Coast,109,69,Port Adelaide,40,Win,Sat,2023-04-22,April,1:15 PM,31638,Adelaide Oval,False,True
2023,2023,6,Home & Away,Not applicable,False,Greater Western Sydney,Brisbane Lions,87,108,Brisbane Lions,21,Win,Sat,2023-04-22,April,4:35 PM,10461,Manuka Oval,False,True
2023,2023,6,Home & Away,Not applicable,False,Geelong,Sydney,130,37,Geelong,93,Win,Sat,2023-04-22,April,7:25 PM,23134,Kardinia Park,False,True
2023,2023,6,Home & Away,Not applicable,False,Hawthorn,Adelaide,76,79,Adelaide,3,Win,Sun,2023-04-23,April,1:10 PM,10119,York Park,False,True
2023,2023,6,Home & Away,Not applicable,False,Carlton,St Kilda,60,82,St Kilda,22,Win,Sun,2023-04-23,April,3:20 PM,45770,Docklands,False,True
2023,2023,6,Home & Away,Not applicable,False,Gold Coast,North Melbourne,97,54,Gold Coast,43,Win,Sun,2023-04-23,April,4:40 PM,9672,Carrara,False,True
2023,2023,6,Home & Away,Not applicable,False,Melbourne,Richmond,96,78,Melbourne,18,Win,Mon,2023-04-24,April,7:25 PM,83985,M.C.G.,False,True
2023,2023,6,Home & Away,Not applicable,False,Collingwood,Essendon,90,77,Collingwood,13,Win,Tue,2023-04-25,April,3:20 PM,95179,M.C.G.,False,True
2023,2023,7,Home & Away,Not applicable,False,St Kilda,Port Adelaide,76,83,Port Adelaide,7,Win,Fri,2023-04-28,April,7:50 PM,25845,Docklands,False,True
2023,2023,7,Home & Away,Not applicable,False,Brisbane Lions,Fremantle,115,67,Brisbane Lions,48,Win,Sat,2023-04-29,April,1:45 PM,25528,Gabba,False,True
2023,2023,7,Home & Away,Not applicable,False,Sydney,Greater Western Sydney,106,107,Greater Western Sydney,1,Win,Sat,2023-04-29,April,2:10 PM,31615,S.C.G.,False,True
2023,2023,7,Home & Away,Not applicable,False,Western Bulldogs,Hawthorn,94,65,Western Bulldogs,29,Win,Sat,2023-04-29,April,4:35 PM,40119,Docklands,False,True
2023,2023,7,Home & Away,Not applicable,False,Melbourne,North Melbourne,139,49,Melbourne,90,Win,Sat,2023-04-29,April,7:25 PM,29455,M.C.G.,False,True
2023,2023,7,Home & Away,Not applicable,False,West Coast,Carlton,44,152,Carlton,108,Win,Sat,2023-04-29,April,5:30 PM,47940,Perth Stadium,False,True
2023,2023,7,Home & Away,Not applicable,False,Essendon,Geelong,104,132,Geelong,28,Win,Sun,2023-04-30,April,1:10 PM,67457,M.C.G.,False,True
2023,2023,7,Home & Away,Not applicable,False,Richmond,Gold Coast,48,72,Gold Coast,24,Win,Sun,2023-04-30,April,3:20 PM,23664,Docklands,False,True
2023,2023,7,Home & Away,Not applicable,False,Adelaide,Collingwood,58,59,Collingwood,1,Win,Sun,2023-04-30,April,4:10 PM,43942,Adelaide Oval,False,True
2023,2023,8,Home & Away,Not applicable,False,Carlton,Brisbane Lions,74,100,Brisbane Lions,26,Win,Fri,2023-05-05,May,7:50 PM,45458,Docklands,False,True
2023,2023,8,Home & Away,Not applicable,False,Richmond,West Coast,104,58,Richmond,46,Win,Sat,2023-05-06,May,1:45 PM,28293,M.C.G.,False,True
2023,2023,8,Home & Away,Not applicable,False,Geelong,Adelaide,98,72,Geelong,26,Win,Sat,2023-05-06,May,2:10 PM,21415,Kardinia Park,False,True
2023,2023,8,Home & Away,Not applicable,False,Gold Coast,Melbourne,85,90,Melbourne,5,Win,Sat,2023-05-06,May,4:35 PM,11440,Carrara,False,True
2023,2023,8,Home & Away,Not applicable,False,Fremantle,Hawthorn,117,48,Fremantle,69,Win,Sat,2023-05-06,May,5:30 PM,37160,Perth Stadium,False,True
2023,2023,8,Home & Away,Not applicable,False,Greater Western Sydney,Western Bulldogs,71,86,Western Bulldogs,15,Win,Sat,2023-05-06,May,7:30 PM,10039,Manuka Oval,False,True
2023,2023,8,Home & Away,Not applicable,False,Port Adelaide,Essendon,92,87,Port Adelaide,5,Win,Sun,2023-05-07,May,12:40 PM,36247,Adelaide Oval,False,True
2023,2023,8,Home & Away,Not applicable,False,Collingwood,Sydney,77,48,Collingwood,29,Win,Sun,2023-05-07,May,3:20 PM,71463,M.C.G.,False,True
2023,2023,8,Home & Away,Not applicable,False,North Melbourne,St Kilda,34,64,St Kilda,30,Win,Sun,2023-05-07,May,4:40 PM,22065,Docklands,False,True
2023,2023,9,Home & Away,Not applicable,False,Richmond,Geelong,102,78,Richmond,24,Win,Fri,2023-05-12,May,7:20 PM,58141,M.C.G.,False,True
2023,2023,9,Home & Away,Not applicable,False,West Coast,Gold Coast,43,113,Gold Coast,70,Win,Fri,2023-05-12,May,6:40 PM,36219,Perth Stadium,False,True
2023,2023,9,Home & Away,Not applicable,False,Sydney,Fremantle,86,103,Fremantle,17,Win,Sat,2023-05-13,May,1:45 PM,28927,S.C.G.,False,True
2023,2023,9,Home & Away,Not applicable,False,North Melbourne,Port Adelaide,65,135,Port Adelaide,70,Win,Sat,2023-05-13,May,2:10 PM,6310,Bellerive Oval,False,True
2023,2023,9,Home & Away,Not applicable,False,Hawthorn,Melbourne,49,103,Melbourne,54,Win,Sat,2023-05-13,May,4:35 PM,39818,M.C.G.,False,True
2023,2023,9,Home & Away,Not applicable,False,Brisbane Lions,Essendon,87,45,Brisbane Lions,42,Win,Sat,2023-05-13,May,7:25 PM,31898,Gabba,False,True
2023,2023,9,Home & Away,Not applicable,False,Carlton,Western Bulldogs,59,79,Western Bulldogs,20,Win,Sat,2023-05-13,May,7:30 PM,42756,Docklands,False,True
2023,2023,9,Home & Away,Not applicable,False,Adelaide,St Kilda,121,69,Adelaide,52,Win,Sun,2023-05-14,May,12:40 PM,33805,Adelaide Oval,False,True
2023,2023,9,Home & Away,Not applicable,False,Collingwood,Greater Western Sydney,120,55,Collingwood,65,Win,Sun,2023-05-14,May,4:40 PM,37631,M.C.G.,False,True
2023,2023,10,Home & Away,Not applicable,False,Port Adelaide,Melbourne,80,76,Port Adelaide,4,Win,Fri,2023-05-19,May,7:20 PM,37565,Adelaide Oval,False,True
2023,2023,10,Home & Away,Not applicable,False,North Melbourne,Sydney,90,93,Sydney,3,Win,Sat,2023-05-20,May,1:45 PM,21003,Docklands,False,True
2023,2023,10,Home & Away,Not applicable,False,Western Bulldogs,Adelaide,85,40,Western Bulldogs,45,Win,Sat,2023-05-20,May,2:10 PM,10114,Eureka Stadium,False,True
2023,2023,10,Home & Away,Not applicable,False,Fremantle,Geelong,106,77,Fremantle,29,Win,Sat,2023-05-20,May,2:35 PM,45811,Perth Stadium,False,True
2023,2023,10,Home & Away,Not applicable,False,Brisbane Lions,Gold Coast,107,64,Brisbane Lions,43,Win,Sat,2023-05-20,May,7:30 PM,23286,Gabba,False,True
2023,2023,10,Home & Away,Not applicable,False,Essendon,Richmond,71,70,Essendon,1,Win,Sat,2023-05-20,May,7:40 PM,78300,M.C.G.,False,True
2023,2023,10,Home & Away,Not applicable,False,Hawthorn,West Coast,142,26,Hawthorn,116,Win,Sun,2023-05-21,May,1:10 PM,9135,York Park,False,True
2023,2023,10,Home & Away,Not applicable,False,Carlton,Collingwood,57,85,Collingwood,28,Win,Sun,2023-05-21,May,3:20 PM,80354,M.C.G.,False,True
2023,2023,10,Home & Away,Not applicable,False,Greater Western Sydney,St Kilda,80,92,St Kilda,12,Win,Sun,2023-05-21,May,4:40 PM,7508,Sydney Showground,False,True
2023,2023,11,Home & Away,Not applicable,False,Sydney,Carlton,77,51,Sydney,26,Win,Fri,2023-05-26,May,7:50 PM,36310,S.C.G.,False,True
2023,2023,11,Home & Away,Not applicable,False,St Kilda,Hawthorn,78,88,Hawthorn,10,Win,Sat,2023-05-27,May,1:45 PM,32022,Docklands,False,True
2023,2023,11,Home & Away,Not applicable,False,Melbourne,Fremantle,72,79,Fremantle,7,Win,Sat,2023-05-27,May,2:10 PM,29154,M.C.G.,False,True
2023,2023,11,Home & Away,Not applicable,False,Geelong,Greater Western Sydney,74,81,Greater Western Sydney,7,Win,Sat,2023-05-27,May,4:35 PM,21349,Kardinia Park,False,True
2023,2023,11,Home & Away,Not applicable,False,Gold Coast,Western Bulldogs,84,77,Gold Coast,7,Win,Sat,2023-05-27,May,6:55 PM,9316,Marrara Oval,False,True
2023,2023,11,Home & Away,Not applicable,False,West Coast,Essendon,46,96,Essendon,50,Win,Sat,2023-05-27,May,5:40 PM,39269,Perth Stadium,False,True
2023,2023,11,Home & Away,Not applicable,False,Richmond,Port Adelaide,67,77,Port Adelaide,10,Win,Sun,2023-05-28,May,1:10 PM,30357,M.C.G.,False,True
2023,2023,11,Home & Away,Not applicable,False,Collingwood,North Melbourne,105,70,Collingwood,35,Win,Sun,2023-05-28,May,3:20 PM,39467,Docklands,False,True
2023,2023,11,Home & Away,Not applicable,False,Adelaide,Brisbane Lions,95,78,Adelaide,17,Win,Sun,2023-05-28,May,4:10 PM,33188,Adelaide Oval,False,True
2023,2023,12,Home & Away,Not applicable,False,Melbourne,Carlton,61,44,Melbourne,17,Win,Fri,2023-06-02,June,7:50 PM,49872,M.C.G.,False,True
2023,2023,12,Home & Away,Not applicable,False,Port Adelaide,Hawthorn,151,96,Port Adelaide,55,Win,Sat,2023-06-03,June,1:15 PM,34234,Adelaide Oval,False,True
2023,2023,12,Home & Away,Not applicable,False,West Coast,Collingwood,57,120,Collingwood,63,Win,Sat,2023-06-03,June,2:35 PM,41713,Perth Stadium,False,True
2023,2023,12,Home & Away,Not applicable,False,Western Bulldogs,Geelong,75,97,Geelong,22,Win,Sat,2023-06-03,June,7:25 PM,41944,Docklands,False,True
2023,2023,12,Home & Away,Not applicable,False,Gold Coast,Adelaide,112,87,Gold Coast,25,Win,Sat,2023-06-03,June,7:00 PM,10772,Marrara Oval,False,True
2023,2023,12,Home & Away,Not applicable,False,Greater Western Sydney,Richmond,104,110,Richmond,6,Win,Sun,2023-06-04,June,1:10 PM,9723,Sydney Showground,False,True
2023,2023,12,Home & Away,Not applicable,False,Essendon,North Melbourne,105,99,Essendon,6,Win,Sun,2023-06-04,June,4:40 PM,40488,Docklands,False,True
2023,2023,13,Home & Away,Not applicable,False,Sydney,St Kilda,66,80,St Kilda,14,Win,Thu,2023-06-08,June,7:10 PM,30123,S.C.G.,False,True
2023,2023,13,Home & Away,Not applicable,False,Western Bulldogs,Port Adelaide,85,107,Port Adelaide,22,Win,Fri,2023-06-09,June,7:50 PM,23110,Docklands,False,True
2023,2023,13,Home & Away,Not applicable,False,Hawthorn,Brisbane Lions,98,73,Hawthorn,25,Win,Sat,2023-06-10,June,1:45 PM,35869,M.C.G.,False,True
2023,2023,13,Home & Away,Not applicable,False,Adelaide,West Coast,174,52,Adelaide,122,Win,Sat,2023-06-10,June,4:05 PM,39450,Adelaide Oval,False,True
2023,2023,13,Home & Away,Not applicable,False,Fremantle,Richmond,70,85,Richmond,15,Win,Sat,2023-06-10,June,5:25 PM,46843,Perth Stadium,False,True
2023,2023,13,Home & Away,Not applicable,False,North Melbourne,Greater Western Sydney,75,103,Greater Western Sydney,28,Win,Sun,2023-06-11,June,3:20 PM,5025,Bellerive Oval,False,True
2023,2023,13,Home & Away,Not applicable,False,Carlton,Essendon,52,86,Essendon,34,Win,Sun,2023-06-11,June,7:15 PM,83638,M.C.G.,False,True
2023,2023,13,Home & Away,Not applicable,False,Melbourne,Collingwood,66,62,Melbourne,4,Win,Mon,2023-06-12,June,3:20 PM,83578,M.C.G.,False,True
2023,2023,14,Home & Away,Not applicable,False,Port Adelaide,Geelong,110,72,Port Adelaide,38,Win,Thu,2023-06-15,June,7:10 PM,36316,Adelaide Oval,False,True
2023,2023,14,Home & Away,Not applicable,False,Brisbane Lions,Sydney,97,81,Brisbane Lions,16,Win,Fri,2023-06-16,June,7:50 PM,28561,Gabba,False,True
2023,2023,14,Home & Away,Not applicable,False,Greater Western Sydney,Fremantle,106,36,Greater Western Sydney,70,Win,Sat,2023-06-17,June,4:35 PM,8633,Sydney Showground,False,True
2023,2023,14,Home & Away,Not applicable,False,Richmond,St Kilda,90,70,Richmond,20,Win,Sat,2023-06-17,June,7:25 PM,62686,M.C.G.,False,True
2023,2023,14,Home & Away,Not applicable,False,Carlton,Gold Coast,120,61,Carlton,59,Win,Sun,2023-06-18,June,1:10 PM,29602,M.C.G.,False,True
2023,2023,14,Home & Away,Not applicable,False,North Melbourne,Western Bulldogs,84,105,Western Bulldogs,21,Win,Sun,2023-06-18,June,4:40 PM,23829,Docklands,False,True
2023,2023,15,Home & Away,Not applicable,False,Geelong,Melbourne,78,63,Geelong,15,Win,Thu,2023-06-22,June,7:20 PM,19617,Kardinia Park,False,True
2023,2023,15,Home & Away,Not applicable,False,St Kilda,Brisbane Lions,56,84,Brisbane Lions,28,Win,Fri,2023-06-23,June,7:50 PM,28985,Docklands,False,True
2023,2023,15,Home & Away,Not applicable,False,Sydney,West Coast,205,34,Sydney,171,Win,Sat,2023-06-24,June,4:35 PM,31367,S.C.G.,False,True
2023,2023,15,Home & Away,Not applicable,False,Fremantle,Essendon,93,61,Fremantle,32,Win,Sat,2023-06-24,June,5:25 PM,43063,Perth Stadium,False,True
2023,2023,15,Home & Away,Not applicable,False,Collingwood,Adelaide,82,80,Collingwood,2,Win,Sun,2023-06-25,June,1:10 PM,65930,M.C.G.,False,True
2023,2023,15,Home & Away,Not applicable,False,Gold Coast,Hawthorn,101,34,Gold Coast,67,Win,Sun,2023-06-25,June,4:40 PM,14242,Carrara,False,True
2023,2023,16,Home & Away,Not applicable,False,Brisbane Lions,Richmond,134,53,Brisbane Lions,81,Win,Thu,2023-06-29,June,7:20 PM,30022,Gabba,False,True
2023,2023,16,Home & Away,Not applicable,False,Sydney,Geelong,54,54,Draw,0,Draw,Fri,2023-06-30,June,7:50 PM,32098,S.C.G.,False,True
2023,2023,16,Home & Away,Not applicable,False,Adelaide,North Melbourne,138,72,Adelaide,66,Win,Sat,2023-07-01,July,1:15 PM,35226,Adelaide Oval,False,True
2023,2023,16,Home & Away,Not applicable,False,Western Bulldogs,Fremantle,102,73,Western Bulldogs,29,Win,Sat,2023-07-01,July,1:45 PM,25412,Docklands,False,True
2023,2023,16,Home & Away,Not applicable,False,Gold Coast,Collingwood,42,120,Collingwood,78,Win,Sat,2023-07-01,July,4:35 PM,22483,Carrara,False,True
2023,2023,16,Home & Away,Not applicable,False,Essendon,Port Adelaide,74,78,Port Adelaide,4,Win,Sat,2023-07-01,July,7:25 PM,38957,M.C.G.,False,True
2023,2023,16,Home & Away,Not applicable,False,Hawthorn,Carlton,52,112,Carlton,60,Win,Sun,2023-07-02,July,1:10 PM,66337,M.C.G.,False,True
2023,2023,16,Home & Away,Not applicable,False,Melbourne,Greater Western Sydney,45,47,Greater Western Sydney,2,Win,Sun,2023-07-02,July,2:50 PM,3413,Traeger Park,False,True
2023,2023,16,Home & Away,Not applicable,False,West Coast,St Kilda,77,85,St Kilda,8,Win,Sun,2023-07-02,July,2:40 PM,35579,Perth Stadium,False,True
2023,2023,17,Home & Away,Not applicable,False,Richmond,Sydney,88,75,Richmond,13,Win,Thu,2023-07-06,July,7:20 PM,48443,M.C.G.,False,True
2023,2023,17,Home & Away,Not applicable,False,Western Bulldogs,Collingwood,77,89,Collingwood,12,Win,Fri,2023-07-07,July,7:50 PM,43482,Docklands,False,True
2023,2023,17,Home & Away,Not applicable,False,Brisbane Lions,West Coast,116,35,Brisbane Lions,81,Win,Sat,2023-07-08,July,1:45 PM,24843,Gabba,False,True
2023,2023,17,Home & Away,Not applicable,False,Greater Western Sydney,Hawthorn,85,72,Greater Western Sydney,13,Win,Sat,2023-07-08,July,4:35 PM,9007,Sydney Showground,False,True
2023,2023,17,Home & Away,Not applicable,False,St Kilda,Melbourne,58,79,Melbourne,21,Win,Sat,2023-07-08,July,7:25 PM,30749,Docklands,False,True
2023,2023,17,Home & Away,Not applicable,False,Port Adelaide,Gold Coast,106,73,Port Adelaide,33,Win,Sat,2023-07-08,July,7:10 PM,31053,Adelaide Oval,False,True
2023,2023,17,Home & Away,Not applicable,False,Geelong,North Melbourne,125,63,Geelong,62,Win,Sun,2023-07-09,July,1:10 PM,21066,Kardinia Park,False,True
2023,2023,17,Home & Away,Not applicable,False,Essendon,Adelaide,115,97,Essendon,18,Win,Sun,2023-07-09,July,3:20 PM,39606,Docklands,False,True
2023,2023,17,Home & Away,Not applicable,False,Fremantle,Carlton,45,98,Carlton,53,Win,Sun,2023-07-09,July,2:40 PM,49469,Perth Stadium,False,True
2023,2023,18,Home & Away,Not applicable,False,Sydney,Western Bulldogs,78,76,Sydney,2,Win,Thu,2023-07-13,July,7:20 PM,26221,S.C.G.,False,True
2023,2023,18,Home & Away,Not applicable,False,Melbourne,Brisbane Lions,105,104,Melbourne,1,Win,Fri,2023-07-14,July,7:50 PM,38030,M.C.G.,False,True
2023,2023,18,Home & Away,Not applicable,False,Collingwood,Fremantle,113,67,Collingwood,46,Win,Sat,2023-07-15,July,1:45 PM,61157,M.C.G.,False,True
2023,2023,18,Home & Away,Not applicable,False,Gold Coast,St Kilda,77,51,Gold Coast,26,Win,Sat,2023-07-15,July,2:10 PM,13015,Carrara,False,True
2023,2023,18,Home & Away,Not applicable,False,Carlton,Port Adelaide,122,72,Carlton,50,Win,Sat,2023-07-15,July,4:35 PM,34306,Docklands,False,True
2023,2023,18,Home & Away,Not applicable,False,Geelong,Essendon,122,45,Geelong,77,Win,Sat,2023-07-15,July,7:25 PM,23185,Kardinia Park,False,True
2023,2023,18,Home & Away,Not applicable,False,Adelaide,Greater Western Sydney,57,71,Greater Western Sydney,14,Win,Sat,2023-07-15,July,7:10 PM,36674,Adelaide Oval,False,True
2023,2023,18,Home & Away,Not applicable,False,North Melbourne,Hawthorn,40,88,Hawthorn,48,Win,Sun,2023-07-16,July,1:10 PM,30201,Docklands,False,True
2023,2023,18,Home & Away,Not applicable,False,West Coast,Richmond,60,98,Richmond,38,Win,Sun,2023-07-16,July,2:40 PM,40501,Perth Stadium,False,True
2023,2023,19,Home & Away,Not applicable,False,Essendon,Western Bulldogs,49,90,Western Bulldogs,41,Win,Fri,2023-07-21,July,7:50 PM,43634,Docklands,False,True
2023,2023,19,Home & Away,Not applicable,False,Richmond,Hawthorn,96,95,Richmond,1,Win,Sat,2023-07-22,July,1:45 PM,57654,M.C.G.,False,True
2023,2023,19,Home & Away,Not applicable,False,Carlton,West Coast,140,69,Carlton,71,Win,Sat,2023-07-22,July,2:10 PM,34954,Docklands,False,True
2023,2023,19,Home & Away,Not applicable,False,Brisbane Lions,Geelong,64,53,Brisbane Lions,11,Win,Sat,2023-07-22,July,4:35 PM,32586,Gabba,False,True
2023,2023,19,Home & Away,Not applicable,False,Fremantle,Sydney,76,105,Sydney,29,Win,Sat,2023-07-22,July,5:40 PM,42433,Perth Stadium,False,True
2023,2023,19,Home & Away,Not applicable,False,Port Adelaide,Collingwood,83,85,Collingwood,2,Win,Sat,2023-07-22,July,7:10 PM,47965,Adelaide Oval,False,True
2023,2023,19,Home & Away,Not applicable,False,Greater Western Sydney,Gold Coast,103,63,Greater Western Sydney,40,Win,Sun,2023-07-23,July,1:10 PM,10026,Manuka Oval,False,True
2023,2023,19,Home & Away,Not applicable,False,Melbourne,Adelaide,97,93,Melbourne,4,Win,Sun,2023-07-23,July,3:20 PM,33122,M.C.G.,False,True
2023,2023,19,Home & Away,Not applicable,False,St Kilda,North Melbourne,69,61,St Kilda,8,Win,Sun,2023-07-23,July,4:40 PM,18279,Docklands,False,True
2023,2023,20,Home & Away,Not applicable,False,Collingwood,Carlton,76,93,Carlton,17,Win,Fri,2023-07-28,July,7:50 PM,86785,M.C.G.,False,True
2023,2023,20,Home & Away,Not applicable,False,Western Bulldogs,Greater Western Sydney,73,78,Greater Western Sydney,5,Win,Sat,2023-07-29,July,1:45 PM,9080,Eureka Stadium,False,True
2023,2023,20,Home & Away,Not applicable,False,Geelong,Fremantle,64,71,Fremantle,7,Win,Sat,2023-07-29,July,1:45 PM,21619,Kardinia Park,False,True
2023,2023,20,Home & Away,Not applicable,False,Gold Coast,Brisbane Lions,96,55,Gold Coast,41,Win,Sat,2023-07-29,July,4:35 PM,14097,Carrara,False,True
2023,2023,20,Home & Away,Not applicable,False,Essendon,Sydney,99,101,Sydney,2,Win,Sat,2023-07-29,July,7:25 PM,38329,Docklands,False,True
2023,2023,20,Home & Away,Not applicable,False,Adelaide,Port Adelaide,112,65,Adelaide,47,Win,Sat,2023-07-29,July,7:10 PM,50023,Adelaide Oval,False,True
2023,2023,20,Home & Away,Not applicable,False,Hawthorn,St Kilda,93,122,St Kilda,29,Win,Sun,2023-07-30,July,1:10 PM,22769,Docklands,False,True
2023,2023,20,Home & Away,Not applicable,False,Richmond,Melbourne,98,130,Melbourne,32,Win,Sun,2023-07-30,July,3:20 PM,52294,M.C.G.,False,True
2023,2023,20,Home & Away,Not applicable,False,West Coast,North Melbourne,72,67,West Coast,5,Win,Sun,2023-07-30,July,2:40 PM,38231,Perth Stadium,False,True
2023,2023,21,Home & Away,Not applicable,False,Western Bulldogs,Richmond,126,71,Western Bulldogs,55,Win,Fri,2023-08-04,August,7:50 PM,39304,Docklands,False,True
2023,2023,21,Home & Away,Not applicable,False,Essendon,West Coast,73,72,Essendon,1,Win,Sat,2023-08-05,August,1:45 PM,30742,Docklands,False,True
2023,2023,21,Home & Away,Not applicable,False,Adelaide,Gold Coast,89,61,Adelaide,28,Win,Sat,2023-08-05,August,1:40 PM,35777,Adelaide Oval,False,True
2023,2023,21,Home & Away,Not applicable,False,Hawthorn,Collingwood,105,73,Hawthorn,32,Win,Sat,2023-08-05,August,4:35 PM,62134,M.C.G.,False,True
2023,2023,21,Home & Away,Not applicable,False,Geelong,Port Adelaide,97,85,Geelong,12,Win,Sat,2023-08-05,August,7:25 PM,21279,Kardinia Park,False,True
2023,2023,21,Home & Away,Not applicable,False,Greater Western Sydney,Sydney,85,96,Sydney,11,Win,Sat,2023-08-05,August,7:30 PM,19332,Sydney Showground,False,True
2023,2023,21,Home & Away,Not applicable,False,North Melbourne,Melbourne,71,103,Melbourne,32,Win,Sun,2023-08-06,August,1:10 PM,8034,Bellerive Oval,False,True
2023,2023,21,Home & Away,Not applicable,False,St Kilda,Carlton,54,73,Carlton,19,Win,Sun,2023-08-06,August,3:20 PM,42656,Docklands,False,True
2023,2023,21,Home & Away,Not applicable,False,Fremantle,Brisbane Lions,74,77,Brisbane Lions,3,Win,Sun,2023-08-06,August,2:40 PM,37845,Perth Stadium,False,True
2023,2023,22,Home & Away,Not applicable,False,Collingwood,Geelong,109,101,Collingwood,8,Win,Fri,2023-08-11,August,7:50 PM,78749,M.C.G.,False,True
2023,2023,22,Home & Away,Not applicable,False,North Melbourne,Essendon,77,86,Essendon,9,Win,Sat,2023-08-12,August,1:45 PM,37231,Docklands,False,True
2023,2023,22,Home & Away,Not applicable,False,Sydney,Gold Coast,114,90,Sydney,24,Win,Sat,2023-08-12,August,1:45 PM,33911,S.C.G.,False,True
2023,2023,22,Home & Away,Not applicable,False,Brisbane Lions,Adelaide,99,93,Brisbane Lions,6,Win,Sat,2023-08-12,August,4:35 PM,30107,Gabba,False,True
2023,2023,22,Home & Away,Not applicable,False,Carlton,Melbourne,60,56,Carlton,4,Win,Sat,2023-08-12,August,7:30 PM,68577,M.C.G.,False,True
2023,2023,22,Home & Away,Not applicable,False,West Coast,Fremantle,33,134,Fremantle,101,Win,Sat,2023-08-12,August,6:10 PM,51172,Perth Stadium,False,True
2023,2023,22,Home & Away,Not applicable,False,Hawthorn,Western Bulldogs,67,64,Hawthorn,3,Win,Sun,2023-08-13,August,1:10 PM,12480,York Park,False,True
2023,2023,22,Home & Away,Not applicable,False,St Kilda,Richmond,93,57,St Kilda,36,Win,Sun,2023-08-13,August,3:20 PM,31119,Docklands,False,True
2023,2023,22,Home & Away,Not applicable,False,Port Adelaide,Greater Western Sydney,136,85,Port Adelaide,51,Win,Sun,2023-08-13,August,4:10 PM,32597,Adelaide Oval,False,True
2023,2023,23,Home & Away,Not applicable,False,Collingwood,Brisbane Lions,100,124,Brisbane Lions,24,Win,Fri,2023-08-18,August,7:50 PM,38350,Docklands,False,True
2023,2023,23,Home & Away,Not applicable,False,Richmond,North Melbourne,101,72,Richmond,29,Win,Sat,2023-08-19,August,1:45 PM,59555,M.C.G.,False,True
2023,2023,23,Home & Away,Not applicable,False,Gold Coast,Carlton,87,91,Carlton,4,Win,Sat,2023-08-19,August,2:10 PM,19253,Carrara,False,True
2023,2023,23,Home & Away,Not applicable,False,Greater Western Sydney,Essendon,162,36,Greater Western Sydney,126,Win,Sat,2023-08-19,August,4:35 PM,10281,Sydney Showground,False,True
2023,2023,23,Home & Away,Not applicable,False,St Kilda,Geelong,88,55,St Kilda,33,Win,Sat,2023-08-19,August,7:25 PM,40103,Docklands,False,True
2023,2023,23,Home & Away,Not applicable,False,Adelaide,Sydney,73,74,Sydney,1,Win,Sat,2023-08-19,August,7:10 PM,44817,Adelaide Oval,False,True
2023,2023,23,Home & Away,Not applicable,False,Western Bulldogs,West Coast,85,92,West Coast,7,Win,Sun,2023-08-20,August,1:10 PM,23965,Docklands,False,True
2023,2023,23,Home & Away,Not applicable,False,Melbourne,Hawthorn,87,60,Melbourne,27,Win,Sun,2023-08-20,August,3:20 PM,50142,M.C.G.,False,True
2023,2023,23,Home & Away,Not applicable,False,Fremantle,Port Adelaide,58,74,Port Adelaide,16,Win,Sun,2023-08-20,August,2:40 PM,38360,Perth Stadium,False,True
2023,2023,24,Home & Away,Not applicable,False,Essendon,Collingwood,31,101,Collingwood,70,Win,Fri,2023-08-25,August,7:50 PM,74344,M.C.G.,False,True
2023,2023,24,Home & Away,Not applicable,False,Hawthorn,Fremantle,56,93,Fremantle,37,Win,Sat,2023-08-26,August,1:45 PM,27951,M.C.G.,False,True
2023,2023,24,Home & Away,Not applicable,False,North Melbourne,Gold Coast,132,97,North Melbourne,35,Win,Sat,2023-08-26,August,1:45 PM,4378,Bellerive Oval,False,True
2023,2023,24,Home & Away,Not applicable,False,Brisbane Lions,St Kilda,72,60,Brisbane Lions,12,Win,Sat,2023-08-26,August,4:35 PM,31689,Gabba,False,True
2023,2023,24,Home & Away,Not applicable,False,Geelong,Western Bulldogs,79,104,Western Bulldogs,25,Win,Sat,2023-08-26,August,7:25 PM,20533,Kardinia Park,False,True
2023,2023,24,Home & Away,Not applicable,False,West Coast,Adelaide,78,123,Adelaide,45,Win,Sat,2023-08-26,August,6:10 PM,47027,Perth Stadium,False,True
2023,2023,24,Home & Away,Not applicable,False,Port Adelaide,Richmond,94,63,Port Adelaide,31,Win,Sun,2023-08-27,August,12:00 PM,39860,Adelaide Oval,False,True
2023,2023,24,Home & Away,Not applicable,False,Sydney,Melbourne,56,77,Melbourne,21,Win,Sun,2023-08-27,August,3:20 PM,41753,S.C.G.,False,True
2023,2023,24,Home & Away,Not applicable,False,Carlton,Greater Western Sydney,73,105,Greater Western Sydney,32,Win,Sun,2023-08-27,August,6:10 PM,44354,Docklands,False,True
2023,2023,,Finals,Qualifying Final,True,Collingwood,Melbourne,60,53,Collingwood,7,Win,Thu,2023-09-07,September,7:20 PM,92636,M.C.G.,False,False
2023,2023,,Finals,Elimination Final,True,Carlton,Sydney,74,68,Carlton,6,Win,Fri,2023-09-08,September,7:50 PM,92026,M.C.G.,False,False
2023,2023,,Finals,Elimination Final,True,St Kilda,Greater Western Sydney,77,101,Greater Western Sydney,24,Win,Sat,2023-09-09,September,3:20 PM,68465,M.C.G.,False,False
2023,2023,,Finals,Qualifying Final,True,Brisbane Lions,Port Adelaide,123,75,Brisbane Lions,48,Win,Sat,2023-09-09,September,7:25 PM,36020,Gabba,False,False
2023,2023,,Finals,Semi Final,True,Melbourne,Carlton,71,73,Carlton,2,Win,Fri,2023-09-15,September,7:50 PM,96412,M.C.G.,False,False
2023,2023,,Finals,Semi Final,True,Port Adelaide,Greater Western Sydney,70,93,Greater Western Sydney,23,Win,Sat,2023-09-16,September,7:10 PM,45520,Adelaide Oval,False,False
2023,2023,,Finals,Preliminary Final,True,Collingwood,Greater Western Sydney,58,57,Collingwood,1,Win,Fri,2023-09-22,September,7:50 PM,97665,M.C.G.,False,False
2023,2023,,Finals,Preliminary Final,True,Brisbane Lions,Carlton,79,63,Brisbane Lions,16,Win,Sat,2023-09-23,September,5:15 PM,36012,Gabba,False,False
2023,2023,,Finals,Grand Final,True,Collingwood,Brisbane Lions,90,86,Collingwood,4,Win,Sat,2023-09-30,September,2:30 PM,100024,M.C.G.,False,False
2024,2024,1,Home & Away,Not applicable,False,Sydney,Melbourne,86,64,Sydney,22,Win,Thu,2024-03-07,March,7:30 PM,40012,S.C.G.,False,True
2024,2024,1,Home & Away,Not applicable,False,Brisbane Lions,Carlton,85,86,Carlton,1,Win,Fri,2024-03-08,March,6:40 PM,33367,Gabba,False,True
2024,2024,1,Home & Away,Not applicable,False,Gold Coast,Richmond,99,60,Gold Coast,39,Win,Sat,2024-03-09,March,3:20 PM,22086,Carrara,False,True
2024,2024,1,Home & Away,Not applicable,False,Greater Western Sydney,Collingwood,114,82,Greater Western Sydney,32,Win,Sat,2024-03-09,March,7:30 PM,21235,Sydney Showground,False,True
2024,2024,2,Home & Away,Not applicable,False,Carlton,Richmond,86,81,Carlton,5,Win,Thu,2024-03-14,March,7:30 PM,83881,M.C.G.,False,True
2024,2024,2,Home & Away,Not applicable,False,Collingwood,Sydney,69,102,Sydney,33,Win,Fri,2024-03-15,March,7:40 PM,78933,M.C.G.,False,True
2024,2024,2,Home & Away,Not applicable,False,Essendon,Hawthorn,107,83,Essendon,24,Win,Sat,2024-03-16,March,1:45 PM,73805,M.C.G.,False,True
2024,2024,2,Home & Away,Not applicable,False,Greater Western Sydney,North Melbourne,121,82,Greater Western Sydney,39,Win,Sat,2024-03-16,March,4:35 PM,8034,Sydney Showground,False,True
2024,2024,2,Home & Away,Not applicable,False,Geelong,St Kilda,76,68,Geelong,8,Win,Sat,2024-03-16,March,7:30 PM,39352,Kardinia Park,False,True
2024,2024,2,Home & Away,Not applicable,False,Gold Coast,Adelaide,60,54,Gold Coast,6,Win,Sat,2024-03-16,March,7:10 PM,11466,Carrara,False,True
2024,2024,2,Home & Away,Not applicable,False,Melbourne,Western Bulldogs,109,64,Melbourne,45,Win,Sun,2024-03-17,March,1:00 PM,44100,M.C.G.,False,True
2024,2024,2,Home & Away,Not applicable,False,Port Adelaide,West Coast,120,70,Port Adelaide,50,Win,Sun,2024-03-17,March,3:30 PM,34078,Adelaide Oval,False,True
2024,2024,2,Home & Away,Not applicable,False,Fremantle,Brisbane Lions,93,70,Fremantle,23,Win,Sun,2024-03-17,March,3:50 PM,40604,Perth Stadium,False,True
2024,2024,3,Home & Away,Not applicable,False,St Kilda,Collingwood,94,79,St Kilda,15,Win,Thu,2024-03-21,March,7:30 PM,69517,M.C.G.,False,True
2024,2024,3,Home & Away,Not applicable,False,Adelaide,Geelong,77,96,Geelong,19,Win,Fri,2024-03-22,March,7:10 PM,44758,Adelaide Oval,False,True
2024,2024,3,Home & Away,Not applicable,False,North Melbourne,Fremantle,76,102,Fremantle,26,Win,Sat,2024-03-23,March,1:45 PM,17589,Docklands,False,True
2024,2024,3,Home & Away,Not applicable,False,Hawthorn,Melbourne,38,93,Melbourne,55,Win,Sat,2024-03-23,March,4:35 PM,43960,M.C.G.,False,True
2024,2024,3,Home & Away,Not applicable,False,Sydney,Essendon,131,101,Sydney,30,Win,Sat,2024-03-23,March,7:30 PM,34954,S.C.G.,False,True
2024,2024,3,Home & Away,Not applicable,False,Western Bulldogs,Gold Coast,115,67,Western Bulldogs,48,Win,Sun,2024-03-24,March,1:00 PM,9752,Eureka Stadium,False,True
2024,2024,3,Home & Away,Not applicable,False,Richmond,Port Adelaide,92,122,Port Adelaide,30,Win,Sun,2024-03-24,March,4:00 PM,30254,M.C.G.,False,True
2024,2024,3,Home & Away,Not applicable,False,West Coast,Greater Western Sydney,43,108,Greater Western Sydney,65,Win,Sun,2024-03-24,March,3:50 PM,42401,Perth Stadium,False,True
2024,2024,4,Home & Away,Not applicable,False,Brisbane Lions,Collingwood,72,92,Collingwood,20,Win,Thu,2024-03-28,March,6:30 PM,34022,Gabba,False,True
2024,2024,4,Home & Away,Not applicable,False,North Melbourne,Carlton,81,137,Carlton,56,Win,Fri,2024-03-29,March,4:20 PM,47565,Docklands,False,True
2024,2024,4,Home & Away,Not applicable,False,Fremantle,Adelaide,69,34,Fremantle,35,Win,Fri,2024-03-29,March,4:30 PM,51037,Perth Stadium,False,True
2024,2024,4,Home & Away,Not applicable,False,Essendon,St Kilda,71,67,Essendon,4,Win,Sat,2024-03-30,March,4:20 PM,44412,Docklands,False,True
2024,2024,4,Home & Away,Not applicable,False,Port Adelaide,Melbourne,89,96,Melbourne,7,Win,Sat,2024-03-30,March,7:00 PM,38105,Adelaide Oval,False,True
2024,2024,4,Home & Away,Not applicable,False,Western Bulldogs,West Coast,106,30,Western Bulldogs,76,Win,Sun,2024-03-31,March,1:00 PM,22991,Docklands,False,True
2024,2024,4,Home & Away,Not applicable,False,Richmond,Sydney,82,77,Richmond,5,Win,Sun,2024-03-31,March,4:00 PM,45112,M.C.G.,False,True
2024,2024,4,Home & Away,Not applicable,False,Hawthorn,Geelong,70,106,Geelong,36,Win,Mon,2024-04-01,April,3:20 PM,67020,M.C.G.,False,True
2024,2024,5,Home & Away,Not applicable,False,Adelaide,Melbourne,63,78,Melbourne,15,Win,Thu,2024-04-04,April,7:10 PM,48020,Adelaide Oval,False,True
2024,2024,5,Home & Away,Not applicable,False,Brisbane Lions,North Melbourne,112,42,Brisbane Lions,70,Win,Fri,2024-04-05,April,4:40 PM,9037,Norwood Oval,False,True
2024,2024,5,Home & Away,Not applicable,False,Port Adelaide,Essendon,111,42,Port Adelaide,69,Win,Fri,2024-04-05,April,7:40 PM,47461,Adelaide Oval,False,True
2024,2024,5,Home & Away,Not applicable,False,West Coast,Sydney,78,104,Sydney,26,Win,Sat,2024-04-06,April,1:00 PM,9225,Summit Sports Park,False,True
2024,2024,5,Home & Away,Not applicable,False,Fremantle,Carlton,63,73,Carlton,10,Win,Sat,2024-04-06,April,3:50 PM,43158,Adelaide Oval,False,True
2024,2024,5,Home & Away,Not applicable,False,Western Bulldogs,Geelong,91,95,Geelong,4,Win,Sat,2024-04-06,April,7:40 PM,45970,Adelaide Oval,False,True
2024,2024,5,Home & Away,Not applicable,False,Gold Coast,Greater Western Sydney,89,117,Greater Western Sydney,28,Win,Sun,2024-04-07,April,12:00 PM,9337,Summit Sports Park,False,True
2024,2024,5,Home & Away,Not applicable,False,Richmond,St Kilda,60,67,St Kilda,7,Win,Sun,2024-04-07,April,2:50 PM,9425,Norwood Oval,False,True
2024,2024,5,Home & Away,Not applicable,False,Collingwood,Hawthorn,77,72,Collingwood,5,Win,Sun,2024-04-07,April,4:40 PM,43198,Adelaide Oval,False,True
2024,2024,6,Home & Away,Not applicable,False,Melbourne,Brisbane Lions,60,82,Brisbane Lions,22,Win,Thu,2024-04-11,April,7:30 PM,43098,M.C.G.,False,True
2024,2024,6,Home & Away,Not applicable,False,Western Bulldogs,Essendon,67,96,Essendon,29,Win,Fri,2024-04-12,April,7:40 PM,50144,Docklands,False,True
2024,2024,6,Home & Away,Not applicable,False,Greater Western Sydney,St Kilda,80,79,Greater Western Sydney,1,Win,Sat,2024-04-13,April,1:45 PM,12448,Manuka Oval,False,True
2024,2024,6,Home & Away,Not applicable,False,Carlton,Adelaide,98,100,Adelaide,2,Win,Sat,2024-04-13,April,4:35 PM,46283,Docklands,False,True
2024,2024,6,Home & Away,Not applicable,False,Port Adelaide,Fremantle,66,63,Port Adelaide,3,Win,Sat,2024-04-13,April,7:00 PM,35658,Adelaide Oval,False,True
2024,2024,6,Home & Away,Not applicable,False,Gold Coast,Hawthorn,109,56,Gold Coast,53,Win,Sat,2024-04-13,April,7:30 PM,13900,Carrara,False,True
2024,2024,6,Home & Away,Not applicable,False,Geelong,North Melbourne,139,64,Geelong,75,Win,Sun,2024-04-14,April,1:00 PM,31194,Kardinia Park,False,True
2024,2024,6,Home & Away,Not applicable,False,West Coast,Richmond,109,70,West Coast,39,Win,Sun,2024-04-14,April,2:00 PM,47665,Perth Stadium,False,True
2024,2024,7,Home & Away,Not applicable,False,St Kilda,Western Bulldogs,64,124,Western Bulldogs,60,Win,Thu,2024-04-18,April,7:30 PM,26719,Docklands,False,True
2024,2024,7,Home & Away,Not applicable,False,Adelaide,Essendon,75,78,Essendon,3,Win,Fri,2024-04-19,April,7:10 PM,46700,Adelaide Oval,False,True
2024,2024,7,Home & Away,Not applicable,False,Collingwood,Port Adelaide,123,81,Collingwood,42,Win,Sat,2024-04-20,April,1:45 PM,65834,M.C.G.,False,True
2024,2024,7,Home & Away,Not applicable,False,Carlton,Greater Western Sydney,117,98,Carlton,19,Win,Sat,2024-04-20,April,4:35 PM,40474,Docklands,False,True
2024,2024,7,Home & Away,Not applicable,False,Brisbane Lions,Geelong,37,63,Geelong,26,Win,Sat,2024-04-20,April,7:30 PM,30429,Gabba,False,True
2024,2024,7,Home & Away,Not applicable,False,West Coast,Fremantle,105,68,West Coast,37,Win,Sat,2024-04-20,April,6:10 PM,54473,Perth Stadium,False,True
2024,2024,7,Home & Away,Not applicable,False,Sydney,Gold Coast,110,57,Sydney,53,Win,Sun,2024-04-21,April,1:05 PM,35649,S.C.G.,False,True
2024,2024,7,Home & Away,Not applicable,False,North Melbourne,Hawthorn,68,113,Hawthorn,45,Win,Sun,2024-04-21,April,4:05 PM,30648,Docklands,False,True
2024,2024,8,Home & Away,Not applicable,False,Richmond,Melbourne,42,85,Melbourne,43,Win,Wed,2024-04-24,April,7:25 PM,72840,M.C.G.,False,True
2024,2024,8,Home & Away,Not applicable,False,Essendon,Collingwood,85,85,Draw,0,Draw,Thu,2024-04-25,April,3:20 PM,93644,M.C.G.,False,True
2024,2024,8,Home & Away,Not applicable,False,Greater Western Sydney,Brisbane Lions,113,59,Greater Western Sydney,54,Win,Thu,2024-04-25,April,7:35 PM,13080,Manuka Oval,False,True
2024,2024,8,Home & Away,Not applicable,False,Port Adelaide,St Kilda,82,72,Port Adelaide,10,Win,Fri,2024-04-26,April,7:10 PM,40306,Adelaide Oval,False,True
2024,2024,8,Home & Away,Not applicable,False,North Melbourne,Adelaide,81,138,Adelaide,57,Win,Sat,2024-04-27,April,1:45 PM,5365,Bellerive Oval,False,True
2024,2024,8,Home & Away,Not applicable,False,Geelong,Carlton,118,105,Geelong,13,Win,Sat,2024-04-27,April,4:35 PM,87775,M.C.G.,False,True
2024,2024,8,Home & Away,Not applicable,False,Fremantle,Western Bulldogs,95,71,Fremantle,24,Win,Sat,2024-04-27,April,5:40 PM,45931,Perth Stadium,False,True
2024,2024,8,Home & Away,Not applicable,False,Gold Coast,West Coast,112,75,Gold Coast,37,Win,Sun,2024-04-28,April,1:00 PM,11440,Carrara,False,True
2024,2024,8,Home & Away,Not applicable,False,Hawthorn,Sydney,42,118,Sydney,76,Win,Sun,2024-04-28,April,4:00 PM,38052,M.C.G.,False,True
2024,2024,9,Home & Away,Not applicable,False,Adelaide,Port Adelaide,78,48,Adelaide,30,Win,Thu,2024-05-02,May,7:00 PM,52106,Adelaide Oval,False,True
2024,2024,9,Home & Away,Not applicable,False,Carlton,Collingwood,79,85,Collingwood,6,Win,Fri,2024-05-03,May,7:40 PM,88362,M.C.G.,False,True
2024,2024,9,Home & Away,Not applicable,False,Sydney,Greater Western Sydney,98,69,Sydney,29,Win,Sat,2024-05-04,May,1:45 PM,40337,S.C.G.,False,True
2024,2024,9,Home & Away,Not applicable,False,St Kilda,North Melbourne,103,65,St Kilda,38,Win,Sat,2024-05-04,May,4:35 PM,27009,Docklands,False,True
2024,2024,9,Home & Away,Not applicable,False,Melbourne,Geelong,74,66,Melbourne,8,Win,Sat,2024-05-04,May,7:30 PM,51795,M.C.G.,False,True
2024,2024,9,Home & Away,Not applicable,False,West Coast,Essendon,71,77,Essendon,6,Win,Sat,2024-05-04,May,6:10 PM,51751,Perth Stadium,False,True
2024,2024,9,Home & Away,Not applicable,False,Richmond,Fremantle,49,103,Fremantle,54,Win,Sun,2024-05-05,May,1:00 PM,32252,M.C.G.,False,True
2024,2024,9,Home & Away,Not applicable,False,Western Bulldogs,Hawthorn,91,98,Hawthorn,7,Win,Sun,2024-05-05,May,4:00 PM,29555,Docklands,False,True
2024,2024,9,Home & Away,Not applicable,False,Brisbane Lions,Gold Coast,79,45,Brisbane Lions,34,Win,Sun,2024-05-05,May,7:10 PM,30285,Gabba,False,True
2024,2024,10,Home & Away,Not applicable,False,Carlton,Melbourne,77,76,Carlton,1,Win,Thu,2024-05-09,May,7:30 PM,58472,M.C.G.,False,True
2024,2024,10,Home & Away,Not applicable,False,Geelong,Port Adelaide,95,101,Port Adelaide,6,Win,Fri,2024-05-10,May,7:10 PM,29942,Kardinia Park,False,True
2024,2024,10,Home & Away,Not applicable,False,Fremantle,Sydney,39,87,Sydney,48,Win,Fri,2024-05-10,May,6:30 PM,46198,Perth Stadium,False,True
2024,2024,10,Home & Away,Not applicable,False,Hawthorn,St Kilda,58,53,Hawthorn,5,Win,Sat,2024-05-11,May,1:45 PM,15112,York Park,False,True
2024,2024,10,Home & Away,Not applicable,False,Essendon,Greater Western Sydney,82,62,Essendon,20,Win,Sat,2024-05-11,May,4:35 PM,37295,Docklands,False,True
2024,2024,10,Home & Away,Not applicable,False,Gold Coast,North Melbourne,120,52,Gold Coast,68,Win,Sat,2024-05-11,May,7:00 PM,7036,Marrara Oval,False,True
2024,2024,10,Home & Away,Not applicable,False,Richmond,Western Bulldogs,42,133,Western Bulldogs,91,Win,Sat,2024-05-11,May,7:30 PM,38007,M.C.G.,False,True
2024,2024,10,Home & Away,Not applicable,False,Collingwood,West Coast,103,37,Collingwood,66,Win,Sun,2024-05-12,May,1:00 PM,37433,Docklands,False,True
2024,2024,10,Home & Away,Not applicable,False,Adelaide,Brisbane Lions,90,90,Draw,0,Draw,Sun,2024-05-12,May,3:30 PM,40278,Adelaide Oval,False,True
2024,2024,11,Home & Away,Not applicable,False,Gold Coast,Geelong,164,100,Gold Coast,64,Win,Thu,2024-05-16,May,7:00 PM,12112,Marrara Oval,False,True
2024,2024,11,Home & Away,Not applicable,False,Sydney,Carlton,117,65,Sydney,52,Win,Fri,2024-05-17,May,7:40 PM,44047,S.C.G.,False,True
2024,2024,11,Home & Away,Not applicable,False,Collingwood,Adelaide,78,74,Collingwood,4,Win,Sat,2024-05-18,May,1:45 PM,63925,M.C.G.,False,True
2024,2024,11,Home & Away,Not applicable,False,Greater Western Sydney,Western Bulldogs,43,70,Western Bulldogs,27,Win,Sat,2024-05-18,May,4:35 PM,7747,Sydney Showground,False,True
2024,2024,11,Home & Away,Not applicable,False,St Kilda,Fremantle,55,72,Fremantle,17,Win,Sat,2024-05-18,May,7:30 PM,19265,Docklands,False,True
2024,2024,11,Home & Away,Not applicable,False,Brisbane Lions,Richmond,163,44,Brisbane Lions,119,Win,Sat,2024-05-18,May,7:30 PM,27200,Gabba,False,True
2024,2024,11,Home & Away,Not applicable,False,Essendon,North Melbourne,106,66,Essendon,40,Win,Sun,2024-05-19,May,1:10 PM,43125,Docklands,False,True
2024,2024,11,Home & Away,Not applicable,False,Port Adelaide,Hawthorn,80,79,Port Adelaide,1,Win,Sun,2024-05-19,May,2:50 PM,36190,Adelaide Oval,False,True
2024,2024,11,Home & Away,Not applicable,False,West Coast,Melbourne,105,70,West Coast,35,Win,Sun,2024-05-19,May,4:20 PM,43408,Perth Stadium,False,True
2024,2024,12,Home & Away,Not applicable,False,Western Bulldogs,Sydney,88,102,Sydney,14,Win,Thu,2024-05-23,May,7:30 PM,27377,Docklands,False,True
2024,2024,12,Home & Away,Not applicable,False,Fremantle,Collingwood,75,75,Draw,0,Draw,Fri,2024-05-24,May,6:10 PM,54035,Perth Stadium,False,True
2024,2024,12,Home & Away,Not applicable,False,Carlton,Gold Coast,102,73,Carlton,29,Win,Sat,2024-05-25,May,1:45 PM,39597,Docklands,False,True
2024,2024,12,Home & Away,Not applicable,False,North Melbourne,Port Adelaide,48,107,Port Adelaide,59,Win,Sat,2024-05-25,May,1:45 PM,4705,Bellerive Oval,False,True
2024,2024,12,Home & Away,Not applicable,False,Geelong,Greater Western Sydney,74,78,Greater Western Sydney,4,Win,Sat,2024-05-25,May,4:35 PM,30821,Kardinia Park,False,True
2024,2024,12,Home & Away,Not applicable,False,Richmond,Essendon,74,86,Essendon,12,Win,Sat,2024-05-25,May,7:40 PM,79359,M.C.G.,False,True
2024,2024,12,Home & Away,Not applicable,False,Hawthorn,Brisbane Lions,100,75,Hawthorn,25,Win,Sun,2024-05-26,May,1:10 PM,29664,Docklands,False,True
2024,2024,12,Home & Away,Not applicable,False,Melbourne,St Kilda,100,62,Melbourne,38,Win,Sun,2024-05-26,May,3:20 PM,37403,M.C.G.,False,True
2024,2024,12,Home & Away,Not applicable,False,Adelaide,West Coast,137,38,Adelaide,99,Win,Sun,2024-05-26,May,4:10 PM,40965,Adelaide Oval,False,True
2024,2024,13,Home & Away,Not applicable,False,Port Adelaide,Carlton,71,107,Carlton,36,Win,Thu,2024-05-30,May,7:00 PM,40532,Adelaide Oval,False,True
2024,2024,13,Home & Away,Not applicable,False,Collingwood,Western Bulldogs,82,100,Western Bulldogs,18,Win,Fri,2024-05-31,May,7:40 PM,43298,Docklands,False,True
2024,2024,13,Home & Away,Not applicable,False,Hawthorn,Adelaide,107,80,Hawthorn,27,Win,Sat,2024-06-01,June,1:45 PM,36086,M.C.G.,False,True
2024,2024,13,Home & Away,Not applicable,False,West Coast,St Kilda,68,82,St Kilda,14,Win,Sat,2024-06-01,June,2:35 PM,47526,Perth Stadium,False,True
2024,2024,13,Home & Away,Not applicable,False,Geelong,Richmond,99,69,Geelong,30,Win,Sat,2024-06-01,June,7:30 PM,31054,Kardinia Park,False,True
2024,2024,13,Home & Away,Not applicable,False,Melbourne,Fremantle,49,141,Fremantle,92,Win,Sun,2024-06-02,June,12:30 PM,6109,Traeger Park,False,True
2024,2024,13,Home & Away,Not applicable,False,Gold Coast,Essendon,91,80,Gold Coast,11,Win,Sun,2024-06-02,June,4:00 PM,21759,Carrara,False,True
2024,2024,14,Home & Away,Not applicable,False,Adelaide,Richmond,71,79,Richmond,8,Win,Thu,2024-06-06,June,7:00 PM,37342,Adelaide Oval,False,True
2024,2024,14,Home & Away,Not applicable,False,Western Bulldogs,Brisbane Lions,71,114,Brisbane Lions,43,Win,Fri,2024-06-07,June,7:40 PM,31280,Docklands,False,True
2024,2024,14,Home & Away,Not applicable,False,Hawthorn,Greater Western Sydney,85,79,Hawthorn,6,Win,Sat,2024-06-08,June,1:45 PM,11568,York Park,False,True
2024,2024,14,Home & Away,Not applicable,False,West Coast,North Melbourne,65,74,North Melbourne,9,Win,Sat,2024-06-08,June,2:35 PM,43276,Perth Stadium,False,True
2024,2024,14,Home & Away,Not applicable,False,St Kilda,Gold Coast,51,48,St Kilda,3,Win,Sat,2024-06-08,June,7:30 PM,17992,Docklands,False,True
2024,2024,14,Home & Away,Not applicable,False,Sydney,Geelong,112,82,Sydney,30,Win,Sun,2024-06-09,June,3:20 PM,44714,S.C.G.,False,True
2024,2024,14,Home & Away,Not applicable,False,Essendon,Carlton,70,96,Carlton,26,Win,Sun,2024-06-09,June,7:20 PM,88510,M.C.G.,False,True
2024,2024,14,Home & Away,Not applicable,False,Collingwood,Melbourne,89,51,Collingwood,38,Win,Mon,2024-06-10,June,3:20 PM,84659,M.C.G.,False,True
2024,2024,15,Home & Away,Not applicable,False,Brisbane Lions,St Kilda,126,106,Brisbane Lions,20,Win,Fri,2024-06-14,June,7:40 PM,27445,Gabba,False,True
2024,2024,15,Home & Away,Not applicable,False,Western Bulldogs,Fremantle,149,82,Western Bulldogs,67,Win,Sat,2024-06-15,June,1:45 PM,21796,Docklands,False,True
2024,2024,15,Home & Away,Not applicable,False,Richmond,Hawthorn,49,97,Hawthorn,48,Win,Sat,2024-06-15,June,4:35 PM,92311,M.C.G.,False,True
2024,2024,15,Home & Away,Not applicable,False,Adelaide,Sydney,67,109,Sydney,42,Win,Sat,2024-06-15,June,7:00 PM,41535,Adelaide Oval,False,True
2024,2024,15,Home & Away,Not applicable,False,North Melbourne,Collingwood,118,119,Collingwood,1,Win,Sun,2024-06-16,June,1:00 PM,38311,Docklands,False,True
2024,2024,15,Home & Away,Not applicable,False,Greater Western Sydney,Port Adelaide,73,51,Greater Western Sydney,22,Win,Sun,2024-06-16,June,4:00 PM,8914,Sydney Showground,False,True
2024,2024,16,Home & Away,Not applicable,False,Carlton,Geelong,138,75,Carlton,63,Win,Fri,2024-06-21,June,7:40 PM,75218,M.C.G.,False,True
2024,2024,16,Home & Away,Not applicable,False,Port Adelaide,Brisbane Lions,73,152,Brisbane Lions,79,Win,Sat,2024-06-22,June,1:15 PM,32862,Adelaide Oval,False,True
2024,2024,16,Home & Away,Not applicable,False,Greater Western Sydney,Sydney,75,102,Sydney,27,Win,Sat,2024-06-22,June,4:35 PM,19751,Sydney Showground,False,True
2024,2024,16,Home & Away,Not applicable,False,Melbourne,North Melbourne,70,67,Melbourne,3,Win,Sat,2024-06-22,June,7:30 PM,28774,M.C.G.,False,True
2024,2024,16,Home & Away,Not applicable,False,Essendon,West Coast,122,92,Essendon,30,Win,Sun,2024-06-23,June,1:00 PM,40840,Docklands,False,True
2024,2024,16,Home & Away,Not applicable,False,Fremantle,Gold Coast,85,65,Fremantle,20,Win,Sun,2024-06-23,June,2:00 PM,40637,Perth Stadium,False,True
2024,2024,17,Home & Away,Not applicable,False,Brisbane Lions,Melbourne,86,81,Brisbane Lions,5,Win,Fri,2024-06-28,June,7:40 PM,29617,Gabba,False,True
2024,2024,17,Home & Away,Not applicable,False,North Melbourne,Western Bulldogs,60,77,Western Bulldogs,17,Win,Sat,2024-06-29,June,1:45 PM,27005,Docklands,False,True
2024,2024,17,Home & Away,Not applicable,False,Sydney,Fremantle,98,99,Fremantle,1,Win,Sat,2024-06-29,June,1:45 PM,35477,S.C.G.,False,True
2024,2024,17,Home & Away,Not applicable,False,Gold Coast,Collingwood,101,90,Gold Coast,11,Win,Sat,2024-06-29,June,4:35 PM,23029,Carrara,False,True
2024,2024,17,Home & Away,Not applicable,False,Adelaide,Greater Western Sydney,94,78,Adelaide,16,Win,Sat,2024-06-29,June,7:00 PM,29802,Adelaide Oval,False,True
2024,2024,17,Home & Away,Not applicable,False,Geelong,Essendon,105,60,Geelong,45,Win,Sat,2024-06-29,June,7:30 PM,54698,M.C.G.,False,True
2024,2024,17,Home & Away,Not applicable,False,St Kilda,Port Adelaide,60,62,Port Adelaide,2,Win,Sun,2024-06-30,June,1:10 PM,18052,Docklands,False,True
2024,2024,17,Home & Away,Not applicable,False,Richmond,Carlton,70,131,Carlton,61,Win,Sun,2024-06-30,June,3:20 PM,58298,M.C.G.,False,True
2024,2024,17,Home & Away,Not applicable,False,West Coast,Hawthorn,33,94,Hawthorn,61,Win,Sun,2024-06-30,June,2:40 PM,49454,Perth Stadium,False,True
2024,2024,18,Home & Away,Not applicable,False,Collingwood,Essendon,80,92,Essendon,12,Win,Fri,2024-07-05,July,7:40 PM,81711,M.C.G.,False,True
2024,2024,18,Home & Away,Not applicable,False,Port Adelaide,Western Bulldogs,102,54,Port Adelaide,48,Win,Sat,2024-07-06,July,1:15 PM,31590,Adelaide Oval,False,True
2024,2024,18,Home & Away,Not applicable,False,North Melbourne,Gold Coast,87,83,North Melbourne,4,Win,Sat,2024-07-06,July,1:45 PM,17781,Docklands,False,True
2024,2024,18,Home & Away,Not applicable,False,Geelong,Hawthorn,110,59,Geelong,51,Win,Sat,2024-07-06,July,4:35 PM,33188,Kardinia Park,False,True
2024,2024,18,Home & Away,Not applicable,False,Greater Western Sydney,Carlton,116,104,Greater Western Sydney,12,Win,Sat,2024-07-06,July,7:30 PM,11730,Sydney Showground,False,True
2024,2024,18,Home & Away,Not applicable,False,Fremantle,Richmond,105,54,Fremantle,51,Win,Sat,2024-07-06,July,6:10 PM,42690,Perth Stadium,False,True
2024,2024,18,Home & Away,Not applicable,False,Melbourne,West Coast,112,58,Melbourne,54,Win,Sun,2024-07-07,July,1:10 PM,32000,M.C.G.,False,True
2024,2024,18,Home & Away,Not applicable,False,St Kilda,Sydney,84,82,St Kilda,2,Win,Sun,2024-07-07,July,3:20 PM,30267,Docklands,False,True
2024,2024,18,Home & Away,Not applicable,False,Brisbane Lions,Adelaide,97,86,Brisbane Lions,11,Win,Sun,2024-07-07,July,4:10 PM,30183,Gabba,False,True
2024,2024,19,Home & Away,Not applicable,False,Collingwood,Geelong,71,91,Geelong,20,Win,Fri,2024-07-12,July,7:40 PM,73435,M.C.G.,False,True
2024,2024,19,Home & Away,Not applicable,False,Hawthorn,Fremantle,87,74,Hawthorn,13,Win,Sat,2024-07-13,July,1:45 PM,11146,York Park,False,True
2024,2024,19,Home & Away,Not applicable,False,Sydney,North Melbourne,138,59,Sydney,79,Win,Sat,2024-07-13,July,1:45 PM,34663,S.C.G.,False,True
2024,2024,19,Home & Away,Not applicable,False,Western Bulldogs,Carlton,100,86,Western Bulldogs,14,Win,Sat,2024-07-13,July,4:35 PM,45387,Docklands,False,True
2024,2024,19,Home & Away,Not applicable,False,Adelaide,St Kilda,71,39,Adelaide,32,Win,Sat,2024-07-13,July,7:00 PM,34549,Adelaide Oval,False,True
2024,2024,19,Home & Away,Not applicable,False,Melbourne,Essendon,84,67,Melbourne,17,Win,Sat,2024-07-13,July,7:30 PM,52866,M.C.G.,False,True
2024,2024,19,Home & Away,Not applicable,False,Gold Coast,Port Adelaide,96,82,Gold Coast,14,Win,Sun,2024-07-14,July,1:10 PM,14526,Carrara,False,True
2024,2024,19,Home & Away,Not applicable,False,Richmond,Greater Western Sydney,84,108,Greater Western Sydney,24,Win,Sun,2024-07-14,July,3:20 PM,19040,M.C.G.,False,True
2024,2024,19,Home & Away,Not applicable,False,West Coast,Brisbane Lions,93,106,Brisbane Lions,13,Win,Sun,2024-07-14,July,2:40 PM,41489,Perth Stadium,False,True
2024,2024,20,Home & Away,Not applicable,False,Essendon,Adelaide,113,115,Adelaide,2,Win,Fri,2024-07-19,July,7:40 PM,36020,Docklands,False,True
2024,2024,20,Home & Away,Not applicable,False,St Kilda,West Coast,113,41,St Kilda,72,Win,Sat,2024-07-20,July,1:45 PM,18251,Docklands,False,True
2024,2024,20,Home & Away,Not applicable,False,Greater Western Sydney,Gold Coast,89,50,Greater Western Sydney,39,Win,Sat,2024-07-20,July,1:45 PM,8013,Sydney Showground,False,True
2024,2024,20,Home & Away,Not applicable,False,Hawthorn,Collingwood,133,67,Hawthorn,66,Win,Sat,2024-07-20,July,4:35 PM,74171,M.C.G.,False,True
2024,2024,20,Home & Away,Not applicable,False,Port Adelaide,Richmond,116,75,Port Adelaide,41,Win,Sat,2024-07-20,July,7:00 PM,27704,Adelaide Oval,False,True
2024,2024,20,Home & Away,Not applicable,False,Geelong,Western Bulldogs,48,95,Western Bulldogs,47,Win,Sat,2024-07-20,July,7:30 PM,27967,Kardinia Park,False,True
2024,2024,20,Home & Away,Not applicable,False,Brisbane Lions,Sydney,79,77,Brisbane Lions,2,Win,Sun,2024-07-21,July,1:10 PM,33924,Gabba,False,True
2024,2024,20,Home & Away,Not applicable,False,Fremantle,Melbourne,116,66,Fremantle,50,Win,Sun,2024-07-21,July,1:20 PM,42215,Perth Stadium,False,True
2024,2024,20,Home & Away,Not applicable,False,Carlton,North Melbourne,107,88,Carlton,19,Win,Sun,2024-07-21,July,4:40 PM,40014,Docklands,False,True
2024,2024,21,Home & Away,Not applicable,False,Carlton,Port Adelaide,65,79,Port Adelaide,14,Win,Fri,2024-07-26,July,7:40 PM,40500,Docklands,False,True
2024,2024,21,Home & Away,Not applicable,False,North Melbourne,Geelong,66,106,Geelong,40,Win,Sat,2024-07-27,July,1:45 PM,10045,Bellerive Oval,False,True
2024,2024,21,Home & Away,Not applicable,False,St Kilda,Essendon,108,55,St Kilda,53,Win,Sat,2024-07-27,July,4:35 PM,39761,Docklands,False,True
2024,2024,21,Home & Away,Not applicable,False,Gold Coast,Brisbane Lions,65,93,Brisbane Lions,28,Win,Sat,2024-07-27,July,4:35 PM,21043,Carrara,False,True
2024,2024,21,Home & Away,Not applicable,False,Melbourne,Greater Western Sydney,83,85,Greater Western Sydney,2,Win,Sat,2024-07-27,July,7:30 PM,16246,M.C.G.,False,True
2024,2024,21,Home & Away,Not applicable,False,Fremantle,West Coast,110,75,Fremantle,35,Win,Sat,2024-07-27,July,6:10 PM,56536,Perth Stadium,False,True
2024,2024,21,Home & Away,Not applicable,False,Collingwood,Richmond,93,67,Collingwood,26,Win,Sun,2024-07-28,July,1:10 PM,58342,M.C.G.,False,True
2024,2024,21,Home & Away,Not applicable,False,Sydney,Western Bulldogs,48,87,Western Bulldogs,39,Win,Sun,2024-07-28,July,3:20 PM,36028,S.C.G.,False,True
2024,2024,21,Home & Away,Not applicable,False,Adelaide,Hawthorn,58,124,Hawthorn,66,Win,Sun,2024-07-28,July,3:40 PM,41823,Adelaide Oval,False,True
2024,2024,22,Home & Away,Not applicable,False,Western Bulldogs,Melbourne,110,59,Western Bulldogs,51,Win,Fri,2024-08-02,August,7:15 PM,33000,Docklands,False,True
2024,2024,22,Home & Away,Not applicable,False,West Coast,Gold Coast,97,87,West Coast,10,Win,Fri,2024-08-02,August,6:30 PM,38671,Perth Stadium,False,True
2024,2024,22,Home & Away,Not applicable,False,North Melbourne,Richmond,90,77,North Melbourne,13,Win,Sat,2024-08-03,August,1:45 PM,35861,Docklands,False,True
2024,2024,22,Home & Away,Not applicable,False,Geelong,Adelaide,90,85,Geelong,5,Win,Sat,2024-08-03,August,4:35 PM,28939,Kardinia Park,False,True
2024,2024,22,Home & Away,Not applicable,False,Port Adelaide,Sydney,148,36,Port Adelaide,112,Win,Sat,2024-08-03,August,7:00 PM,37501,Adelaide Oval,False,True
2024,2024,22,Home & Away,Not applicable,False,Collingwood,Carlton,84,81,Collingwood,3,Win,Sat,2024-08-03,August,7:30 PM,86879,M.C.G.,False,True
2024,2024,22,Home & Away,Not applicable,False,Greater Western Sydney,Hawthorn,84,82,Greater Western Sydney,2,Win,Sun,2024-08-04,August,1:10 PM,13268,Manuka Oval,False,True
2024,2024,22,Home & Away,Not applicable,False,Essendon,Fremantle,90,89,Essendon,1,Win,Sun,2024-08-04,August,3:20 PM,34381,M.C.G.,False,True
2024,2024,22,Home & Away,Not applicable,False,St Kilda,Brisbane Lions,39,124,Brisbane Lions,85,Win,Sun,2024-08-04,August,4:40 PM,23053,Docklands,False,True
2024,2024,23,Home & Away,Not applicable,False,Sydney,Collingwood,89,86,Sydney,3,Win,Fri,2024-08-09,August,7:40 PM,37854,S.C.G.,False,True
2024,2024,23,Home & Away,Not applicable,False,North Melbourne,West Coast,97,102,West Coast,5,Win,Sat,2024-08-10,August,1:45 PM,6619,Bellerive Oval,False,True
2024,2024,23,Home & Away,Not applicable,False,Brisbane Lions,Greater Western Sydney,64,82,Greater Western Sydney,18,Win,Sat,2024-08-10,August,1:45 PM,31364,Gabba,False,True
2024,2024,23,Home & Away,Not applicable,False,Fremantle,Geelong,62,73,Geelong,11,Win,Sat,2024-08-10,August,2:35 PM,50600,Perth Stadium,False,True
2024,2024,23,Home & Away,Not applicable,False,Essendon,Gold Coast,86,87,Gold Coast,1,Win,Sat,2024-08-10,August,7:30 PM,29401,Docklands,False,True
2024,2024,23,Home & Away,Not applicable,False,Melbourne,Port Adelaide,51,53,Port Adelaide,2,Win,Sat,2024-08-10,August,7:30 PM,17867,M.C.G.,False,True
2024,2024,23,Home & Away,Not applicable,False,Carlton,Hawthorn,38,112,Hawthorn,74,Win,Sun,2024-08-11,August,1:10 PM,84773,M.C.G.,False,True
2024,2024,23,Home & Away,Not applicable,False,Richmond,St Kilda,51,99,St Kilda,48,Win,Sun,2024-08-11,August,3:20 PM,21375,Docklands,False,True
2024,2024,23,Home & Away,Not applicable,False,Adelaide,Western Bulldogs,111,72,Adelaide,39,Win,Sun,2024-08-11,August,3:40 PM,39177,Adelaide Oval,False,True
2024,2024,24,Home & Away,Not applicable,False,Essendon,Sydney,59,98,Sydney,39,Win,Fri,2024-08-16,August,7:40 PM,33830,Docklands,False,True
2024,2024,24,Home & Away,Not applicable,False,Greater Western Sydney,Fremantle,101,92,Greater Western Sydney,9,Win,Sat,2024-08-17,August,1:45 PM,10801,Sydney Showground,False,True
2024,2024,24,Home & Away,Not applicable,False,Gold Coast,Melbourne,63,117,Melbourne,54,Win,Sat,2024-08-17,August,1:45 PM,13026,Carrara,False,True
2024,2024,24,Home & Away,Not applicable,False,Collingwood,Brisbane Lions,79,78,Collingwood,1,Win,Sat,2024-08-17,August,4:35 PM,61218,M.C.G.,False,True
2024,2024,24,Home & Away,Not applicable,False,Port Adelaide,Adelaide,80,58,Port Adelaide,22,Win,Sat,2024-08-17,August,7:00 PM,52459,Adelaide Oval,False,True
2024,2024,24,Home & Away,Not applicable,False,St Kilda,Geelong,107,89,St Kilda,18,Win,Sat,2024-08-17,August,7:30 PM,31945,Docklands,False,True
2024,2024,24,Home & Away,Not applicable,False,Western Bulldogs,North Melbourne,138,42,Western Bulldogs,96,Win,Sun,2024-08-18,August,1:10 PM,33182,Docklands,False,True
2024,2024,24,Home & Away,Not applicable,False,Hawthorn,Richmond,131,68,Hawthorn,63,Win,Sun,2024-08-18,August,3:20 PM,58231,M.C.G.,False,True
2024,2024,24,Home & Away,Not applicable,False,West Coast,Carlton,34,99,Carlton,65,Win,Sun,2024-08-18,August,2:40 PM,48455,Perth Stadium,False,True
2024,2024,25,Home & Away,Not applicable,False,Melbourne,Collingwood,57,103,Collingwood,46,Win,Fri,2024-08-23,August,7:40 PM,53957,M.C.G.,False,True
2024,2024,25,Home & Away,Not applicable,False,Hawthorn,North Melbourne,170,46,Hawthorn,124,Win,Sat,2024-08-24,August,12:30 PM,11392,York Park,False,True
2024,2024,25,Home & Away,Not applicable,False,Geelong,West Coast,168,75,Geelong,93,Win,Sat,2024-08-24,August,1:45 PM,32545,Kardinia Park,False,True
2024,2024,25,Home & Away,Not applicable,False,Richmond,Gold Coast,66,94,Gold Coast,28,Win,Sat,2024-08-24,August,3:20 PM,34557,M.C.G.,False,True
2024,2024,25,Home & Away,Not applicable,False,Brisbane Lions,Essendon,87,67,Brisbane Lions,20,Win,Sat,2024-08-24,August,7:30 PM,31663,Gabba,False,True
2024,2024,25,Home & Away,Not applicable,False,Sydney,Adelaide,121,90,Sydney,31,Win,Sat,2024-08-24,August,7:40 PM,36491,S.C.G.,False,True
2024,2024,25,Home & Away,Not applicable,False,Western Bulldogs,Greater Western Sydney,98,61,Western Bulldogs,37,Win,Sun,2024-08-25,August,12:30 PM,10224,Eureka Stadium,False,True
2024,2024,25,Home & Away,Not applicable,False,Carlton,St Kilda,74,76,St Kilda,2,Win,Sun,2024-08-25,August,3:20 PM,43843,Docklands,False,True
2024,2024,25,Home & Away,Not applicable,False,Fremantle,Port Adelaide,67,87,Port Adelaide,20,Win,Sun,2024-08-25,August,4:10 PM,45322,Perth Stadium,False,True
2024,2024,,Finals,Qualifying Final,True,Port Adelaide,Geelong,54,138,Geelong,84,Win,Thu,2024-09-05,September,7:10 PM,50342,Adelaide Oval,False,False
2024,2024,,Finals,Elimination Final,True,Western Bulldogs,Hawthorn,62,99,Hawthorn,37,Win,Fri,2024-09-06,September,7:40 PM,97828,M.C.G.,False,False
2024,2024,,Finals,Qualifying Final,True,Sydney,Greater Western Sydney,88,82,Sydney,6,Win,Sat,2024-09-07,September,3:20 PM,43189,S.C.G.,False,False
2024,2024,,Finals,Elimination Final,True,Brisbane Lions,Carlton,99,71,Brisbane Lions,28,Win,Sat,2024-09-07,September,7:30 PM,35660,Gabba,False,False
2024,2024,,Finals,Semi Final,True,Port Adelaide,Hawthorn,75,72,Port Adelaide,3,Win,Fri,2024-09-13,September,7:10 PM,51012,Adelaide Oval,False,False
2024,2024,,Finals,Semi Final,True,Greater Western Sydney,Brisbane Lions,100,105,Brisbane Lions,5,Win,Sat,2024-09-14,September,7:30 PM,18357,Sydney Showground,False,False
2024,2024,,Finals,Preliminary Final,True,Sydney,Port Adelaide,95,59,Sydney,36,Win,Fri,2024-09-20,September,7:40 PM,44053,S.C.G.,False,False
2024,2024,,Finals,Preliminary Final,True,Geelong,Brisbane Lions,85,95,Brisbane Lions,10,Win,Sat,2024-09-21,September,5:15 PM,93066,M.C.G.,False,False
2024,2024,,Finals,Grand Final,True,Sydney,Brisbane Lions,60,120,Brisbane Lions,60,Win,Sat,2024-09-28,September,2:30 PM,100013,M.C.G.,False,False
2025,2025,1,Home & Away,Not applicable,False,Sydney,Hawthorn,76,96,Hawthorn,20,Win,Fri,2025-03-07,March,7:40 PM,40310,S.C.G.,False,True
2025,2025,1,Home & Away,Not applicable,False,Greater Western Sydney,Collingwood,104,52,Greater Western Sydney,52,Win,Sun,2025-03-09,March,3:20 PM,19248,Sydney Showground,False,True
2025,2025,1,Home & Away,Not applicable,False,Brisbane Lions,Geelong,70,61,Brisbane Lions,9,Win,Sat,2025-03-29,March,6:35 PM,27966,Gabba,False,True
2025,2025,1,Home & Away,Not applicable,False,Gold Coast,Essendon,153,58,Gold Coast,95,Win,Wed,2025-08-27,August,7:20 PM,16768,Carrara,False,True
2025,2025,2,Home & Away,Not applicable,False,Richmond,Carlton,82,69,Richmond,13,Win,Thu,2025-03-13,March,7:30 PM,80009,M.C.G.,False,True
2025,2025,2,Home & Away,Not applicable,False,Hawthorn,Essendon,111,85,Hawthorn,26,Win,Fri,2025-03-14,March,7:40 PM,80735,M.C.G.,False,True
2025,2025,2,Home & Away,Not applicable,False,Geelong,Fremantle,147,69,Geelong,78,Win,Sat,2025-03-15,March,1:20 PM,25372,Kardinia Park,False,True
2025,2025,2,Home & Away,Not applicable,False,Sydney,Brisbane Lions,82,86,Brisbane Lions,4,Win,Sat,2025-03-15,March,4:15 PM,34906,S.C.G.,False,True
2025,2025,2,Home & Away,Not applicable,False,Collingwood,Port Adelaide,136,45,Collingwood,91,Win,Sat,2025-03-15,March,7:35 PM,63282,M.C.G.,False,True
2025,2025,2,Home & Away,Not applicable,False,Western Bulldogs,North Melbourne,113,97,Western Bulldogs,16,Win,Sat,2025-03-15,March,7:35 PM,34406,Docklands,False,True
2025,2025,2,Home & Away,Not applicable,False,Adelaide,St Kilda,135,72,Adelaide,63,Win,Sun,2025-03-16,March,12:05 PM,42985,Adelaide Oval,False,True
2025,2025,2,Home & Away,Not applicable,False,Melbourne,Greater Western Sydney,74,77,Greater Western Sydney,3,Win,Sun,2025-03-16,March,3:20 PM,23278,M.C.G.,False,True
2025,2025,2,Home & Away,Not applicable,False,West Coast,Gold Coast,49,136,Gold Coast,87,Win,Sun,2025-03-16,March,3:10 PM,46532,Perth Stadium,False,True
2025,2025,3,Home & Away,Not applicable,False,Carlton,Hawthorn,60,80,Hawthorn,20,Win,Thu,2025-03-20,March,7:30 PM,62735,M.C.G.,False,True
2025,2025,3,Home & Away,Not applicable,False,Western Bulldogs,Collingwood,70,76,Collingwood,6,Win,Fri,2025-03-21,March,7:40 PM,78027,M.C.G.,False,True
2025,2025,3,Home & Away,Not applicable,False,Essendon,Adelaide,100,161,Adelaide,61,Win,Sat,2025-03-22,March,1:20 PM,46688,M.C.G.,False,True
2025,2025,3,Home & Away,Not applicable,False,Port Adelaide,Richmond,140,68,Port Adelaide,72,Win,Sat,2025-03-22,March,3:45 PM,37342,Adelaide Oval,False,True
2025,2025,3,Home & Away,Not applicable,False,St Kilda,Geelong,98,91,St Kilda,7,Win,Sat,2025-03-22,March,7:35 PM,36663,Docklands,False,True
2025,2025,3,Home & Away,Not applicable,False,Brisbane Lions,West Coast,94,75,Brisbane Lions,19,Win,Sun,2025-03-23,March,12:10 PM,30012,Gabba,False,True
2025,2025,3,Home & Away,Not applicable,False,North Melbourne,Melbourne,125,66,North Melbourne,59,Win,Sun,2025-03-23,March,3:20 PM,28768,Docklands,False,True
2025,2025,3,Home & Away,Not applicable,False,Fremantle,Sydney,65,68,Sydney,3,Win,Sun,2025-03-23,March,3:10 PM,43882,Perth Stadium,False,True
2025,2025,4,Home & Away,Not applicable,False,Essendon,Port Adelaide,72,60,Essendon,12,Win,Thu,2025-03-27,March,7:30 PM,25114,Docklands,False,True
2025,2025,4,Home & Away,Not applicable,False,Carlton,Western Bulldogs,75,83,Western Bulldogs,8,Win,Fri,2025-03-28,March,7:40 PM,44894,Docklands,False,True
2025,2025,4,Home & Away,Not applicable,False,Melbourne,Gold Coast,62,120,Gold Coast,58,Win,Sat,2025-03-29,March,1:20 PM,24506,M.C.G.,False,True
2025,2025,4,Home & Away,Not applicable,False,St Kilda,Richmond,135,53,St Kilda,82,Win,Sat,2025-03-29,March,4:15 PM,41147,Docklands,False,True
2025,2025,4,Home & Away,Not applicable,False,Hawthorn,Greater Western Sydney,76,64,Hawthorn,12,Win,Sat,2025-03-29,March,7:35 PM,14021,York Park,False,True
2025,2025,4,Home & Away,Not applicable,False,Adelaide,North Melbourne,114,78,Adelaide,36,Win,Sun,2025-03-30,March,2:50 PM,46511,Adelaide Oval,False,True
2025,2025,4,Home & Away,Not applicable,False,West Coast,Fremantle,68,106,Fremantle,38,Win,Sun,2025-03-30,March,3:10 PM,53289,Perth Stadium,False,True
2025,2025,5,Home & Away,Not applicable,False,Collingwood,Carlton,63,46,Collingwood,17,Win,Thu,2025-04-03,April,7:30 PM,82058,M.C.G.,False,True
2025,2025,5,Home & Away,Not applicable,False,Geelong,Melbourne,85,46,Geelong,39,Win,Fri,2025-04-04,April,7:40 PM,30397,Kardinia Park,False,True
2025,2025,5,Home & Away,Not applicable,False,Gold Coast,Adelaide,91,90,Gold Coast,1,Win,Sat,2025-04-05,April,12:20 PM,16211,Carrara,False,True
2025,2025,5,Home & Away,Not applicable,False,Richmond,Brisbane Lions,90,118,Brisbane Lions,28,Win,Sat,2025-04-05,April,4:15 PM,42578,M.C.G.,False,True
2025,2025,5,Home & Away,Not applicable,False,North Melbourne,Sydney,52,117,Sydney,65,Win,Sat,2025-04-05,April,7:35 PM,31955,Docklands,False,True
2025,2025,5,Home & Away,Not applicable,False,Greater Western Sydney,West Coast,132,51,Greater Western Sydney,81,Win,Sun,2025-04-06,April,1:10 PM,9231,Sydney Showground,False,True
2025,2025,5,Home & Away,Not applicable,False,Port Adelaide,St Kilda,72,89,St Kilda,17,Win,Sun,2025-04-06,April,2:50 PM,34201,Adelaide Oval,False,True
2025,2025,5,Home & Away,Not applicable,False,Fremantle,Western Bulldogs,97,81,Fremantle,16,Win,Sun,2025-04-06,April,3:10 PM,41491,Perth Stadium,False,True
2025,2025,6,Home & Away,Not applicable,False,Adelaide,Geelong,100,119,Geelong,19,Win,Thu,2025-04-10,April,7:10 PM,50073,Adelaide Oval,False,True
2025,2025,6,Home & Away,Not applicable,False,Collingwood,Sydney,109,78,Collingwood,31,Win,Fri,2025-04-11,April,7:10 PM,47649,Adelaide Oval,False,True
2025,2025,6,Home & Away,Not applicable,False,North Melbourne,Gold Coast,89,141,Gold Coast,52,Win,Sat,2025-04-12,April,12:05 PM,9317,Barossa Park,False,True
2025,2025,6,Home & Away,Not applicable,False,Carlton,West Coast,121,50,Carlton,71,Win,Sat,2025-04-12,April,12:50 PM,41252,Adelaide Oval,False,True
2025,2025,6,Home & Away,Not applicable,False,Western Bulldogs,Brisbane Lions,97,118,Brisbane Lions,21,Win,Sat,2025-04-12,April,3:45 PM,9242,Norwood Oval,False,True
2025,2025,6,Home & Away,Not applicable,False,Melbourne,Essendon,57,96,Essendon,39,Win,Sat,2025-04-12,April,7:05 PM,45039,Adelaide Oval,False,True
2025,2025,6,Home & Away,Not applicable,False,Richmond,Fremantle,47,108,Fremantle,61,Win,Sun,2025-04-13,April,12:05 PM,10028,Barossa Park,False,True
2025,2025,6,Home & Away,Not applicable,False,St Kilda,Greater Western Sydney,82,110,Greater Western Sydney,28,Win,Sun,2025-04-13,April,2:50 PM,9235,Norwood Oval,False,True
2025,2025,6,Home & Away,Not applicable,False,Port Adelaide,Hawthorn,121,91,Port Adelaide,30,Win,Sun,2025-04-13,April,6:50 PM,47671,Adelaide Oval,False,True
2025,2025,7,Home & Away,Not applicable,False,Brisbane Lions,Collingwood,53,105,Collingwood,52,Win,Thu,2025-04-17,April,7:30 PM,34802,Gabba,False,True
2025,2025,7,Home & Away,Not applicable,False,North Melbourne,Carlton,71,153,Carlton,82,Win,Fri,2025-04-18,April,3:20 PM,46373,Docklands,False,True
2025,2025,7,Home & Away,Not applicable,False,West Coast,Essendon,75,77,Essendon,2,Win,Fri,2025-04-18,April,4:10 PM,46080,Perth Stadium,False,True
2025,2025,7,Home & Away,Not applicable,False,Melbourne,Fremantle,107,97,Melbourne,10,Win,Sat,2025-04-19,April,1:20 PM,25202,M.C.G.,False,True
2025,2025,7,Home & Away,Not applicable,False,Adelaide,Greater Western Sydney,52,34,Adelaide,18,Win,Sat,2025-04-19,April,3:45 PM,40062,Adelaide Oval,False,True
2025,2025,7,Home & Away,Not applicable,False,Richmond,Gold Coast,80,69,Richmond,11,Win,Sat,2025-04-19,April,7:35 PM,18423,Docklands,False,True
2025,2025,7,Home & Away,Not applicable,False,Sydney,Port Adelaide,77,85,Port Adelaide,8,Win,Sun,2025-04-20,April,3:20 PM,36636,S.C.G.,False,True
2025,2025,7,Home & Away,Not applicable,False,Western Bulldogs,St Kilda,127,56,Western Bulldogs,71,Win,Sun,2025-04-20,April,7:20 PM,35511,Docklands,False,True
2025,2025,7,Home & Away,Not applicable,False,Geelong,Hawthorn,86,79,Geelong,7,Win,Mon,2025-04-21,April,3:20 PM,88746,M.C.G.,False,True
2025,2025,8,Home & Away,Not applicable,False,Melbourne,Richmond,83,63,Melbourne,20,Win,Thu,2025-04-24,April,7:30 PM,71635,M.C.G.,False,True
2025,2025,8,Home & Away,Not applicable,False,Collingwood,Essendon,107,66,Collingwood,41,Win,Fri,2025-04-25,April,3:20 PM,92044,M.C.G.,False,True
2025,2025,8,Home & Away,Not applicable,False,Fremantle,Adelaide,85,67,Fremantle,18,Win,Fri,2025-04-25,April,6:10 PM,53048,Perth Stadium,False,True
2025,2025,8,Home & Away,Not applicable,False,St Kilda,Brisbane Lions,73,118,Brisbane Lions,45,Win,Sat,2025-04-26,April,1:20 PM,29901,Docklands,False,True
2025,2025,8,Home & Away,Not applicable,False,Port Adelaide,North Melbourne,97,88,Port Adelaide,9,Win,Sat,2025-04-26,April,3:45 PM,35004,Adelaide Oval,False,True
2025,2025,8,Home & Away,Not applicable,False,Greater Western Sydney,Western Bulldogs,81,113,Western Bulldogs,32,Win,Sat,2025-04-26,April,7:35 PM,12234,Manuka Oval,False,True
2025,2025,8,Home & Away,Not applicable,False,Gold Coast,Sydney,117,79,Gold Coast,38,Win,Sun,2025-04-27,April,1:15 PM,18034,Carrara,False,True
2025,2025,8,Home & Away,Not applicable,False,Carlton,Geelong,94,76,Carlton,18,Win,Sun,2025-04-27,April,3:20 PM,67658,M.C.G.,False,True
2025,2025,8,Home & Away,Not applicable,False,Hawthorn,West Coast,124,74,Hawthorn,50,Win,Sun,2025-04-27,April,4:45 PM,26425,Docklands,False,True
2025,2025,9,Home & Away,Not applicable,False,Essendon,North Melbourne,65,62,Essendon,3,Win,Thu,2025-05-01,May,7:30 PM,35439,Docklands,False,True
2025,2025,9,Home & Away,Not applicable,False,St Kilda,Fremantle,94,33,St Kilda,61,Win,Fri,2025-05-02,May,7:40 PM,20522,Docklands,False,True
2025,2025,9,Home & Away,Not applicable,False,Western Bulldogs,Port Adelaide,131,41,Western Bulldogs,90,Win,Sat,2025-05-03,May,1:20 PM,4814,Eureka Stadium,False,True
2025,2025,9,Home & Away,Not applicable,False,Adelaide,Carlton,110,50,Adelaide,60,Win,Sat,2025-05-03,May,3:45 PM,46057,Adelaide Oval,False,True
2025,2025,9,Home & Away,Not applicable,False,West Coast,Melbourne,76,108,Melbourne,32,Win,Sat,2025-05-03,May,5:35 PM,41991,Perth Stadium,False,True
2025,2025,9,Home & Away,Not applicable,False,Collingwood,Geelong,87,90,Geelong,3,Win,Sat,2025-05-03,May,7:35 PM,82514,M.C.G.,False,True
2025,2025,9,Home & Away,Not applicable,False,Sydney,Greater Western Sydney,87,73,Sydney,14,Win,Sun,2025-05-04,May,1:10 PM,39260,S.C.G.,False,True
2025,2025,9,Home & Away,Not applicable,False,Hawthorn,Richmond,109,44,Hawthorn,65,Win,Sun,2025-05-04,May,3:20 PM,62321,M.C.G.,False,True
2025,2025,9,Home & Away,Not applicable,False,Brisbane Lions,Gold Coast,66,49,Brisbane Lions,17,Win,Sun,2025-05-04,May,7:20 PM,33612,Gabba,False,True
2025,2025,10,Home & Away,Not applicable,False,Fremantle,Collingwood,83,97,Collingwood,14,Win,Thu,2025-05-08,May,6:10 PM,47780,Perth Stadium,False,True
2025,2025,10,Home & Away,Not applicable,False,St Kilda,Carlton,62,77,Carlton,15,Win,Fri,2025-05-09,May,7:40 PM,65680,M.C.G.,False,True
2025,2025,10,Home & Away,Not applicable,False,Melbourne,Hawthorn,56,91,Hawthorn,35,Win,Sat,2025-05-10,May,1:20 PM,50351,M.C.G.,False,True
2025,2025,10,Home & Away,Not applicable,False,Essendon,Sydney,71,63,Essendon,8,Win,Sat,2025-05-10,May,4:15 PM,43799,Docklands,False,True
2025,2025,10,Home & Away,Not applicable,False,Gold Coast,Western Bulldogs,106,96,Gold Coast,10,Win,Sat,2025-05-10,May,7:05 PM,9816,Marrara Oval,False,True
2025,2025,10,Home & Away,Not applicable,False,Port Adelaide,Adelaide,84,89,Adelaide,5,Win,Sat,2025-05-10,May,7:40 PM,53117,Adelaide Oval,False,True
2025,2025,10,Home & Away,Not applicable,False,Richmond,West Coast,81,79,Richmond,2,Win,Sun,2025-05-11,May,1:10 PM,29539,M.C.G.,False,True
2025,2025,10,Home & Away,Not applicable,False,Geelong,Greater Western Sydney,101,105,Greater Western Sydney,4,Win,Sun,2025-05-11,May,3:20 PM,28407,Kardinia Park,False,True
2025,2025,10,Home & Away,Not applicable,False,North Melbourne,Brisbane Lions,71,71,Draw,0,Draw,Sun,2025-05-11,May,4:40 PM,7395,Bellerive Oval,False,True
2025,2025,11,Home & Away,Not applicable,False,Gold Coast,Hawthorn,104,96,Gold Coast,8,Win,Thu,2025-05-15,May,7:00 PM,12314,Marrara Oval,False,True
2025,2025,11,Home & Away,Not applicable,False,Sydney,Carlton,78,62,Sydney,16,Win,Fri,2025-05-16,May,7:40 PM,39082,S.C.G.,False,True
2025,2025,11,Home & Away,Not applicable,False,Collingwood,Adelaide,78,68,Collingwood,10,Win,Sat,2025-05-17,May,1:20 PM,67697,M.C.G.,False,True
2025,2025,11,Home & Away,Not applicable,False,Port Adelaide,Geelong,39,115,Geelong,76,Win,Sat,2025-05-17,May,3:45 PM,35508,Adelaide Oval,False,True
2025,2025,11,Home & Away,Not applicable,False,Greater Western Sydney,Fremantle,61,95,Fremantle,34,Win,Sat,2025-05-17,May,4:15 PM,8092,Sydney Showground,False,True
2025,2025,11,Home & Away,Not applicable,False,Western Bulldogs,Essendon,127,36,Western Bulldogs,91,Win,Sat,2025-05-17,May,7:35 PM,47266,Docklands,False,True
2025,2025,11,Home & Away,Not applicable,False,Richmond,North Melbourne,74,78,North Melbourne,4,Win,Sun,2025-05-18,May,1:10 PM,54060,M.C.G.,False,True
2025,2025,11,Home & Away,Not applicable,False,Brisbane Lions,Melbourne,88,99,Melbourne,11,Win,Sun,2025-05-18,May,3:20 PM,30473,Gabba,False,True
2025,2025,11,Home & Away,Not applicable,False,West Coast,St Kilda,108,80,West Coast,28,Win,Sun,2025-05-18,May,2:40 PM,42860,Perth Stadium,False,True
2025,2025,12,Home & Away,Not applicable,False,Geelong,Western Bulldogs,127,113,Geelong,14,Win,Thu,2025-05-22,May,7:30 PM,32641,Kardinia Park,False,True
2025,2025,12,Home & Away,Not applicable,False,Essendon,Richmond,81,58,Essendon,23,Win,Fri,2025-05-23,May,7:40 PM,76051,M.C.G.,False,True
2025,2025,12,Home & Away,Not applicable,False,Carlton,Greater Western Sydney,82,110,Greater Western Sydney,28,Win,Sat,2025-05-24,May,12:35 PM,36468,Docklands,False,True
2025,2025,12,Home & Away,Not applicable,False,Hawthorn,Brisbane Lions,60,93,Brisbane Lions,33,Win,Sat,2025-05-24,May,4:15 PM,57919,M.C.G.,False,True
2025,2025,12,Home & Away,Not applicable,False,North Melbourne,Collingwood,63,108,Collingwood,45,Win,Sat,2025-05-24,May,7:35 PM,40479,Docklands,False,True
2025,2025,12,Home & Away,Not applicable,False,Fremantle,Port Adelaide,100,51,Fremantle,49,Win,Sat,2025-05-24,May,6:10 PM,40466,Perth Stadium,False,True
2025,2025,12,Home & Away,Not applicable,False,Adelaide,West Coast,128,62,Adelaide,66,Win,Sun,2025-05-25,May,12:40 PM,39271,Adelaide Oval,False,True
2025,2025,12,Home & Away,Not applicable,False,Melbourne,Sydney,131,78,Melbourne,53,Win,Sun,2025-05-25,May,3:20 PM,38520,M.C.G.,False,True
2025,2025,12,Home & Away,Not applicable,False,St Kilda,Gold Coast,61,80,Gold Coast,19,Win,Sun,2025-05-25,May,4:40 PM,13486,Docklands,False,True
2025,2025,13,Home & Away,Not applicable,False,Brisbane Lions,Essendon,90,72,Brisbane Lions,18,Win,Thu,2025-05-29,May,7:30 PM,26441,Gabba,False,True
2025,2025,13,Home & Away,Not applicable,False,Collingwood,Hawthorn,107,56,Collingwood,51,Win,Fri,2025-05-30,May,7:40 PM,83706,M.C.G.,False,True
2025,2025,13,Home & Away,Not applicable,False,Gold Coast,Fremantle,64,75,Fremantle,11,Win,Sat,2025-05-31,May,1:20 PM,11750,Carrara,False,True
2025,2025,13,Home & Away,Not applicable,False,Greater Western Sydney,Richmond,80,77,Greater Western Sydney,3,Win,Sat,2025-05-31,May,4:15 PM,9770,Sydney Showground,False,True
2025,2025,13,Home & Away,Not applicable,False,Sydney,Adelaide,41,131,Adelaide,90,Win,Sat,2025-05-31,May,7:35 PM,35229,S.C.G.,False,True
2025,2025,13,Home & Away,Not applicable,False,Melbourne,St Kilda,63,91,St Kilda,28,Win,Sun,2025-06-01,June,2:50 PM,6721,Traeger Park,False,True
2025,2025,13,Home & Away,Not applicable,False,West Coast,Geelong,73,116,Geelong,43,Win,Sun,2025-06-01,June,5:20 PM,42501,Perth Stadium,False,True
2025,2025,14,Home & Away,Not applicable,False,Western Bulldogs,Hawthorn,59,81,Hawthorn,22,Win,Thu,2025-06-05,June,7:30 PM,35725,Docklands,False,True
2025,2025,14,Home & Away,Not applicable,False,Adelaide,Brisbane Lions,68,63,Adelaide,5,Win,Fri,2025-06-06,June,7:10 PM,42921,Adelaide Oval,False,True
2025,2025,14,Home & Away,Not applicable,False,Richmond,Sydney,36,80,Sydney,44,Win,Sat,2025-06-07,June,1:20 PM,41452,M.C.G.,False,True
2025,2025,14,Home & Away,Not applicable,False,Geelong,Gold Coast,61,37,Geelong,24,Win,Sat,2025-06-07,June,4:15 PM,29502,Kardinia Park,False,True
2025,2025,14,Home & Away,Not applicable,False,Greater Western Sydney,Port Adelaide,50,66,Port Adelaide,16,Win,Sat,2025-06-07,June,7:35 PM,9005,Manuka Oval,False,True
2025,2025,14,Home & Away,Not applicable,False,North Melbourne,West Coast,62,52,North Melbourne,10,Win,Sun,2025-06-08,June,1:20 PM,12715,Hands Oval,False,True
2025,2025,14,Home & Away,Not applicable,False,Carlton,Essendon,78,70,Carlton,8,Win,Sun,2025-06-08,June,7:20 PM,74280,M.C.G.,False,True
2025,2025,14,Home & Away,Not applicable,False,Melbourne,Collingwood,71,72,Collingwood,1,Win,Mon,2025-06-09,June,3:20 PM,77761,M.C.G.,False,True
2025,2025,15,Home & Away,Not applicable,False,St Kilda,Western Bulldogs,60,132,Western Bulldogs,72,Win,Thu,2025-06-12,June,7:30 PM,20508,Docklands,False,True
2025,2025,15,Home & Away,Not applicable,False,Hawthorn,Adelaide,47,44,Hawthorn,3,Win,Fri,2025-06-13,June,7:40 PM,15129,York Park,False,True
2025,2025,15,Home & Away,Not applicable,False,Brisbane Lions,Greater Western Sydney,96,107,Greater Western Sydney,11,Win,Sat,2025-06-14,June,1:20 PM,30711,Gabba,False,True
2025,2025,15,Home & Away,Not applicable,False,Essendon,Geelong,56,151,Geelong,95,Win,Sat,2025-06-14,June,4:15 PM,61643,M.C.G.,False,True
2025,2025,15,Home & Away,Not applicable,False,North Melbourne,Fremantle,67,73,Fremantle,6,Win,Sat,2025-06-14,June,5:35 PM,31408,Perth Stadium,False,True
2025,2025,15,Home & Away,Not applicable,False,Port Adelaide,Melbourne,93,68,Port Adelaide,25,Win,Sun,2025-06-15,June,2:50 PM,30144,Adelaide Oval,False,True
2025,2025,15,Home & Away,Not applicable,False,West Coast,Carlton,52,86,Carlton,34,Win,Sun,2025-06-15,June,4:10 PM,43803,Perth Stadium,False,True
2025,2025,16,Home & Away,Not applicable,False,Fremantle,Essendon,104,63,Fremantle,41,Win,Thu,2025-06-19,June,6:10 PM,37570,Perth Stadium,False,True
2025,2025,16,Home & Away,Not applicable,False,Geelong,Brisbane Lions,51,92,Brisbane Lions,41,Win,Fri,2025-06-20,June,7:40 PM,35367,Kardinia Park,False,True
2025,2025,16,Home & Away,Not applicable,False,Carlton,North Melbourne,73,84,North Melbourne,11,Win,Sat,2025-06-21,June,1:20 PM,56236,M.C.G.,False,True
2025,2025,16,Home & Away,Not applicable,False,Port Adelaide,Sydney,52,71,Sydney,19,Win,Sat,2025-06-21,June,3:45 PM,33576,Adelaide Oval,False,True
2025,2025,16,Home & Away,Not applicable,False,Collingwood,St Kilda,108,74,Collingwood,34,Win,Sat,2025-06-21,June,7:35 PM,43039,Docklands,False,True
2025,2025,16,Home & Away,Not applicable,False,Greater Western Sydney,Gold Coast,106,99,Greater Western Sydney,7,Win,Sun,2025-06-22,June,1:10 PM,10504,Sydney Showground,False,True
2025,2025,16,Home & Away,Not applicable,False,Western Bulldogs,Richmond,135,56,Western Bulldogs,79,Win,Sun,2025-06-22,June,3:20 PM,38280,Docklands,False,True
2025,2025,17,Home & Away,Not applicable,False,Port Adelaide,Carlton,110,60,Port Adelaide,50,Win,Thu,2025-06-26,June,7:00 PM,30381,Adelaide Oval,False,True
2025,2025,17,Home & Away,Not applicable,False,Sydney,Western Bulldogs,96,105,Western Bulldogs,9,Win,Fri,2025-06-27,June,7:40 PM,29246,S.C.G.,False,True
2025,2025,17,Home & Away,Not applicable,False,Gold Coast,Melbourne,104,85,Gold Coast,19,Win,Sat,2025-06-28,June,1:20 PM,13064,Carrara,False,True
2025,2025,17,Home & Away,Not applicable,False,Hawthorn,North Melbourne,150,65,Hawthorn,85,Win,Sat,2025-06-28,June,4:15 PM,13287,York Park,False,True
2025,2025,17,Home & Away,Not applicable,False,Collingwood,West Coast,88,59,Collingwood,29,Win,Sat,2025-06-28,June,7:35 PM,38126,Docklands,False,True
2025,2025,17,Home & Away,Not applicable,False,Richmond,Adelaide,54,122,Adelaide,68,Win,Sun,2025-06-29,June,3:15 PM,23231,M.C.G.,False,True
2025,2025,17,Home & Away,Not applicable,False,Fremantle,St Kilda,81,69,Fremantle,12,Win,Sun,2025-06-29,June,3:10 PM,41600,Perth Stadium,False,True
2025,2025,18,Home & Away,Not applicable,False,North Melbourne,Western Bulldogs,85,134,Western Bulldogs,49,Win,Thu,2025-07-03,July,7:30 PM,25009,Docklands,False,True
2025,2025,18,Home & Away,Not applicable,False,Carlton,Collingwood,59,115,Collingwood,56,Win,Fri,2025-07-04,July,7:20 PM,75827,M.C.G.,False,True
2025,2025,18,Home & Away,Not applicable,False,West Coast,Greater Western Sydney,52,111,Greater Western Sydney,59,Win,Fri,2025-07-04,July,6:20 PM,38152,Perth Stadium,False,True
2025,2025,18,Home & Away,Not applicable,False,Essendon,Gold Coast,74,115,Gold Coast,41,Win,Sat,2025-07-05,July,12:35 PM,29672,Docklands,False,True
2025,2025,18,Home & Away,Not applicable,False,Geelong,Richmond,124,52,Geelong,72,Win,Sat,2025-07-05,July,4:15 PM,31060,Kardinia Park,False,True
2025,2025,18,Home & Away,Not applicable,False,Brisbane Lions,Port Adelaide,120,92,Brisbane Lions,28,Win,Sat,2025-07-05,July,7:35 PM,30017,Gabba,False,True
2025,2025,18,Home & Away,Not applicable,False,St Kilda,Hawthorn,74,94,Hawthorn,20,Win,Sat,2025-07-05,July,7:40 PM,36035,Docklands,False,True
2025,2025,18,Home & Away,Not applicable,False,Sydney,Fremantle,94,83,Sydney,11,Win,Sun,2025-07-06,July,1:10 PM,32007,S.C.G.,False,True
2025,2025,18,Home & Away,Not applicable,False,Adelaide,Melbourne,90,77,Adelaide,13,Win,Sun,2025-07-06,July,2:45 PM,43306,Adelaide Oval,False,True
2025,2025,19,Home & Away,Not applicable,False,Carlton,Brisbane Lions,66,103,Brisbane Lions,37,Win,Thu,2025-07-10,July,7:30 PM,32898,Docklands,False,True
2025,2025,19,Home & Away,Not applicable,False,Gold Coast,Collingwood,69,63,Gold Coast,6,Win,Fri,2025-07-11,July,7:40 PM,22831,Carrara,False,True
2025,2025,19,Home & Away,Not applicable,False,Western Bulldogs,Adelaide,98,109,Adelaide,11,Win,Sat,2025-07-12,July,1:20 PM,41198,Docklands,False,True
2025,2025,19,Home & Away,Not applicable,False,Greater Western Sydney,Geelong,111,85,Greater Western Sydney,26,Win,Sat,2025-07-12,July,4:15 PM,13349,Sydney Showground,False,True
2025,2025,19,Home & Away,Not applicable,False,Richmond,Essendon,46,37,Richmond,9,Win,Sat,2025-07-12,July,7:35 PM,52125,M.C.G.,False,True
2025,2025,19,Home & Away,Not applicable,False,Fremantle,Hawthorn,77,64,Fremantle,13,Win,Sat,2025-07-12,July,6:10 PM,49460,Perth Stadium,False,True
2025,2025,19,Home & Away,Not applicable,False,Melbourne,North Melbourne,119,83,Melbourne,36,Win,Sun,2025-07-13,July,1:10 PM,35844,M.C.G.,False,True
2025,2025,19,Home & Away,Not applicable,False,St Kilda,Sydney,87,92,Sydney,5,Win,Sun,2025-07-13,July,3:15 PM,29589,Docklands,False,True
2025,2025,19,Home & Away,Not applicable,False,Port Adelaide,West Coast,87,61,Port Adelaide,26,Win,Sun,2025-07-13,July,4:10 PM,30553,Adelaide Oval,False,True
2025,2025,20,Home & Away,Not applicable,False,Essendon,Greater Western Sydney,56,104,Greater Western Sydney,48,Win,Thu,2025-07-17,July,7:30 PM,20347,Docklands,False,True
2025,2025,20,Home & Away,Not applicable,False,Brisbane Lions,Western Bulldogs,86,76,Brisbane Lions,10,Win,Fri,2025-07-18,July,7:40 PM,29039,Gabba,False,True
2025,2025,20,Home & Away,Not applicable,False,Hawthorn,Port Adelaide,87,49,Hawthorn,38,Win,Sat,2025-07-19,July,1:20 PM,12772,York Park,False,True
2025,2025,20,Home & Away,Not applicable,False,Sydney,North Melbourne,84,53,Sydney,31,Win,Sat,2025-07-19,July,4:15 PM,31909,S.C.G.,False,True
2025,2025,20,Home & Away,Not applicable,False,Carlton,Melbourne,78,70,Carlton,8,Win,Sat,2025-07-19,July,7:35 PM,40869,M.C.G.,False,True
2025,2025,20,Home & Away,Not applicable,False,West Coast,Richmond,56,105,Richmond,49,Win,Sat,2025-07-19,July,6:10 PM,44252,Perth Stadium,False,True
2025,2025,20,Home & Away,Not applicable,False,Geelong,St Kilda,113,82,Geelong,31,Win,Sun,2025-07-20,July,1:10 PM,29985,Kardinia Park,False,True
2025,2025,20,Home & Away,Not applicable,False,Collingwood,Fremantle,78,79,Fremantle,1,Win,Sun,2025-07-20,July,3:15 PM,62198,M.C.G.,False,True
2025,2025,20,Home & Away,Not applicable,False,Adelaide,Gold Coast,107,46,Adelaide,61,Win,Sun,2025-07-20,July,4:10 PM,44249,Adelaide Oval,False,True
2025,2025,21,Home & Away,Not applicable,False,Hawthorn,Carlton,85,61,Hawthorn,24,Win,Thu,2025-07-24,July,7:30 PM,51271,M.C.G.,False,True
2025,2025,21,Home & Away,Not applicable,False,Essendon,Western Bulldogs,50,143,Western Bulldogs,93,Win,Fri,2025-07-25,July,7:20 PM,29367,Docklands,False,True
2025,2025,21,Home & Away,Not applicable,False,Greater Western Sydney,Sydney,102,58,Greater Western Sydney,44,Win,Fri,2025-07-25,July,7:50 PM,18536,Sydney Showground,False,True
2025,2025,21,Home & Away,Not applicable,False,Gold Coast,Brisbane Lions,130,64,Gold Coast,66,Win,Sat,2025-07-26,July,1:20 PM,20833,Carrara,False,True
2025,2025,21,Home & Away,Not applicable,False,Fremantle,West Coast,126,77,Fremantle,49,Win,Sat,2025-07-26,July,2:15 PM,54384,Perth Stadium,False,True
2025,2025,21,Home & Away,Not applicable,False,North Melbourne,Geelong,49,150,Geelong,101,Win,Sat,2025-07-26,July,7:35 PM,25445,Docklands,False,True
2025,2025,21,Home & Away,Not applicable,False,Adelaide,Port Adelaide,133,35,Adelaide,98,Win,Sat,2025-07-26,July,7:40 PM,46018,Adelaide Oval,False,True
2025,2025,21,Home & Away,Not applicable,False,Richmond,Collingwood,57,93,Collingwood,36,Win,Sun,2025-07-27,July,2:10 PM,59454,M.C.G.,False,True
2025,2025,21,Home & Away,Not applicable,False,St Kilda,Melbourne,96,90,St Kilda,6,Win,Sun,2025-07-27,July,3:15 PM,22570,Docklands,False,True
2025,2025,22,Home & Away,Not applicable,False,Western Bulldogs,Greater Western Sydney,132,44,Western Bulldogs,88,Win,Thu,2025-07-31,July,7:30 PM,23898,Docklands,False,True
2025,2025,22,Home & Away,Not applicable,False,Adelaide,Hawthorn,101,87,Adelaide,14,Win,Fri,2025-08-01,August,7:10 PM,50654,Adelaide Oval,False,True
2025,2025,22,Home & Away,Not applicable,False,Melbourne,West Coast,139,56,Melbourne,83,Win,Sat,2025-08-02,August,1:20 PM,16394,Docklands,False,True
2025,2025,22,Home & Away,Not applicable,False,Gold Coast,Richmond,107,23,Gold Coast,84,Win,Sat,2025-08-02,August,4:10 PM,14841,Carrara,False,True
2025,2025,22,Home & Away,Not applicable,False,Sydney,Essendon,68,54,Sydney,14,Win,Sat,2025-08-02,August,4:15 PM,20805,S.C.G.,False,True
2025,2025,22,Home & Away,Not applicable,False,Collingwood,Brisbane Lions,65,92,Brisbane Lions,27,Win,Sat,2025-08-02,August,7:35 PM,82326,M.C.G.,False,True
2025,2025,22,Home & Away,Not applicable,False,St Kilda,North Melbourne,78,69,St Kilda,9,Win,Sun,2025-08-03,August,1:40 PM,31978,Docklands,False,True
2025,2025,22,Home & Away,Not applicable,False,Geelong,Port Adelaide,153,65,Geelong,88,Win,Sun,2025-08-03,August,3:15 PM,28064,Kardinia Park,False,True
2025,2025,22,Home & Away,Not applicable,False,Fremantle,Carlton,94,67,Fremantle,27,Win,Sun,2025-08-03,August,3:10 PM,39358,Perth Stadium,False,True
2025,2025,23,Home & Away,Not applicable,False,Hawthorn,Collingwood,110,46,Hawthorn,64,Win,Thu,2025-08-07,August,7:30 PM,68515,M.C.G.,False,True
2025,2025,23,Home & Away,Not applicable,False,Geelong,Essendon,109,65,Geelong,44,Win,Fri,2025-08-08,August,7:40 PM,30289,Kardinia Park,False,True
2025,2025,23,Home & Away,Not applicable,False,Richmond,St Kilda,52,56,St Kilda,4,Win,Sat,2025-08-09,August,1:20 PM,41395,M.C.G.,False,True
2025,2025,23,Home & Away,Not applicable,False,Brisbane Lions,Sydney,90,92,Sydney,2,Win,Sat,2025-08-09,August,4:15 PM,31424,Gabba,False,True
2025,2025,23,Home & Away,Not applicable,False,Carlton,Gold Coast,74,93,Gold Coast,19,Win,Sat,2025-08-09,August,7:35 PM,24120,Docklands,False,True
2025,2025,23,Home & Away,Not applicable,False,Port Adelaide,Fremantle,86,92,Fremantle,6,Win,Sat,2025-08-09,August,7:40 PM,30390,Adelaide Oval,False,True
2025,2025,23,Home & Away,Not applicable,False,Greater Western Sydney,North Melbourne,133,79,Greater Western Sydney,54,Win,Sun,2025-08-10,August,1:40 PM,11753,Manuka Oval,False,True
2025,2025,23,Home & Away,Not applicable,False,Melbourne,Western Bulldogs,99,105,Western Bulldogs,6,Win,Sun,2025-08-10,August,3:15 PM,34733,M.C.G.,False,True
2025,2025,23,Home & Away,Not applicable,False,West Coast,Adelaide,78,87,Adelaide,9,Win,Sun,2025-08-10,August,3:10 PM,32845,Perth Stadium,False,True
2025,2025,24,Home & Away,Not applicable,False,Essendon,St Kilda,75,77,St Kilda,2,Win,Fri,2025-08-15,August,7:20 PM,31107,Docklands,False,True
2025,2025,24,Home & Away,Not applicable,False,Fremantle,Brisbane Lions,44,101,Brisbane Lions,57,Win,Fri,2025-08-15,August,6:35 PM,54302,Perth Stadium,False,True
2025,2025,24,Home & Away,Not applicable,False,Gold Coast,Greater Western Sydney,76,111,Greater Western Sydney,35,Win,Sat,2025-08-16,August,12:35 PM,16007,Carrara,False,True
2025,2025,24,Home & Away,Not applicable,False,Carlton,Port Adelaide,118,64,Carlton,54,Win,Sat,2025-08-16,August,1:20 PM,25020,Docklands,False,True
2025,2025,24,Home & Away,Not applicable,False,Hawthorn,Melbourne,92,56,Hawthorn,36,Win,Sat,2025-08-16,August,4:15 PM,53871,M.C.G.,False,True
2025,2025,24,Home & Away,Not applicable,False,Adelaide,Collingwood,59,56,Adelaide,3,Win,Sat,2025-08-16,August,7:05 PM,54283,Adelaide Oval,False,True
2025,2025,24,Home & Away,Not applicable,False,North Melbourne,Richmond,135,87,North Melbourne,48,Win,Sun,2025-08-17,August,1:10 PM,11176,Bellerive Oval,False,True
2025,2025,24,Home & Away,Not applicable,False,Sydney,Geelong,68,111,Geelong,43,Win,Sun,2025-08-17,August,3:15 PM,37656,S.C.G.,False,True
2025,2025,24,Home & Away,Not applicable,False,Western Bulldogs,West Coast,126,32,Western Bulldogs,94,Win,Sun,2025-08-17,August,4:40 PM,21207,Docklands,False,True
2025,2025,25,Home & Away,Not applicable,False,Essendon,Carlton,56,90,Carlton,34,Win,Thu,2025-08-21,August,7:30 PM,41150,M.C.G.,False,True
2025,2025,25,Home & Away,Not applicable,False,Collingwood,Melbourne,82,76,Collingwood,6,Win,Fri,2025-08-22,August,7:10 PM,60611,M.C.G.,False,True
2025,2025,25,Home & Away,Not applicable,False,Port Adelaide,Gold Coast,71,67,Port Adelaide,4,Win,Fri,2025-08-22,August,7:40 PM,40897,Adelaide Oval,False,True
2025,2025,25,Home & Away,Not applicable,False,North Melbourne,Adelaide,100,113,Adelaide,13,Win,Sat,2025-08-23,August,1:20 PM,17494,Docklands,False,True
2025,2025,25,Home & Away,Not applicable,False,Richmond,Geelong,64,103,Geelong,39,Win,Sat,2025-08-23,August,4:15 PM,46109,M.C.G.,False,True
2025,2025,25,Home & Away,Not applicable,False,West Coast,Sydney,51,118,Sydney,67,Win,Sat,2025-08-23,August,5:35 PM,36029,Perth Stadium,False,True
2025,2025,25,Home & Away,Not applicable,False,Greater Western Sydney,St Kilda,104,93,Greater Western Sydney,11,Win,Sun,2025-08-24,August,12:20 PM,10563,Sydney Showground,False,True
2025,2025,25,Home & Away,Not applicable,False,Western Bulldogs,Fremantle,97,112,Fremantle,15,Win,Sun,2025-08-24,August,3:15 PM,44069,Docklands,False,True
2025,2025,25,Home & Away,Not applicable,False,Brisbane Lions,Hawthorn,89,79,Brisbane Lions,10,Win,Sun,2025-08-24,August,7:20 PM,32086,Gabba,False,True
2025,2025,,Finals,Qualifying Final,True,Adelaide,Collingwood,55,79,Collingwood,24,Win,Thu,2025-09-04,September,7:10 PM,52187,Adelaide Oval,False,False
2025,2025,,Finals,Qualifying Final,True,Geelong,Brisbane Lions,112,74,Geelong,38,Win,Fri,2025-09-05,September,7:40 PM,86364,M.C.G.,False,False
2025,2025,,Finals,Elimination Final,True,Greater Western Sydney,Hawthorn,88,107,Hawthorn,19,Win,Sat,2025-09-06,September,3:15 PM,20634,Sydney Showground,False,False
2025,2025,,Finals,Elimination Final,True,Fremantle,Gold Coast,79,80,Gold Coast,1,Win,Sat,2025-09-06,September,5:35 PM,57507,Perth Stadium,False,False
2025,2025,,Finals,Semi Final,True,Adelaide,Hawthorn,67,101,Hawthorn,34,Win,Fri,2025-09-12,September,7:10 PM,52005,Adelaide Oval,False,False
2025,2025,,Finals,Semi Final,True,Brisbane Lions,Gold Coast,100,47,Brisbane Lions,53,Win,Sat,2025-09-13,September,7:35 PM,36628,Gabba,False,False
2025,2025,,Finals,Preliminary Final,True,Geelong,Hawthorn,115,85,Geelong,30,Win,Fri,2025-09-19,September,7:40 PM,99567,M.C.G.,False,False
2025,2025,,Finals,Preliminary Final,True,Collingwood,Brisbane Lions,71,100,Brisbane Lions,29,Win,Sat,2025-09-20,September,5:15 PM,96023,M.C.G.,False,False
2025,2025,,Finals,Grand Final,True,Geelong,Brisbane Lions,75,122,Brisbane Lions,47,Win,Sat,2025-09-27,September,2:30 PM,100022,M.C.G.,False,False
